status,symbol,action_type,ex_date,record_date,official_cash_div,loaded_cash_div,official_bonus,loaded_bonus,detail
MISSING_IN_PRODUCTION,000333.SZ,cash_dividend,2025-05-15,2025-05-14,3.0000,,0.0,,Official event not loaded in production corporate_actions.csv
MISSING_IN_PRODUCTION,000858.SZ,cash_dividend,2025-06-18,2025-06-17,4.6700,,0.0,,Official event not loaded in production corporate_actions.csv
MISSING_IN_PRODUCTION,600036.SH,cash_dividend,2025-07-10,2025-07-09,1.9720,,0.0,,Official event not loaded in production corporate_actions.csv
MISSING_IN_PRODUCTION,601288.SH,cash_dividend,2025-07-18,2025-07-17,0.2309,,0.0,,Official event not loaded in production corporate_actions.csv
MISSING_IN_PRODUCTION,601398.SH,cash_dividend,2025-07-16,2025-07-15,0.3064,,0.0,,Official event not loaded in production corporate_actions.csv
MISSING_IN_PRODUCTION,601939.SH,cash_dividend,2025-07-11,2025-07-10,0.4000,,0.0,,Official event not loaded in production corporate_actions.csv
MISSING_IN_PRODUCTION,601988.SH,cash_dividend,2025-07-17,2025-07-16,0.2364,,0.0,,Official event not loaded in production corporate_actions.csv
MATCHED,000001.SZ,cash_dividend,2025-10-15,2025-10-14,0.236,0.236,0.0,0.0,Verified 100% match with official register
MATCHED,000001.SZ,cash_dividend,2026-06-12,2026-06-11,0.36,0.36,0.0,0.0,Verified 100% match with official register
MATCHED,000001.SZ,cash_dividend,2026-09-24,2026-09-23,0.249,0.249,0.0,0.0,Verified 100% match with official register
MATCHED,000407.SZ,cash_dividend,2026-10-13,2026-10-12,0.015,0.015,0.0,0.0,Verified 100% match with official register
MATCHED,000422.SZ,cash_dividend,2026-10-09,2026-10-08,0.05,0.05,0.0,0.0,Verified 100% match with official register
MATCHED,000513.SZ,cash_dividend,2026-10-14,2026-10-13,1.02,1.02,0.0,0.0,Verified 100% match with official register
MATCHED,000581.SZ,cash_dividend,2026-10-14,2026-10-13,0.3,0.3,0.0,0.0,Verified 100% match with official register
MATCHED,000680.SZ,cash_dividend,2026-10-09,2026-10-08,0.1,0.1,0.0,0.0,Verified 100% match with official register
MATCHED,000739.SZ,cash_dividend,2026-10-08,2026-09-30,0.139,0.139,0.0,0.0,Verified 100% match with official register
MATCHED,000776.SZ,cash_dividend,2026-10-14,2026-10-13,0.25,0.25,0.0,0.0,Verified 100% match with official register
MATCHED,000795.SZ,cash_dividend,2026-10-12,2026-10-09,0.047,0.047,0.0,0.0,Verified 100% match with official register
MATCHED,000830.SZ,cash_dividend,2026-10-13,2026-10-12,0.1,0.1,0.0,0.0,Verified 100% match with official register
MATCHED,001207.SZ,cash_dividend,2026-10-09,2026-10-08,0.3,0.3,0.0,0.0,Verified 100% match with official register
MATCHED,001309.SZ,bonus_shares,2026-10-13,2026-10-12,1.5,1.5,0.0,0.0,Verified 100% match with official register
MATCHED,002023.SZ,cash_dividend,2026-10-08,2026-09-30,0.065,0.065,0.0,0.0,Verified 100% match with official register
MATCHED,002050.SZ,cash_dividend,2026-09-30,2026-09-29,0.12,0.12,0.0,0.0,Verified 100% match with official register
MATCHED,002056.SZ,cash_dividend,2026-10-12,2026-10-09,0.23,0.23,0.0,0.0,Verified 100% match with official register
MATCHED,002286.SZ,cash_dividend,2026-10-14,2026-10-13,0.03,0.03,0.0,0.0,Verified 100% match with official register
MATCHED,002312.SZ,cash_dividend,2026-10-14,2026-10-13,0.05,0.05,0.0,0.0,Verified 100% match with official register
MATCHED,002363.SZ,cash_dividend,2026-10-12,2026-10-09,0.03,0.03,0.0,0.0,Verified 100% match with official register
MATCHED,002472.SZ,cash_dividend,2026-10-14,2026-10-13,0.12,0.12,0.0,0.0,Verified 100% match with official register
MATCHED,002508.SZ,cash_dividend,2026-10-14,2026-10-13,0.5,0.5,0.0,0.0,Verified 100% match with official register
MATCHED,002540.SZ,cash_dividend,2026-10-12,2026-10-09,0.04,0.04,0.0,0.0,Verified 100% match with official register
MATCHED,002772.SZ,cash_dividend,2026-10-14,2026-10-13,0.15,0.15,0.0,0.0,Verified 100% match with official register
MATCHED,003027.SZ,cash_dividend,2026-10-08,2026-09-30,0.1,0.1,0.0,0.0,Verified 100% match with official register
MATCHED,300226.SZ,cash_dividend,2026-10-14,2026-10-13,0.05,0.05,0.0,0.0,Verified 100% match with official register
MATCHED,300308.SZ,cash_dividend,2026-10-12,2026-10-09,1.2,1.2,0.0,0.0,Verified 100% match with official register
MATCHED,300470.SZ,cash_dividend,2026-10-13,2026-10-12,0.5,0.5,0.0,0.0,Verified 100% match with official register
MATCHED,300562.SZ,cash_dividend,2026-10-15,2026-10-14,0.13,0.13,0.0,0.0,Verified 100% match with official register
MATCHED,300580.SZ,cash_dividend,2026-10-14,2026-10-13,0.03,0.03,0.0,0.0,Verified 100% match with official register
MATCHED,300590.SZ,cash_dividend,2026-10-12,2026-10-09,0.1,0.1,0.0,0.0,Verified 100% match with official register
MATCHED,300748.SZ,cash_dividend,2026-10-13,2026-10-12,0.25,0.25,0.0,0.0,Verified 100% match with official register
MATCHED,300750.SZ,cash_dividend,2025-08-20,2025-08-19,1.007,1.007,0.0,0.0,Verified 100% match with official register
MATCHED,300750.SZ,cash_dividend,2026-04-22,2026-04-21,6.957,6.957,0.0,0.0,Verified 100% match with official register
MATCHED,300750.SZ,cash_dividend,2026-08-10,2026-08-07,1.411,1.411,0.0,0.0,Verified 100% match with official register
MATCHED,300770.SZ,cash_dividend,2026-09-30,2026-09-29,1.0,1.0,0.0,0.0,Verified 100% match with official register
MATCHED,300855.SZ,cash_dividend,2026-10-12,2026-10-09,0.15,0.15,0.0,0.0,Verified 100% match with official register
MATCHED,300919.SZ,cash_dividend,2026-10-09,2026-10-08,0.38,0.38,0.0,0.0,Verified 100% match with official register
MATCHED,300952.SZ,cash_dividend,2026-10-13,2026-10-12,0.06,0.06,0.0,0.0,Verified 100% match with official register
MATCHED,301028.SZ,cash_dividend,2026-10-13,2026-10-12,0.1,0.1,0.0,0.0,Verified 100% match with official register
MATCHED,301031.SZ,cash_dividend,2026-10-13,2026-10-12,0.047,0.047,0.0,0.0,Verified 100% match with official register
MATCHED,301256.SZ,cash_dividend,2026-10-12,2026-10-09,0.03,0.03,0.0,0.0,Verified 100% match with official register
MATCHED,600018.SH,cash_dividend,2026-10-15,2026-10-14,0.05,0.05,0.0,0.0,Verified 100% match with official register
MATCHED,600105.SH,cash_dividend,2026-10-14,2026-10-13,0.035,0.035,0.0,0.0,Verified 100% match with official register
MATCHED,600125.SH,cash_dividend,2026-10-13,2026-10-12,0.05,0.05,0.0,0.0,Verified 100% match with official register
MATCHED,600219.SH,cash_dividend,2026-10-15,2026-10-14,0.265,0.265,0.0,0.0,Verified 100% match with official register
MATCHED,600320.SH,cash_dividend,2026-10-14,2026-10-13,0.025,0.025,0.0,0.0,Verified 100% match with official register
MATCHED,600323.SH,cash_dividend,2026-10-12,2026-10-09,0.28,0.28,0.0,0.0,Verified 100% match with official register
MATCHED,600369.SH,cash_dividend,2026-10-14,2026-10-13,0.02,0.02,0.0,0.0,Verified 100% match with official register
MATCHED,600390.SH,cash_dividend,2026-10-15,2026-10-14,0.015,0.015,0.0,0.0,Verified 100% match with official register
MATCHED,600486.SH,cash_dividend,2026-09-30,2026-09-29,0.24,0.24,0.0,0.0,Verified 100% match with official register
MATCHED,600519.SH,cash_dividend,2024-06-19,2024-06-18,30.876,30.876,0.0,0.0,Verified 100% match with official register
MATCHED,600519.SH,cash_dividend,2024-12-20,2024-12-19,23.882,23.882,0.0,0.0,Verified 100% match with official register
MATCHED,600519.SH,cash_dividend,2025-06-26,2025-06-25,27.673,27.673,0.0,0.0,Verified 100% match with official register
MATCHED,600519.SH,cash_dividend,2025-12-19,2025-12-18,23.957,23.957,0.0,0.0,Verified 100% match with official register
MATCHED,600519.SH,cash_dividend,2026-06-26,2026-06-25,28.0242,28.0242,0.0,0.0,Verified 100% match with official register
MATCHED,600609.SH,cash_dividend,2026-10-13,2026-10-12,0.01,0.01,0.0,0.0,Verified 100% match with official register
MATCHED,600612.SH,cash_dividend,2026-10-14,2026-10-13,0.2,0.2,0.0,0.0,Verified 100% match with official register
MATCHED,601002.SH,cash_dividend,2026-10-15,2026-10-14,0.05,0.05,0.0,0.0,Verified 100% match with official register
MATCHED,601019.SH,cash_dividend,2026-10-13,2026-10-12,0.06,0.06,0.0,0.0,Verified 100% match with official register
MATCHED,601377.SH,cash_dividend,2026-10-15,2026-10-14,0.05,0.05,0.0,0.0,Verified 100% match with official register
MATCHED,601390.SH,cash_dividend,2026-10-08,2026-09-30,0.0637,0.0637,0.0,0.0,Verified 100% match with official register
MATCHED,601688.SH,cash_dividend,2026-10-23,2026-10-22,0.18,0.18,0.0,0.0,Verified 100% match with official register
MATCHED,603006.SH,cash_dividend,2026-10-09,2026-10-08,0.17,0.17,0.0,0.0,Verified 100% match with official register
MATCHED,603017.SH,cash_dividend,2026-10-12,2026-10-09,0.2,0.2,0.0,0.0,Verified 100% match with official register
MATCHED,603059.SH,cash_dividend,2026-10-15,2026-10-14,0.18,0.18,0.0,0.0,Verified 100% match with official register
MATCHED,603120.SH,cash_dividend,2026-10-13,2026-10-12,0.4,0.4,0.0,0.0,Verified 100% match with official register
MATCHED,603203.SH,cash_dividend,2026-10-13,2026-10-12,0.07,0.07,0.0,0.0,Verified 100% match with official register
MATCHED,603223.SH,cash_dividend,2026-09-30,2026-09-29,0.07,0.07,0.0,0.0,Verified 100% match with official register
MATCHED,603303.SH,cash_dividend,2026-10-09,2026-10-08,0.049,0.049,0.0,0.0,Verified 100% match with official register
MATCHED,603307.SH,cash_dividend,2026-10-09,2026-10-08,0.4,0.4,0.0,0.0,Verified 100% match with official register
MATCHED,603312.SH,cash_dividend,2026-10-12,2026-10-09,0.26,0.26,0.0,0.0,Verified 100% match with official register
MATCHED,603337.SH,cash_dividend,2026-10-09,2026-10-08,0.3,0.3,0.0,0.0,Verified 100% match with official register
MATCHED,603515.SH,cash_dividend,2026-09-30,2026-09-29,0.1,0.1,0.0,0.0,Verified 100% match with official register
MATCHED,603551.SH,cash_dividend,2026-10-12,2026-10-09,0.25,0.25,0.0,0.0,Verified 100% match with official register
MATCHED,603678.SH,cash_dividend,2026-10-13,2026-10-12,0.13,0.13,0.0,0.0,Verified 100% match with official register
MATCHED,603708.SH,cash_dividend,2026-10-13,2026-10-12,0.16,0.16,0.0,0.0,Verified 100% match with official register
MATCHED,603806.SH,cash_dividend,2026-10-14,2026-10-13,0.12,0.12,0.0,0.0,Verified 100% match with official register
MATCHED,603861.SH,cash_dividend,2026-10-15,2026-10-14,0.02,0.02,0.0,0.0,Verified 100% match with official register
MATCHED,603915.SH,cash_dividend,2026-10-12,2026-10-09,0.12,0.12,0.0,0.0,Verified 100% match with official register
MATCHED,603919.SH,cash_dividend,2026-10-13,2026-10-12,0.2,0.2,0.0,0.0,Verified 100% match with official register
MATCHED,605090.SH,cash_dividend,2026-10-12,2026-10-09,0.2,0.2,0.0,0.0,Verified 100% match with official register
MATCHED,605117.SH,cash_dividend,2026-10-14,2026-10-13,1.6,1.6,0.0,0.0,Verified 100% match with official register
MATCHED,605337.SH,cash_dividend,2026-10-08,2026-09-30,0.13,0.13,0.0,0.0,Verified 100% match with official register
MATCHED,688072.SH,cash_dividend,2026-10-12,2026-10-09,0.35,0.35,0.0,0.0,Verified 100% match with official register
MATCHED,688110.SH,bonus_shares,2026-10-12,2026-10-09,0.6,0.6,0.0,0.0,Verified 100% match with official register
MATCHED,688161.SH,cash_dividend,2026-10-13,2026-10-12,0.09,0.09,0.0,0.0,Verified 100% match with official register
MATCHED,688676.SH,cash_dividend,2026-10-08,2026-09-30,0.22,0.22,0.0,0.0,Verified 100% match with official register
MATCHED,920038.BJ,cash_dividend,2026-10-15,2026-10-14,0.5,0.5,0.0,0.0,Verified 100% match with official register
MATCHED,920112.BJ,cash_dividend,2026-10-13,2026-10-12,0.3,0.3,0.0,0.0,Verified 100% match with official register
MATCHED,920125.BJ,cash_dividend,2026-10-13,2026-10-12,0.3,0.3,0.0,0.0,Verified 100% match with official register
