date,active_symbols,active_raw_available,active_raw_coverage,raw_coverage_pct,market_tradable_symbols,tradable_raw_available,tradable_raw_coverage,sse_main_cov,star_cov,szse_main_cov,chinext_cov,bse_cov
2024-10-08,5350,5303,99.12%,99.12%,5315,5303,99.77%,98.58%,100.00%,99.26%,99.11%,100.00%
2024-10-09,5350,5303,99.12%,99.12%,5315,5303,99.77%,98.52%,100.00%,99.26%,99.19%,100.00%
2024-10-10,5350,5305,99.16%,99.16%,5315,5305,99.81%,98.64%,100.00%,99.26%,99.19%,100.00%
2024-10-11,5352,5306,99.14%,99.14%,5317,5306,99.79%,98.58%,100.00%,99.26%,99.19%,100.00%
2024-10-14,5352,5307,99.16%,99.16%,5317,5307,99.81%,98.58%,100.00%,99.26%,99.26%,100.00%
2024-10-15,5352,5308,99.18%,99.18%,5317,5308,99.83%,98.64%,100.00%,99.26%,99.26%,100.00%
2024-10-16,5353,5311,99.22%,99.22%,5318,5311,99.87%,98.70%,100.00%,99.33%,99.26%,100.00%
2024-10-17,5354,5314,99.25%,99.25%,5319,5314,99.91%,98.76%,100.00%,99.33%,99.34%,100.00%
2024-10-18,5353,5313,99.25%,99.25%,5319,5313,99.89%,98.76%,100.00%,99.33%,99.34%,100.00%
2024-10-21,5353,5313,99.25%,99.25%,5319,5313,99.89%,98.82%,100.00%,99.33%,99.26%,100.00%
2024-10-22,5353,5312,99.23%,99.23%,5319,5312,99.87%,98.82%,99.83%,99.33%,99.34%,99.60%
2024-10-23,5353,5309,99.18%,99.18%,5319,5309,99.81%,98.76%,99.65%,99.33%,99.26%,99.60%
2024-10-24,5355,5311,99.18%,99.18%,5321,5311,99.81%,98.82%,99.48%,99.33%,99.26%,99.60%
2024-10-25,5356,5311,99.16%,99.16%,5322,5311,99.79%,98.82%,99.48%,99.33%,99.19%,99.60%
2024-10-28,5356,5308,99.10%,99.10%,5322,5308,99.74%,98.70%,99.48%,99.26%,99.12%,100.00%
2024-10-29,5358,5310,99.10%,99.10%,5324,5310,99.74%,98.70%,99.31%,99.19%,99.26%,100.00%
2024-10-30,5358,5308,99.07%,99.07%,5324,5308,99.70%,98.64%,99.31%,99.12%,99.26%,100.00%
2024-10-31,5360,5312,99.10%,99.10%,5326,5312,99.74%,98.64%,99.48%,99.19%,99.26%,100.00%
2024-11-01,5360,5311,99.09%,99.09%,5326,5311,99.72%,98.76%,99.13%,99.06%,99.34%,100.00%
2024-11-04,5360,5312,99.10%,99.10%,5326,5312,99.74%,98.70%,99.31%,99.12%,99.34%,100.00%
2024-11-05,5360,5315,99.16%,99.16%,5326,5315,99.79%,98.76%,99.48%,99.19%,99.34%,100.00%
2024-11-06,5360,5316,99.18%,99.18%,5326,5316,99.81%,98.88%,99.48%,99.12%,99.34%,100.00%
2024-11-07,5362,5316,99.14%,99.14%,5328,5316,99.77%,98.88%,99.48%,99.06%,99.26%,100.00%
2024-11-08,5362,5318,99.18%,99.18%,5328,5318,99.81%,98.88%,99.48%,99.19%,99.26%,100.00%
2024-11-11,5363,5314,99.09%,99.09%,5329,5314,99.72%,98.82%,99.31%,98.99%,99.26%,100.00%
2024-11-12,5363,5315,99.10%,99.10%,5329,5315,99.74%,98.82%,99.31%,98.99%,99.34%,100.00%
2024-11-13,5363,5315,99.10%,99.10%,5329,5315,99.74%,98.76%,99.31%,99.06%,99.34%,100.00%
2024-11-14,5363,5316,99.12%,99.12%,5329,5316,99.76%,98.76%,99.65%,99.06%,99.26%,100.00%
2024-11-15,5363,5318,99.16%,99.16%,5329,5318,99.79%,98.88%,99.65%,99.12%,99.19%,100.00%
2024-11-18,5363,5316,99.12%,99.12%,5329,5316,99.76%,98.76%,99.83%,99.06%,99.19%,100.00%
2024-11-19,5364,5319,99.16%,99.16%,5330,5319,99.79%,98.76%,99.83%,99.06%,99.34%,100.00%
2024-11-20,5365,5321,99.18%,99.18%,5331,5321,99.81%,98.76%,99.83%,99.12%,99.34%,100.00%
2024-11-21,5365,5321,99.18%,99.18%,5331,5321,99.81%,98.70%,99.83%,99.19%,99.34%,100.00%
2024-11-22,5366,5323,99.20%,99.20%,5332,5323,99.83%,98.76%,99.83%,99.19%,99.34%,100.00%
2024-11-25,5366,5322,99.18%,99.18%,5332,5322,99.81%,98.76%,99.65%,99.19%,99.34%,100.00%
2024-11-26,5367,5323,99.18%,99.18%,5333,5323,99.81%,98.76%,99.83%,99.19%,99.34%,99.61%
2024-11-27,5367,5322,99.16%,99.16%,5333,5322,99.79%,98.76%,99.83%,99.12%,99.34%,99.61%
2024-11-28,5367,5320,99.12%,99.12%,5333,5320,99.76%,98.64%,99.83%,99.12%,99.34%,99.61%
2024-11-29,5369,5326,99.20%,99.20%,5335,5326,99.83%,98.82%,99.83%,99.12%,99.41%,99.61%
2024-12-02,5369,5324,99.16%,99.16%,5335,5324,99.79%,98.82%,99.83%,99.06%,99.34%,99.61%
2024-12-03,5369,5324,99.16%,99.16%,5335,5324,99.79%,98.76%,100.00%,99.06%,99.34%,99.61%
2024-12-04,5370,5324,99.14%,99.14%,5336,5324,99.78%,98.70%,100.00%,99.06%,99.34%,99.61%
2024-12-05,5372,5328,99.18%,99.18%,5338,5328,99.81%,98.82%,100.00%,99.06%,99.34%,99.61%
2024-12-06,5372,5326,99.14%,99.14%,5338,5326,99.78%,98.82%,99.83%,98.99%,99.34%,99.61%
2024-12-09,5372,5324,99.11%,99.11%,5338,5324,99.74%,98.82%,99.83%,98.99%,99.19%,99.61%
2024-12-10,5372,5327,99.16%,99.16%,5338,5327,99.79%,98.88%,99.83%,98.99%,99.27%,100.00%
2024-12-11,5373,5328,99.16%,99.16%,5339,5328,99.79%,98.88%,99.83%,99.06%,99.19%,100.00%
2024-12-12,5374,5329,99.16%,99.16%,5340,5329,99.79%,98.82%,99.83%,99.06%,99.27%,100.00%
2024-12-13,5374,5329,99.16%,99.16%,5340,5329,99.79%,98.76%,99.83%,99.12%,99.27%,100.00%
2024-12-16,5374,5333,99.24%,99.24%,5340,5333,99.87%,98.82%,99.83%,99.19%,99.41%,100.00%
2024-12-17,5374,5330,99.18%,99.18%,5340,5330,99.81%,98.70%,99.83%,99.12%,99.41%,100.00%
2024-12-18,5375,5332,99.20%,99.20%,5341,5332,99.83%,98.64%,100.00%,99.19%,99.41%,100.00%
2024-12-19,5375,5331,99.18%,99.18%,5341,5331,99.81%,98.64%,100.00%,99.19%,99.34%,100.00%
2024-12-20,5377,5335,99.22%,99.22%,5343,5335,99.85%,98.64%,100.00%,99.26%,99.41%,100.00%
2024-12-23,5377,5333,99.18%,99.18%,5343,5333,99.81%,98.70%,99.83%,99.12%,99.41%,100.00%
2024-12-24,5378,5333,99.16%,99.16%,5344,5333,99.79%,98.64%,99.83%,99.12%,99.41%,100.00%
2024-12-25,5378,5330,99.11%,99.11%,5344,5330,99.74%,98.46%,99.83%,99.12%,99.41%,100.00%
2024-12-26,5379,5335,99.18%,99.18%,5345,5335,99.81%,98.70%,99.83%,99.12%,99.41%,100.00%
2024-12-27,5379,5333,99.14%,99.14%,5345,5333,99.78%,98.70%,99.83%,98.99%,99.41%,100.00%
2024-12-30,5380,5330,99.07%,99.07%,5346,5330,99.70%,98.70%,99.83%,98.79%,99.34%,100.00%
2024-12-31,5380,5333,99.13%,99.13%,5346,5333,99.76%,98.82%,99.83%,98.85%,99.34%,100.00%
2025-01-02,5381,5332,99.09%,99.09%,5347,5332,99.72%,98.88%,99.66%,98.72%,99.34%,100.00%
2025-01-03,5383,5335,99.11%,99.11%,5349,5335,99.74%,98.88%,99.66%,98.79%,99.34%,100.00%
2025-01-06,5383,5334,99.09%,99.09%,5349,5334,99.72%,98.82%,99.83%,98.72%,99.34%,100.00%
2025-01-07,5383,5336,99.13%,99.13%,5349,5336,99.76%,98.76%,100.00%,98.79%,99.41%,100.00%
2025-01-08,5383,5336,99.13%,99.13%,5349,5336,99.76%,98.82%,99.83%,98.79%,99.41%,100.00%
2025-01-09,5383,5337,99.15%,99.15%,5349,5337,99.78%,98.82%,99.83%,98.85%,99.41%,100.00%
2025-01-10,5385,5338,99.13%,99.13%,5351,5338,99.76%,98.82%,99.83%,98.79%,99.41%,100.00%
2025-01-13,5385,5338,99.13%,99.13%,5351,5338,99.76%,98.76%,99.83%,98.85%,99.41%,100.00%
2025-01-14,5385,5341,99.18%,99.18%,5351,5341,99.81%,98.88%,99.66%,99.06%,99.34%,100.00%
2025-01-15,5387,5343,99.18%,99.18%,5353,5343,99.81%,98.94%,99.66%,99.06%,99.27%,100.00%
2025-01-16,5387,5343,99.18%,99.18%,5353,5343,99.81%,98.94%,99.48%,99.12%,99.27%,100.00%
2025-01-17,5387,5342,99.16%,99.16%,5353,5342,99.79%,98.88%,99.31%,99.19%,99.27%,100.00%
2025-01-20,5387,5341,99.15%,99.15%,5353,5341,99.78%,98.82%,99.31%,99.19%,99.27%,100.00%
2025-01-21,5387,5343,99.18%,99.18%,5353,5343,99.81%,98.82%,99.31%,99.26%,99.34%,100.00%
2025-01-22,5389,5347,99.22%,99.22%,5355,5347,99.85%,98.88%,99.49%,99.26%,99.34%,100.00%
2025-01-23,5390,5348,99.22%,99.22%,5356,5348,99.85%,98.94%,99.31%,99.26%,99.34%,100.00%
2025-01-24,5390,5345,99.17%,99.17%,5356,5345,99.79%,98.94%,99.14%,99.26%,99.20%,100.00%
2025-01-27,5392,5346,99.15%,99.15%,5358,5346,99.78%,98.94%,99.14%,99.26%,99.12%,100.00%
2025-02-05,5392,5348,99.18%,99.18%,5358,5348,99.81%,98.94%,99.32%,99.33%,99.12%,100.00%
2025-02-06,5392,5349,99.20%,99.20%,5358,5349,99.83%,98.88%,99.49%,99.33%,99.20%,100.00%
2025-02-07,5392,5349,99.20%,99.20%,5358,5349,99.83%,98.88%,99.49%,99.33%,99.20%,100.00%
2025-02-10,5392,5351,99.24%,99.24%,5358,5351,99.87%,98.94%,99.83%,99.26%,99.20%,100.00%
2025-02-11,5391,5350,99.24%,99.24%,5358,5350,99.85%,98.94%,99.66%,99.26%,99.27%,100.00%
2025-02-12,5391,5350,99.24%,99.24%,5358,5350,99.85%,98.94%,99.66%,99.26%,99.27%,100.00%
2025-02-13,5391,5351,99.26%,99.26%,5358,5351,99.87%,98.94%,99.83%,99.26%,99.27%,100.00%
2025-02-14,5391,5350,99.24%,99.24%,5358,5350,99.85%,98.88%,99.83%,99.26%,99.27%,100.00%
2025-02-17,5391,5354,99.31%,99.31%,5358,5354,99.93%,98.88%,100.00%,99.33%,99.42%,100.00%
2025-02-18,5391,5353,99.30%,99.30%,5358,5353,99.91%,98.82%,100.00%,99.33%,99.42%,100.00%
2025-02-19,5391,5353,99.30%,99.30%,5358,5353,99.91%,98.82%,100.00%,99.33%,99.42%,100.00%
2025-02-20,5391,5352,99.28%,99.28%,5358,5352,99.89%,98.82%,100.00%,99.26%,99.42%,100.00%
2025-02-21,5391,5354,99.31%,99.31%,5358,5354,99.93%,98.88%,100.00%,99.33%,99.42%,100.00%
2025-02-24,5391,5351,99.26%,99.26%,5358,5351,99.87%,98.82%,99.83%,99.33%,99.34%,100.00%
2025-02-25,5391,5349,99.22%,99.22%,5358,5349,99.83%,98.76%,99.83%,99.26%,99.34%,100.00%
2025-02-26,5391,5350,99.24%,99.24%,5358,5350,99.85%,98.76%,99.83%,99.26%,99.42%,100.00%
2025-02-27,5391,5348,99.20%,99.20%,5358,5348,99.81%,98.76%,99.49%,99.26%,99.42%,100.00%
2025-02-28,5391,5349,99.22%,99.22%,5358,5349,99.83%,98.82%,99.49%,99.26%,99.42%,100.00%
2025-03-03,5392,5347,99.17%,99.17%,5359,5347,99.78%,98.82%,99.32%,99.19%,99.34%,100.00%
2025-03-04,5394,5349,99.17%,99.17%,5361,5349,99.78%,98.82%,99.14%,99.26%,99.34%,100.00%
2025-03-05,5394,5348,99.15%,99.15%,5361,5348,99.76%,98.82%,99.14%,99.26%,99.27%,100.00%
2025-03-06,5393,5346,99.13%,99.13%,5360,5346,99.74%,98.88%,98.97%,99.26%,99.20%,100.00%
2025-03-07,5392,5347,99.17%,99.17%,5360,5347,99.76%,98.99%,98.97%,99.26%,99.20%,100.00%
2025-03-10,5392,5347,99.17%,99.17%,5360,5347,99.76%,98.99%,98.97%,99.33%,99.12%,100.00%
2025-03-11,5394,5350,99.18%,99.18%,5362,5350,99.78%,99.05%,99.14%,99.26%,99.12%,100.00%
2025-03-12,5394,5350,99.18%,99.18%,5362,5350,99.78%,99.05%,99.14%,99.26%,99.12%,100.00%
2025-03-13,5394,5351,99.20%,99.20%,5362,5351,99.79%,99.05%,99.49%,99.26%,99.05%,100.00%
2025-03-14,5394,5351,99.20%,99.20%,5362,5351,99.79%,99.05%,99.49%,99.26%,99.05%,100.00%
2025-03-17,5394,5351,99.20%,99.20%,5362,5351,99.79%,99.11%,99.49%,99.26%,98.98%,100.00%
2025-03-18,5395,5356,99.28%,99.28%,5363,5356,99.87%,99.11%,99.66%,99.39%,99.05%,100.00%
2025-03-19,5396,5352,99.18%,99.18%,5364,5352,99.78%,98.88%,99.66%,99.33%,99.05%,100.00%
2025-03-20,5397,5354,99.20%,99.20%,5365,5354,99.79%,98.88%,99.66%,99.33%,99.13%,100.00%
2025-03-21,5398,5355,99.20%,99.20%,5366,5355,99.80%,98.94%,99.66%,99.26%,99.13%,100.00%
2025-03-24,5398,5355,99.20%,99.20%,5367,5355,99.78%,98.94%,100.00%,99.26%,98.98%,100.00%
2025-03-25,5399,5358,99.24%,99.24%,5368,5358,99.81%,98.94%,100.00%,99.19%,99.20%,100.00%
2025-03-26,5399,5359,99.26%,99.26%,5368,5359,99.83%,98.94%,100.00%,99.26%,99.20%,100.00%
2025-03-27,5401,5361,99.26%,99.26%,5370,5361,99.83%,98.94%,99.83%,99.26%,99.27%,100.00%
2025-03-28,5402,5361,99.24%,99.24%,5371,5361,99.81%,98.94%,99.66%,99.19%,99.35%,100.00%
2025-03-31,5402,5363,99.28%,99.28%,5371,5363,99.85%,99.00%,99.66%,99.19%,99.42%,100.00%
2025-04-01,5402,5363,99.28%,99.28%,5371,5363,99.85%,99.00%,99.66%,99.19%,99.42%,100.00%
2025-04-02,5403,5365,99.30%,99.30%,5372,5365,99.87%,99.00%,99.66%,99.26%,99.42%,100.00%
2025-04-03,5403,5365,99.30%,99.30%,5372,5365,99.87%,99.00%,99.66%,99.26%,99.42%,100.00%
2025-04-07,5403,5363,99.26%,99.26%,5372,5363,99.83%,99.00%,99.49%,99.26%,99.35%,100.00%
2025-04-08,5404,5363,99.24%,99.24%,5373,5363,99.81%,99.00%,99.66%,99.26%,99.20%,100.00%
2025-04-09,5405,5366,99.28%,99.28%,5374,5366,99.85%,99.11%,99.66%,99.26%,99.20%,100.00%
2025-04-10,5405,5366,99.28%,99.28%,5374,5366,99.85%,99.11%,99.83%,99.26%,99.13%,100.00%
2025-04-11,5406,5365,99.24%,99.24%,5375,5365,99.81%,99.06%,99.83%,99.26%,99.06%,100.00%
2025-04-14,5406,5364,99.22%,99.22%,5375,5364,99.80%,99.06%,100.00%,99.19%,98.98%,100.00%
2025-04-15,5406,5362,99.19%,99.19%,5375,5362,99.76%,99.05%,100.00%,99.13%,98.91%,100.00%
2025-04-16,5407,5366,99.24%,99.24%,5376,5366,99.81%,99.11%,100.00%,99.26%,98.91%,100.00%
2025-04-17,5408,5366,99.22%,99.22%,5377,5366,99.80%,99.06%,100.00%,99.26%,98.91%,100.00%
2025-04-18,5408,5365,99.20%,99.20%,5377,5365,99.78%,99.00%,100.00%,99.19%,98.98%,100.00%
2025-04-21,5408,5367,99.24%,99.24%,5377,5367,99.81%,99.06%,100.00%,99.19%,99.06%,100.00%
2025-04-22,5408,5364,99.19%,99.19%,5377,5364,99.76%,98.94%,100.00%,98.99%,99.20%,100.00%
2025-04-23,5408,5365,99.20%,99.20%,5377,5365,99.78%,99.06%,100.00%,98.99%,99.13%,100.00%
2025-04-24,5410,5367,99.21%,99.21%,5379,5367,99.78%,99.06%,100.00%,98.99%,99.13%,100.00%
2025-04-25,5411,5367,99.19%,99.19%,5380,5367,99.76%,99.06%,99.83%,98.92%,99.20%,100.00%
2025-04-28,5411,5364,99.13%,99.13%,5380,5364,99.70%,98.94%,99.83%,98.79%,99.28%,100.00%
2025-04-29,5411,5340,98.69%,98.69%,5380,5340,99.26%,98.76%,99.66%,97.98%,98.70%,100.00%
2025-04-30,5411,5342,98.72%,98.72%,5380,5342,99.29%,98.11%,99.15%,98.92%,98.84%,100.00%
2025-05-06,5408,5366,99.22%,99.22%,5378,5366,99.78%,99.06%,99.83%,99.13%,99.13%,100.00%
2025-05-07,5408,5368,99.26%,99.26%,5378,5368,99.81%,99.06%,99.83%,99.19%,99.20%,100.00%
2025-05-08,5408,5369,99.28%,99.28%,5378,5369,99.83%,99.06%,99.83%,99.26%,99.20%,100.00%
2025-05-09,5408,5369,99.28%,99.28%,5378,5369,99.83%,99.06%,99.83%,99.26%,99.20%,100.00%
2025-05-12,5408,5369,99.28%,99.28%,5378,5369,99.83%,99.06%,99.83%,99.26%,99.20%,100.00%
2025-05-13,5409,5371,99.30%,99.30%,5379,5371,99.85%,99.06%,100.00%,99.19%,99.27%,100.00%
2025-05-14,5409,5371,99.30%,99.30%,5379,5371,99.85%,99.06%,100.00%,99.19%,99.27%,100.00%
2025-05-15,5409,5370,99.28%,99.28%,5379,5370,99.83%,99.00%,100.00%,99.19%,99.27%,100.00%
2025-05-16,5411,5371,99.26%,99.26%,5381,5371,99.81%,99.00%,100.00%,99.13%,99.28%,100.00%
2025-05-19,5413,5368,99.17%,99.17%,5383,5368,99.72%,98.82%,100.00%,99.06%,99.20%,100.00%
2025-05-20,5413,5374,99.28%,99.28%,5383,5374,99.83%,99.00%,100.00%,99.19%,99.28%,100.00%
2025-05-21,5413,5370,99.21%,99.21%,5383,5370,99.76%,98.94%,100.00%,99.06%,99.20%,100.00%
2025-05-22,5413,5367,99.15%,99.15%,5383,5367,99.70%,98.94%,100.00%,99.06%,98.99%,100.00%
2025-05-23,5412,5369,99.21%,99.21%,5383,5369,99.74%,98.94%,100.00%,99.13%,99.13%,100.00%
2025-05-26,5412,5366,99.15%,99.15%,5383,5366,99.68%,98.88%,99.83%,99.19%,99.06%,99.62%
2025-05-27,5412,5366,99.15%,99.15%,5383,5366,99.68%,98.88%,99.83%,99.13%,99.13%,99.62%
2025-05-28,5410,5364,99.15%,99.15%,5383,5364,99.65%,99.00%,99.83%,98.99%,99.13%,99.62%
2025-05-29,5411,5367,99.19%,99.19%,5384,5367,99.68%,99.05%,99.83%,99.06%,99.13%,99.62%
2025-05-30,5410,5365,99.17%,99.17%,5384,5365,99.65%,99.00%,99.83%,99.13%,99.06%,99.62%
2025-06-03,5410,5361,99.09%,99.09%,5384,5361,99.57%,98.82%,99.83%,98.92%,99.20%,99.62%
2025-06-04,5410,5367,99.21%,99.21%,5384,5367,99.68%,98.94%,99.83%,99.06%,99.35%,99.62%
2025-06-05,5412,5370,99.22%,99.22%,5386,5370,99.70%,99.00%,99.83%,99.06%,99.35%,99.62%
2025-06-06,5412,5371,99.24%,99.24%,5386,5371,99.72%,98.94%,99.83%,99.06%,99.49%,99.62%
2025-06-09,5412,5367,99.17%,99.17%,5386,5367,99.65%,98.88%,99.83%,99.06%,99.28%,99.62%
2025-06-10,5413,5373,99.26%,99.26%,5387,5373,99.74%,98.82%,100.00%,99.19%,99.42%,100.00%
2025-06-11,5414,5376,99.30%,99.30%,5388,5376,99.78%,98.82%,100.00%,99.33%,99.42%,100.00%
2025-06-12,5415,5376,99.28%,99.28%,5389,5376,99.76%,98.76%,100.00%,99.33%,99.42%,100.00%
2025-06-13,5415,5375,99.26%,99.26%,5389,5375,99.74%,98.82%,100.00%,99.26%,99.35%,100.00%
2025-06-16,5415,5378,99.32%,99.32%,5389,5378,99.80%,98.94%,100.00%,99.33%,99.35%,100.00%
2025-06-17,5415,5383,99.41%,99.41%,5389,5383,99.89%,99.12%,100.00%,99.40%,99.42%,100.00%
2025-06-18,5415,5383,99.41%,99.41%,5389,5383,99.89%,99.12%,100.00%,99.40%,99.42%,100.00%
2025-06-19,5415,5382,99.39%,99.39%,5389,5382,99.87%,99.06%,100.00%,99.40%,99.42%,100.00%
2025-06-20,5417,5383,99.37%,99.37%,5391,5383,99.85%,99.00%,100.00%,99.40%,99.42%,100.00%
2025-06-23,5417,5378,99.28%,99.28%,5391,5378,99.76%,98.94%,100.00%,99.33%,99.20%,100.00%
2025-06-24,5417,5381,99.34%,99.34%,5391,5381,99.81%,99.00%,100.00%,99.33%,99.35%,100.00%
2025-06-25,5417,5381,99.34%,99.34%,5391,5381,99.81%,99.00%,100.00%,99.33%,99.35%,100.00%
2025-06-26,5418,5384,99.37%,99.37%,5392,5384,99.85%,99.06%,100.00%,99.33%,99.42%,100.00%
2025-06-27,5418,5381,99.32%,99.32%,5392,5381,99.80%,98.94%,100.00%,99.19%,99.49%,100.00%
2025-06-30,5417,5380,99.32%,99.32%,5392,5380,99.78%,98.94%,99.83%,99.39%,99.35%,100.00%
2025-07-01,5418,5381,99.32%,99.32%,5393,5381,99.78%,98.94%,99.83%,99.40%,99.35%,100.00%
2025-07-02,5418,5380,99.30%,99.30%,5393,5380,99.76%,98.94%,99.66%,99.40%,99.35%,100.00%
2025-07-03,5418,5380,99.30%,99.30%,5393,5380,99.76%,98.88%,99.66%,99.40%,99.42%,100.00%
2025-07-04,5416,5382,99.37%,99.37%,5393,5382,99.80%,99.11%,99.66%,99.40%,99.42%,100.00%
2025-07-07,5414,5381,99.39%,99.39%,5392,5381,99.80%,99.17%,99.66%,99.39%,99.42%,100.00%
2025-07-08,5415,5380,99.35%,99.35%,5393,5380,99.76%,99.11%,99.66%,99.26%,99.49%,100.00%
2025-07-09,5415,5383,99.41%,99.41%,5393,5383,99.81%,99.17%,99.83%,99.33%,99.49%,100.00%
2025-07-10,5416,5383,99.39%,99.39%,5394,5383,99.80%,99.11%,99.83%,99.46%,99.35%,100.00%
2025-07-11,5416,5387,99.46%,99.46%,5394,5387,99.87%,99.23%,100.00%,99.46%,99.42%,100.00%
2025-07-14,5415,5384,99.43%,99.43%,5394,5384,99.81%,99.17%,100.00%,99.53%,99.28%,100.00%
2025-07-15,5415,5385,99.45%,99.45%,5394,5385,99.83%,99.11%,100.00%,99.60%,99.35%,100.00%
2025-07-16,5416,5385,99.43%,99.43%,5395,5385,99.81%,99.06%,100.00%,99.53%,99.42%,100.00%
2025-07-17,5415,5386,99.46%,99.46%,5395,5386,99.83%,99.06%,100.00%,99.60%,99.49%,100.00%
2025-07-18,5415,5385,99.45%,99.45%,5395,5385,99.81%,99.06%,100.00%,99.60%,99.42%,100.00%
2025-07-21,5415,5385,99.45%,99.45%,5395,5385,99.81%,99.17%,99.83%,99.53%,99.42%,100.00%
2025-07-22,5413,5383,99.45%,99.45%,5395,5383,99.78%,99.17%,100.00%,99.39%,99.49%,100.00%
2025-07-23,5415,5387,99.48%,99.48%,5397,5387,99.81%,99.17%,100.00%,99.53%,99.49%,100.00%
2025-07-24,5415,5386,99.46%,99.46%,5397,5386,99.80%,99.11%,100.00%,99.53%,99.49%,100.00%
2025-07-25,5415,5388,99.50%,99.50%,5397,5388,99.83%,99.11%,100.00%,99.53%,99.64%,100.00%
2025-07-28,5415,5389,99.52%,99.52%,5397,5389,99.85%,99.06%,100.00%,99.60%,99.71%,100.00%
2025-07-29,5414,5393,99.61%,99.61%,5396,5393,99.94%,99.35%,100.00%,99.66%,99.64%,100.00%
2025-07-30,5415,5393,99.59%,99.59%,5397,5393,99.93%,99.35%,100.00%,99.66%,99.57%,100.00%
2025-07-31,5416,5389,99.50%,99.50%,5398,5389,99.83%,99.35%,99.66%,99.60%,99.42%,100.00%
2025-08-01,5416,5390,99.52%,99.52%,5398,5390,99.85%,99.35%,99.66%,99.60%,99.49%,100.00%
2025-08-04,5416,5387,99.46%,99.46%,5398,5387,99.80%,99.29%,99.66%,99.53%,99.42%,100.00%
2025-08-05,5416,5389,99.50%,99.50%,5398,5389,99.83%,99.29%,99.83%,99.53%,99.49%,100.00%
2025-08-06,5417,5391,99.52%,99.52%,5399,5391,99.85%,99.29%,99.83%,99.53%,99.57%,100.00%
2025-08-07,5417,5391,99.52%,99.52%,5399,5391,99.85%,99.23%,99.83%,99.60%,99.57%,100.00%
2025-08-08,5419,5393,99.52%,99.52%,5401,5393,99.85%,99.23%,99.83%,99.60%,99.57%,100.00%
2025-08-11,5419,5394,99.54%,99.54%,5401,5394,99.87%,99.23%,99.66%,99.66%,99.64%,100.00%
2025-08-12,5420,5396,99.56%,99.56%,5402,5396,99.89%,99.23%,99.66%,99.66%,99.71%,100.00%
2025-08-13,5420,5392,99.48%,99.48%,5402,5392,99.81%,99.06%,99.83%,99.66%,99.57%,100.00%
2025-08-14,5421,5394,99.50%,99.50%,5403,5394,99.83%,99.06%,99.83%,99.66%,99.64%,100.00%
2025-08-15,5421,5393,99.48%,99.48%,5403,5393,99.81%,99.00%,99.83%,99.66%,99.64%,100.00%
2025-08-18,5421,5391,99.45%,99.45%,5403,5391,99.78%,99.00%,99.66%,99.66%,99.57%,100.00%
2025-08-19,5421,5394,99.50%,99.50%,5403,5394,99.83%,99.17%,99.66%,99.66%,99.57%,100.00%
2025-08-20,5422,5393,99.47%,99.47%,5404,5393,99.80%,99.17%,99.66%,99.60%,99.49%,100.00%
2025-08-21,5422,5395,99.50%,99.50%,5404,5395,99.83%,99.17%,99.66%,99.66%,99.57%,100.00%
2025-08-22,5423,5396,99.50%,99.50%,5405,5396,99.83%,99.23%,99.66%,99.66%,99.49%,100.00%
2025-08-25,5423,5396,99.50%,99.50%,5405,5396,99.83%,99.23%,99.66%,99.66%,99.49%,100.00%
2025-08-26,5423,5397,99.52%,99.52%,5405,5397,99.85%,99.29%,99.49%,99.60%,99.64%,100.00%
2025-08-27,5423,5398,99.54%,99.54%,5405,5398,99.87%,99.23%,99.49%,99.66%,99.71%,100.00%
2025-08-28,5424,5399,99.54%,99.54%,5406,5399,99.87%,99.29%,99.49%,99.60%,99.71%,100.00%
2025-08-29,5424,5396,99.48%,99.48%,5406,5396,99.82%,99.29%,99.15%,99.60%,99.64%,100.00%
2025-09-01,5424,5396,99.48%,99.48%,5405,5396,99.83%,99.29%,99.32%,99.53%,99.64%,100.00%
2025-09-02,5424,5397,99.50%,99.50%,5405,5397,99.85%,99.29%,99.32%,99.60%,99.64%,100.00%
2025-09-03,5424,5399,99.54%,99.54%,5405,5399,99.89%,99.35%,99.49%,99.60%,99.64%,100.00%
2025-09-04,5424,5398,99.52%,99.52%,5405,5398,99.87%,99.29%,99.49%,99.60%,99.64%,100.00%
2025-09-05,5425,5399,99.52%,99.52%,5406,5399,99.87%,99.29%,99.49%,99.53%,99.71%,100.00%
2025-09-08,5425,5401,99.56%,99.56%,5406,5401,99.91%,99.35%,99.49%,99.66%,99.64%,100.00%
2025-09-09,5425,5402,99.58%,99.58%,5407,5402,99.91%,99.41%,99.83%,99.60%,99.57%,100.00%
2025-09-10,5426,5404,99.59%,99.59%,5408,5404,99.93%,99.47%,99.83%,99.60%,99.57%,100.00%
2025-09-11,5426,5402,99.56%,99.56%,5408,5402,99.89%,99.35%,99.83%,99.53%,99.64%,100.00%
2025-09-12,5426,5405,99.61%,99.61%,5408,5405,99.94%,99.41%,100.00%,99.60%,99.64%,100.00%
2025-09-15,5426,5403,99.58%,99.58%,5408,5403,99.91%,99.41%,100.00%,99.53%,99.57%,100.00%
2025-09-16,5426,5403,99.58%,99.58%,5408,5403,99.91%,99.41%,100.00%,99.60%,99.57%,99.63%
2025-09-17,5426,5402,99.56%,99.56%,5408,5402,99.89%,99.35%,100.00%,99.60%,99.57%,99.63%
2025-09-18,5426,5401,99.54%,99.54%,5408,5401,99.87%,99.35%,99.83%,99.60%,99.57%,99.63%
2025-09-19,5427,5403,99.56%,99.56%,5409,5403,99.89%,99.41%,99.83%,99.60%,99.57%,99.64%
2025-09-22,5427,5399,99.48%,99.48%,5409,5399,99.82%,99.29%,99.66%,99.60%,99.49%,99.64%
2025-09-23,5428,5405,99.58%,99.58%,5410,5405,99.91%,99.41%,99.83%,99.60%,99.57%,100.00%
2025-09-24,5428,5403,99.54%,99.54%,5410,5403,99.87%,99.35%,99.83%,99.53%,99.57%,100.00%
2025-09-25,5431,5407,99.56%,99.56%,5413,5407,99.89%,99.35%,100.00%,99.53%,99.57%,100.00%
2025-09-26,5432,5407,99.54%,99.54%,5414,5407,99.87%,99.35%,99.83%,99.53%,99.57%,100.00%
2025-09-29,5432,5401,99.43%,99.43%,5414,5401,99.76%,99.29%,99.66%,99.33%,99.50%,100.00%
2025-09-30,5434,5404,99.45%,99.45%,5416,5404,99.78%,99.35%,99.66%,99.33%,99.50%,100.00%
2025-10-09,5433,5401,99.41%,99.41%,5416,5401,99.72%,99.23%,99.66%,99.26%,99.57%,100.00%
2025-10-10,5434,5403,99.43%,99.43%,5417,5403,99.74%,99.17%,99.66%,99.33%,99.64%,100.00%
2025-10-13,5434,5405,99.47%,99.47%,5417,5405,99.78%,99.23%,99.83%,99.33%,99.64%,100.00%
2025-10-14,5434,5406,99.48%,99.48%,5417,5406,99.80%,99.23%,99.83%,99.33%,99.71%,100.00%
2025-10-15,5433,5406,99.50%,99.50%,5417,5406,99.80%,99.23%,99.83%,99.33%,99.78%,100.00%
2025-10-16,5434,5410,99.56%,99.56%,5418,5410,99.85%,99.35%,99.83%,99.39%,99.78%,100.00%
2025-10-17,5435,5413,99.60%,99.60%,5419,5413,99.89%,99.35%,99.83%,99.53%,99.78%,100.00%
2025-10-20,5435,5412,99.58%,99.58%,5419,5412,99.87%,99.29%,99.83%,99.53%,99.78%,100.00%
2025-10-21,5435,5411,99.56%,99.56%,5419,5411,99.85%,99.23%,100.00%,99.53%,99.71%,100.00%
2025-10-22,5436,5411,99.54%,99.54%,5420,5411,99.83%,99.23%,100.00%,99.46%,99.71%,100.00%
2025-10-23,5436,5413,99.58%,99.58%,5420,5413,99.87%,99.29%,100.00%,99.53%,99.71%,100.00%
2025-10-24,5437,5414,99.58%,99.58%,5421,5414,99.87%,99.29%,100.00%,99.53%,99.71%,100.00%
2025-10-27,5437,5413,99.56%,99.56%,5421,5413,99.85%,99.29%,100.00%,99.60%,99.57%,100.00%
2025-10-28,5441,5414,99.50%,99.50%,5425,5414,99.80%,99.29%,99.83%,99.53%,99.50%,100.00%
2025-10-29,5441,5414,99.50%,99.50%,5425,5414,99.80%,99.29%,99.66%,99.60%,99.50%,100.00%
2025-10-30,5441,5413,99.49%,99.49%,5425,5413,99.78%,99.23%,99.83%,99.53%,99.50%,100.00%
2025-10-31,5441,5414,99.50%,99.50%,5425,5414,99.80%,99.29%,99.83%,99.60%,99.42%,100.00%
2025-11-03,5442,5416,99.52%,99.52%,5426,5416,99.82%,99.29%,99.83%,99.53%,99.57%,100.00%
2025-11-04,5442,5416,99.52%,99.52%,5426,5416,99.82%,99.29%,99.83%,99.46%,99.64%,100.00%
2025-11-05,5443,5416,99.50%,99.50%,5427,5416,99.80%,99.29%,99.83%,99.46%,99.57%,100.00%
2025-11-06,5444,5416,99.49%,99.49%,5428,5416,99.78%,99.23%,99.83%,99.46%,99.57%,100.00%
2025-11-07,5446,5418,99.49%,99.49%,5430,5418,99.78%,99.18%,99.83%,99.46%,99.64%,100.00%
2025-11-10,5446,5421,99.54%,99.54%,5430,5421,99.83%,99.29%,99.83%,99.53%,99.64%,100.00%
2025-11-11,5446,5422,99.56%,99.56%,5430,5422,99.85%,99.29%,100.00%,99.53%,99.64%,100.00%
2025-11-12,5445,5424,99.61%,99.61%,5429,5424,99.91%,99.35%,100.00%,99.66%,99.64%,100.00%
2025-11-13,5445,5423,99.60%,99.60%,5429,5423,99.89%,99.35%,100.00%,99.60%,99.64%,100.00%
2025-11-14,5445,5421,99.56%,99.56%,5429,5421,99.85%,99.35%,100.00%,99.53%,99.57%,100.00%
2025-11-17,5445,5420,99.54%,99.54%,5429,5420,99.83%,99.29%,100.00%,99.53%,99.57%,100.00%
2025-11-18,5448,5423,99.54%,99.54%,5432,5423,99.83%,99.35%,100.00%,99.53%,99.50%,100.00%
2025-11-19,5448,5425,99.58%,99.58%,5432,5425,99.87%,99.35%,100.00%,99.66%,99.50%,100.00%
2025-11-20,5448,5424,99.56%,99.56%,5432,5424,99.85%,99.24%,100.00%,99.66%,99.57%,100.00%
2025-11-21,5449,5427,99.60%,99.60%,5433,5427,99.89%,99.24%,100.00%,99.73%,99.64%,100.00%
2025-11-24,5449,5423,99.52%,99.52%,5433,5423,99.82%,99.18%,99.66%,99.66%,99.64%,100.00%
2025-11-25,5450,5421,99.47%,99.47%,5434,5421,99.76%,99.18%,99.49%,99.53%,99.64%,100.00%
2025-11-26,5450,5417,99.39%,99.39%,5434,5417,99.69%,99.12%,99.32%,99.53%,99.50%,100.00%
2025-11-27,5451,5417,99.38%,99.38%,5435,5417,99.67%,99.12%,99.32%,99.46%,99.50%,100.00%
2025-11-28,5451,5416,99.36%,99.36%,5435,5416,99.65%,99.06%,99.32%,99.53%,99.42%,100.00%
2025-12-01,5451,5416,99.36%,99.36%,5435,5416,99.65%,99.12%,99.49%,99.39%,99.42%,100.00%
2025-12-02,5452,5419,99.39%,99.39%,5436,5419,99.69%,99.06%,99.49%,99.60%,99.42%,100.00%
2025-12-03,5453,5425,99.49%,99.49%,5437,5425,99.78%,99.18%,99.49%,99.60%,99.64%,100.00%
2025-12-04,5453,5423,99.45%,99.45%,5437,5423,99.74%,99.18%,99.49%,99.53%,99.57%,100.00%
2025-12-05,5454,5421,99.39%,99.39%,5438,5421,99.69%,99.18%,99.49%,99.46%,99.42%,100.00%
2025-12-08,5453,5423,99.45%,99.45%,5438,5423,99.72%,99.18%,99.66%,99.53%,99.50%,100.00%
2025-12-09,5453,5424,99.47%,99.47%,5438,5424,99.74%,99.29%,99.83%,99.40%,99.50%,100.00%
2025-12-10,5454,5421,99.39%,99.39%,5439,5421,99.67%,99.18%,100.00%,99.26%,99.42%,100.00%
2025-12-11,5454,5424,99.45%,99.45%,5439,5424,99.72%,99.29%,100.00%,99.26%,99.50%,100.00%
2025-12-12,5454,5426,99.49%,99.49%,5439,5426,99.76%,99.29%,100.00%,99.40%,99.50%,100.00%
2025-12-15,5454,5425,99.47%,99.47%,5439,5425,99.74%,99.18%,100.00%,99.40%,99.57%,100.00%
2025-12-16,5455,5427,99.49%,99.49%,5440,5427,99.76%,99.23%,100.00%,99.46%,99.50%,100.00%
2025-12-17,5456,5428,99.49%,99.49%,5441,5428,99.76%,99.23%,100.00%,99.53%,99.42%,100.00%
2025-12-18,5457,5431,99.52%,99.52%,5442,5431,99.80%,99.35%,100.00%,99.46%,99.50%,100.00%
2025-12-19,5458,5430,99.49%,99.49%,5443,5430,99.76%,99.29%,99.83%,99.46%,99.50%,100.00%
2025-12-22,5458,5426,99.41%,99.41%,5443,5426,99.69%,99.29%,99.83%,99.40%,99.28%,100.00%
2025-12-23,5461,5431,99.45%,99.45%,5446,5431,99.72%,99.41%,99.83%,99.40%,99.28%,100.00%
2025-12-24,5462,5433,99.47%,99.47%,5447,5433,99.74%,99.41%,99.83%,99.40%,99.35%,100.00%
2025-12-25,5463,5436,99.51%,99.51%,5448,5436,99.78%,99.41%,99.83%,99.60%,99.28%,100.00%
2025-12-26,5463,5435,99.49%,99.49%,5448,5435,99.76%,99.41%,99.83%,99.53%,99.28%,100.00%
2025-12-29,5463,5437,99.52%,99.52%,5448,5437,99.80%,99.35%,99.83%,99.53%,99.50%,100.00%
2025-12-30,5466,5439,99.51%,99.51%,5451,5439,99.78%,99.24%,99.83%,99.53%,99.57%,100.00%
2025-12-31,5468,5440,99.49%,99.49%,5453,5440,99.76%,99.18%,99.83%,99.53%,99.64%,99.65%
2026-01-05,5467,5440,99.51%,99.51%,5452,5440,99.78%,99.23%,100.00%,99.53%,99.57%,99.65%
2026-01-06,5468,5442,99.52%,99.52%,5453,5442,99.80%,99.24%,100.00%,99.60%,99.57%,99.65%
2026-01-07,5468,5443,99.54%,99.54%,5453,5443,99.82%,99.29%,100.00%,99.53%,99.64%,99.65%
2026-01-08,5468,5442,99.52%,99.52%,5453,5442,99.80%,99.29%,100.00%,99.46%,99.64%,99.65%
2026-01-09,5468,5442,99.52%,99.52%,5453,5442,99.80%,99.29%,100.00%,99.40%,99.64%,100.00%
2026-01-12,5468,5442,99.52%,99.52%,5453,5442,99.80%,99.35%,100.00%,99.33%,99.64%,100.00%
2026-01-13,5468,5435,99.40%,99.40%,5453,5435,99.67%,99.18%,100.00%,99.33%,99.35%,100.00%
2026-01-14,5468,5437,99.43%,99.43%,5453,5437,99.71%,99.29%,99.83%,99.26%,99.50%,100.00%
2026-01-15,5469,5440,99.47%,99.47%,5454,5440,99.74%,99.29%,99.83%,99.46%,99.43%,100.00%
2026-01-16,5470,5443,99.51%,99.51%,5455,5443,99.78%,99.29%,99.83%,99.46%,99.57%,100.00%
2026-01-19,5470,5445,99.54%,99.54%,5455,5445,99.82%,99.35%,100.00%,99.46%,99.57%,100.00%
2026-01-20,5470,5450,99.63%,99.63%,5455,5450,99.91%,99.41%,100.00%,99.60%,99.71%,100.00%
2026-01-21,5470,5448,99.60%,99.60%,5455,5448,99.87%,99.35%,100.00%,99.60%,99.64%,100.00%
2026-01-22,5471,5449,99.60%,99.60%,5456,5449,99.87%,99.35%,100.00%,99.66%,99.57%,100.00%
2026-01-23,5470,5450,99.63%,99.63%,5455,5450,99.91%,99.41%,100.00%,99.66%,99.64%,100.00%
2026-01-26,5470,5447,99.58%,99.58%,5455,5447,99.85%,99.29%,100.00%,99.60%,99.64%,100.00%
2026-01-27,5470,5447,99.58%,99.58%,5455,5447,99.85%,99.35%,99.83%,99.60%,99.64%,100.00%
2026-01-28,5472,5448,99.56%,99.56%,5457,5448,99.84%,99.35%,99.83%,99.53%,99.64%,100.00%
2026-01-29,5473,5449,99.56%,99.56%,5458,5449,99.84%,99.35%,99.83%,99.53%,99.64%,100.00%
2026-01-30,5474,5448,99.53%,99.53%,5459,5448,99.80%,99.35%,99.83%,99.53%,99.57%,99.66%
2026-02-02,5474,5450,99.56%,99.56%,5459,5450,99.84%,99.29%,99.83%,99.66%,99.64%,99.66%
2026-02-03,5475,5451,99.56%,99.56%,5460,5451,99.84%,99.29%,99.83%,99.66%,99.64%,99.66%
2026-02-04,5475,5453,99.60%,99.60%,5460,5453,99.87%,99.35%,99.67%,99.73%,99.71%,99.66%
2026-02-05,5476,5453,99.58%,99.58%,5461,5453,99.85%,99.35%,99.67%,99.73%,99.64%,99.66%
2026-02-06,5476,5453,99.58%,99.58%,5461,5453,99.85%,99.35%,99.67%,99.66%,99.64%,100.00%
2026-02-09,5476,5452,99.56%,99.56%,5461,5452,99.84%,99.47%,99.67%,99.46%,99.64%,100.00%
2026-02-10,5479,5457,99.60%,99.60%,5464,5457,99.87%,99.53%,99.83%,99.46%,99.64%,100.00%
2026-02-11,5480,5456,99.56%,99.56%,5465,5456,99.84%,99.53%,99.83%,99.40%,99.57%,100.00%
2026-02-12,5481,5461,99.64%,99.64%,5466,5461,99.91%,99.53%,99.83%,99.60%,99.64%,100.00%
2026-02-13,5481,5459,99.60%,99.60%,5466,5459,99.87%,99.47%,99.83%,99.53%,99.64%,100.00%
2026-02-24,5481,5460,99.62%,99.62%,5466,5460,99.89%,99.41%,99.83%,99.60%,99.71%,100.00%
2026-02-25,5481,5457,99.56%,99.56%,5466,5457,99.84%,99.29%,99.83%,99.60%,99.64%,100.00%
2026-02-26,5482,5457,99.54%,99.54%,5467,5457,99.82%,99.24%,100.00%,99.60%,99.57%,100.00%
2026-02-27,5482,5457,99.54%,99.54%,5467,5457,99.82%,99.24%,100.00%,99.46%,99.71%,100.00%
2026-03-02,5482,5456,99.53%,99.53%,5467,5456,99.80%,99.18%,100.00%,99.46%,99.71%,100.00%
2026-03-03,5482,5458,99.56%,99.56%,5467,5458,99.84%,99.24%,100.00%,99.53%,99.71%,100.00%
2026-03-04,5483,5460,99.58%,99.58%,5468,5460,99.85%,99.24%,100.00%,99.60%,99.71%,100.00%
2026-03-05,5484,5462,99.60%,99.60%,5469,5462,99.87%,99.24%,100.00%,99.60%,99.78%,100.00%
2026-03-06,5485,5463,99.60%,99.60%,5470,5463,99.87%,99.24%,100.00%,99.60%,99.78%,100.00%
2026-03-09,5486,5467,99.65%,99.65%,5471,5467,99.93%,99.35%,100.00%,99.66%,99.78%,100.00%
2026-03-10,5486,5465,99.62%,99.62%,5471,5465,99.89%,99.29%,100.00%,99.60%,99.78%,100.00%
2026-03-11,5486,5468,99.67%,99.67%,5471,5468,99.95%,99.41%,100.00%,99.66%,99.78%,100.00%
2026-03-12,5486,5468,99.67%,99.67%,5471,5468,99.95%,99.41%,100.00%,99.66%,99.78%,100.00%
2026-03-13,5486,5467,99.65%,99.65%,5471,5467,99.93%,99.41%,100.00%,99.60%,99.78%,100.00%
2026-03-16,5486,5467,99.65%,99.65%,5471,5467,99.93%,99.47%,100.00%,99.53%,99.78%,100.00%
2026-03-17,5486,5464,99.60%,99.60%,5471,5464,99.87%,99.47%,99.67%,99.60%,99.64%,100.00%
2026-03-18,5487,5465,99.60%,99.60%,5472,5465,99.87%,99.47%,99.67%,99.60%,99.64%,100.00%
2026-03-19,5487,5465,99.60%,99.60%,5472,5465,99.87%,99.41%,99.67%,99.60%,99.71%,100.00%
2026-03-20,5488,5467,99.62%,99.62%,5473,5467,99.89%,99.41%,99.67%,99.66%,99.71%,100.00%
2026-03-23,5488,5469,99.65%,99.65%,5473,5469,99.93%,99.41%,99.67%,99.73%,99.78%,100.00%
2026-03-24,5488,5467,99.62%,99.62%,5473,5467,99.89%,99.41%,99.67%,99.73%,99.64%,100.00%
2026-03-25,5490,5468,99.60%,99.60%,5475,5468,99.87%,99.41%,99.67%,99.66%,99.64%,100.00%
2026-03-26,5490,5467,99.58%,99.58%,5475,5467,99.85%,99.35%,99.67%,99.66%,99.64%,100.00%
2026-03-27,5491,5463,99.49%,99.49%,5476,5463,99.76%,99.24%,99.67%,99.53%,99.57%,100.00%
2026-03-30,5491,5461,99.45%,99.45%,5477,5461,99.71%,99.12%,99.83%,99.53%,99.50%,100.00%
2026-03-31,5494,5466,99.49%,99.49%,5480,5466,99.74%,99.12%,100.00%,99.46%,99.64%,100.00%
2026-04-01,5495,5469,99.53%,99.53%,5481,5469,99.78%,99.12%,100.00%,99.53%,99.71%,100.00%
2026-04-02,5495,5469,99.53%,99.53%,5481,5469,99.78%,99.18%,100.00%,99.46%,99.71%,100.00%
2026-04-03,5495,5470,99.55%,99.55%,5481,5470,99.80%,99.18%,100.00%,99.53%,99.71%,100.00%
2026-04-07,5495,5469,99.53%,99.53%,5481,5469,99.78%,99.18%,100.00%,99.60%,99.57%,100.00%
2026-04-08,5497,5475,99.60%,99.60%,5483,5475,99.85%,99.30%,100.00%,99.66%,99.64%,100.00%
2026-04-09,5497,5476,99.62%,99.62%,5483,5476,99.87%,99.35%,100.00%,99.66%,99.64%,100.00%
2026-04-10,5500,5480,99.64%,99.64%,5486,5480,99.89%,99.41%,100.00%,99.66%,99.64%,100.00%
2026-04-13,5501,5480,99.62%,99.62%,5487,5480,99.87%,99.41%,100.00%,99.66%,99.57%,100.00%
2026-04-14,5500,5483,99.69%,99.69%,5487,5483,99.93%,99.47%,100.00%,99.73%,99.71%,100.00%
2026-04-15,5500,5481,99.65%,99.65%,5487,5481,99.89%,99.47%,99.83%,99.73%,99.64%,100.00%
2026-04-16,5503,5485,99.67%,99.67%,5490,5485,99.91%,99.47%,99.83%,99.73%,99.71%,100.00%
2026-04-17,5504,5485,99.65%,99.65%,5491,5485,99.89%,99.35%,99.83%,99.80%,99.71%,100.00%
2026-04-20,5505,5480,99.55%,99.55%,5492,5480,99.78%,99.35%,99.34%,99.73%,99.57%,100.00%
2026-04-21,5507,5485,99.60%,99.60%,5494,5485,99.84%,99.41%,99.67%,99.60%,99.71%,100.00%
2026-04-22,5507,5485,99.60%,99.60%,5494,5485,99.84%,99.30%,99.84%,99.60%,99.79%,100.00%
2026-04-23,5506,5482,99.56%,99.56%,5494,5482,99.78%,99.24%,99.84%,99.60%,99.78%,99.67%
2026-04-24,5508,5484,99.56%,99.56%,5496,5484,99.78%,99.24%,99.84%,99.46%,99.86%,100.00%
2026-04-27,5509,5483,99.53%,99.53%,5497,5483,99.75%,99.12%,99.84%,99.53%,99.78%,100.00%
2026-04-28,5508,5477,99.44%,99.44%,5497,5477,99.64%,99.06%,99.67%,99.53%,99.57%,100.00%
2026-04-29,5509,5451,98.95%,98.95%,5498,5451,99.15%,98.77%,99.51%,98.39%,99.35%,99.68%
2026-04-30,5510,5459,99.07%,99.07%,5499,5459,99.27%,98.77%,99.34%,99.00%,99.28%,99.68%
2026-05-06,5510,5489,99.62%,99.62%,5499,5489,99.82%,99.41%,99.67%,99.67%,99.71%,100.00%
2026-05-07,5511,5492,99.66%,99.66%,5500,5492,99.85%,99.47%,99.67%,99.67%,99.79%,100.00%
2026-05-08,5511,5490,99.62%,99.62%,5500,5490,99.82%,99.47%,99.51%,99.60%,99.79%,100.00%
2026-05-11,5513,5490,99.58%,99.58%,5502,5490,99.78%,99.41%,99.34%,99.67%,99.71%,100.00%
2026-05-12,5513,5489,99.56%,99.56%,5502,5489,99.76%,99.47%,99.51%,99.60%,99.57%,100.00%
2026-05-13,5513,5492,99.62%,99.62%,5502,5492,99.82%,99.53%,99.51%,99.67%,99.71%,99.68%
2026-05-14,5513,5492,99.62%,99.62%,5502,5492,99.82%,99.53%,99.51%,99.60%,99.79%,99.68%
2026-05-15,5515,5494,99.62%,99.62%,5504,5494,99.82%,99.53%,99.67%,99.53%,99.79%,99.68%
2026-05-18,5517,5498,99.66%,99.66%,5506,5498,99.85%,99.59%,99.67%,99.60%,99.79%,99.68%
2026-05-19,5517,5493,99.56%,99.56%,5506,5493,99.76%,99.47%,99.84%,99.40%,99.71%,99.68%
2026-05-20,5517,5497,99.64%,99.64%,5506,5497,99.84%,99.59%,99.84%,99.46%,99.79%,99.68%
2026-05-21,5517,5500,99.69%,99.69%,5506,5500,99.89%,99.59%,99.84%,99.67%,99.79%,99.68%
2026-05-22,5520,5503,99.69%,99.69%,5509,5503,99.89%,99.59%,99.84%,99.60%,99.86%,99.68%
2026-05-25,5520,5503,99.69%,99.69%,5509,5503,99.89%,99.59%,99.84%,99.67%,99.79%,99.68%
2026-05-26,5520,5503,99.69%,99.69%,5509,5503,99.89%,99.59%,99.84%,99.67%,99.79%,99.68%
2026-05-27,5522,5505,99.69%,99.69%,5511,5505,99.89%,99.59%,99.84%,99.67%,99.71%,100.00%
2026-05-28,5522,5505,99.69%,99.69%,5511,5505,99.89%,99.59%,99.84%,99.60%,99.79%,100.00%
2026-05-29,5523,5505,99.67%,99.67%,5512,5505,99.87%,99.59%,99.84%,99.53%,99.79%,100.00%
2026-06-01,5523,5503,99.64%,99.64%,5512,5503,99.84%,99.53%,99.84%,99.47%,99.79%,100.00%
2026-06-02,5523,5502,99.62%,99.62%,5512,5502,99.82%,99.59%,99.84%,99.33%,99.79%,100.00%
2026-06-03,5523,5506,99.69%,99.69%,5512,5506,99.89%,99.59%,99.84%,99.53%,99.86%,100.00%
2026-06-04,5522,5506,99.71%,99.71%,5512,5506,99.89%,99.59%,99.84%,99.60%,99.86%,100.00%
2026-06-05,5523,5509,99.75%,99.75%,5513,5509,99.93%,99.59%,99.84%,99.67%,99.93%,100.00%
2026-06-08,5524,5507,99.69%,99.69%,5514,5507,99.87%,99.53%,99.84%,99.67%,99.86%,99.69%
2026-06-09,5525,5509,99.71%,99.71%,5515,5509,99.89%,99.59%,99.84%,99.60%,99.93%,99.69%
2026-06-10,5524,5506,99.67%,99.67%,5514,5506,99.85%,99.59%,99.84%,99.53%,99.86%,99.69%
2026-06-11,5525,5503,99.60%,99.60%,5515,5503,99.78%,99.53%,99.84%,99.40%,99.79%,99.69%
2026-06-12,5525,5504,99.62%,99.62%,5515,5504,99.80%,99.53%,99.67%,99.46%,99.86%,99.69%
2026-06-15,5526,5500,99.53%,99.53%,5516,5500,99.71%,99.30%,99.67%,99.53%,99.71%,99.69%
2026-06-16,5526,5505,99.62%,99.62%,5516,5505,99.80%,99.41%,99.67%,99.67%,99.79%,99.69%
2026-06-17,5526,5501,99.55%,99.55%,5516,5501,99.73%,99.30%,99.51%,99.60%,99.79%,99.69%
2026-06-18,5526,5498,99.49%,99.49%,5516,5498,99.67%,99.30%,99.51%,99.46%,99.71%,99.69%
2026-06-22,5526,5501,99.55%,99.55%,5516,5501,99.73%,99.24%,99.51%,99.60%,99.86%,99.69%
2026-06-23,5526,5507,99.66%,99.66%,5516,5507,99.84%,99.41%,99.51%,99.67%,99.93%,100.00%
2026-06-24,5527,5506,99.62%,99.62%,5517,5506,99.80%,99.35%,99.51%,99.60%,99.93%,100.00%
2026-06-25,5527,5505,99.60%,99.60%,5517,5505,99.78%,99.41%,99.51%,99.46%,99.93%,100.00%
2026-06-26,5528,5506,99.60%,99.60%,5518,5506,99.78%,99.41%,99.51%,99.53%,99.86%,100.00%
2026-06-29,5527,5503,99.57%,99.57%,5519,5503,99.71%,99.41%,99.51%,99.60%,99.64%,100.00%
2026-06-30,5526,5504,99.60%,99.60%,5520,5504,99.71%,99.35%,99.51%,99.67%,99.79%,100.00%
2026-07-01,5526,5507,99.66%,99.66%,5520,5507,99.76%,99.59%,99.67%,99.53%,99.79%,100.00%
2026-07-02,5528,5513,99.73%,99.73%,5522,5513,99.84%,99.71%,99.67%,99.67%,99.79%,100.00%
2026-07-03,5528,5512,99.71%,99.71%,5522,5512,99.82%,99.65%,99.67%,99.67%,99.79%,100.00%
2026-07-06,5526,5513,99.76%,99.76%,5522,5513,99.84%,99.76%,99.67%,99.73%,99.79%,100.00%
2026-07-07,5525,5513,99.78%,99.78%,5522,5513,99.84%,99.76%,99.84%,99.73%,99.79%,100.00%
2026-07-08,5526,5514,99.78%,99.78%,5523,5514,99.84%,99.76%,99.84%,99.80%,99.71%,100.00%
2026-07-09,5527,5515,99.78%,99.78%,5524,5515,99.84%,99.76%,99.84%,99.80%,99.71%,100.00%
2026-07-10,5529,5517,99.78%,99.78%,5526,5517,99.84%,99.82%,99.84%,99.73%,99.71%,100.00%
2026-07-13,5528,5520,99.86%,99.86%,5526,5520,99.89%,99.94%,100.00%,99.67%,99.86%,100.00%
2026-07-14,5528,5521,99.87%,99.87%,5526,5521,99.91%,100.00%,100.00%,99.67%,99.86%,100.00%
2026-07-15,5526,5522,99.93%,99.93%,5525,5522,99.95%,100.00%,100.00%,99.87%,99.86%,100.00%
2026-07-16,5527,5521,99.89%,99.89%,5526,5521,99.91%,100.00%,99.67%,99.87%,99.93%,99.69%
2026-07-17,5527,5520,99.87%,99.87%,5526,5520,99.89%,100.00%,99.67%,99.80%,99.93%,99.69%
2026-07-20,5526,5522,99.93%,99.93%,5526,5522,99.93%,100.00%,99.67%,100.00%,99.93%,99.69%
2026-07-21,5527,5523,99.93%,99.93%,5527,5523,99.93%,100.00%,99.67%,100.00%,99.93%,99.69%
2026-07-22,5528,5524,99.93%,99.93%,5528,5524,99.93%,100.00%,99.67%,99.93%,100.00%,99.70%
2026-07-23,5528,5524,99.93%,99.93%,5528,5524,99.93%,100.00%,99.84%,99.93%,99.93%,99.70%
2026-07-24,5529,5524,99.91%,99.91%,5529,5524,99.91%,100.00%,99.84%,99.93%,99.86%,99.70%
2026-07-27,5531,5521,99.82%,99.82%,5531,5521,99.82%,100.00%,99.67%,99.87%,99.64%,99.70%
2026-07-28,5531,5522,99.84%,99.84%,5531,5522,99.84%,100.00%,99.84%,99.87%,99.64%,99.70%
2026-07-29,5532,5522,99.82%,99.82%,5532,5522,99.82%,100.00%,99.84%,99.80%,99.64%,99.70%
2026-07-30,5533,5527,99.89%,99.89%,5533,5527,99.89%,100.00%,100.00%,99.87%,99.71%,100.00%
2026-07-31,5533,5527,99.89%,99.89%,5533,5527,99.89%,99.88%,100.00%,99.93%,99.79%,100.00%
2026-08-03,5534,5528,99.89%,99.89%,5534,5528,99.89%,99.88%,100.00%,99.93%,99.79%,100.00%
2026-08-04,5535,5528,99.87%,99.87%,5535,5528,99.87%,99.94%,100.00%,99.87%,99.71%,100.00%
2026-08-05,5536,5531,99.91%,99.91%,5536,5531,99.91%,99.94%,100.00%,99.93%,99.79%,100.00%
2026-08-06,5537,5532,99.91%,99.91%,5537,5532,99.91%,100.00%,100.00%,99.93%,99.71%,100.00%
2026-08-07,5538,5534,99.93%,99.93%,5538,5534,99.93%,100.00%,100.00%,99.93%,99.79%,100.00%
2026-08-10,5538,5537,99.98%,99.98%,5538,5537,99.98%,100.00%,100.00%,100.00%,99.93%,100.00%
2026-08-11,5541,5538,99.95%,99.95%,5541,5538,99.95%,99.88%,100.00%,100.00%,99.93%,100.00%
2026-08-12,5542,5538,99.93%,99.93%,5542,5538,99.93%,99.88%,99.84%,100.00%,99.93%,100.00%
2026-08-13,5542,5539,99.95%,99.95%,5542,5539,99.95%,99.88%,100.00%,100.00%,99.93%,100.00%
2026-08-14,5542,5539,99.95%,99.95%,5542,5539,99.95%,99.88%,100.00%,100.00%,99.93%,100.00%
2026-08-17,5543,5538,99.91%,99.91%,5543,5538,99.91%,99.88%,100.00%,99.87%,99.93%,100.00%
2026-08-18,5544,5539,99.91%,99.91%,5544,5539,99.91%,99.94%,100.00%,99.80%,99.93%,100.00%
2026-08-19,5546,5540,99.89%,99.89%,5546,5540,99.89%,99.94%,100.00%,99.80%,99.86%,100.00%
2026-08-20,5547,5540,99.87%,99.87%,5547,5540,99.87%,99.94%,100.00%,99.73%,99.86%,100.00%
2026-08-21,5548,5542,99.89%,99.89%,5548,5542,99.89%,99.94%,100.00%,99.73%,99.93%,100.00%
2026-08-24,5548,5544,99.93%,99.93%,5548,5544,99.93%,99.94%,100.00%,99.87%,99.93%,100.00%
2026-08-25,5549,5545,99.93%,99.93%,5549,5545,99.93%,99.88%,100.00%,99.87%,100.00%,100.00%
2026-08-26,5549,5546,99.95%,99.95%,5549,5546,99.95%,100.00%,100.00%,99.80%,100.00%,100.00%
2026-08-27,5549,5546,99.95%,99.95%,5549,5546,99.95%,99.94%,100.00%,99.87%,100.00%,100.00%
2026-08-28,5550,5546,99.93%,99.93%,5550,5546,99.93%,100.00%,100.00%,99.73%,100.00%,100.00%
2026-08-31,5550,5544,99.89%,99.89%,5549,5544,99.91%,99.94%,99.84%,99.87%,99.86%,100.00%
2026-09-01,5552,5545,99.87%,99.87%,5551,5545,99.89%,99.94%,99.84%,99.80%,99.86%,100.00%
2026-09-02,5553,5546,99.87%,99.87%,5552,5546,99.89%,99.94%,99.84%,99.87%,99.79%,100.00%
2026-09-03,5554,5548,99.89%,99.89%,5553,5548,99.91%,99.94%,99.84%,99.87%,99.86%,100.00%
2026-09-04,5555,5547,99.86%,99.86%,5554,5547,99.87%,99.94%,99.84%,99.73%,99.86%,100.00%
2026-09-07,5557,5548,99.84%,99.84%,5556,5548,99.86%,99.88%,99.84%,99.67%,99.93%,100.00%
2026-09-08,5557,5548,99.84%,99.84%,5556,5548,99.86%,99.88%,99.67%,99.73%,99.93%,100.00%
2026-09-09,5559,5549,99.82%,99.82%,5558,5549,99.84%,99.82%,99.67%,99.73%,99.93%,100.00%
2026-09-10,5560,5548,99.78%,99.78%,5559,5548,99.80%,99.76%,99.67%,99.73%,99.86%,100.00%
2026-09-11,5561,5549,99.78%,99.78%,5560,5549,99.80%,99.76%,99.51%,99.80%,99.86%,100.00%
2026-09-14,5561,5549,99.78%,99.78%,5560,5549,99.80%,99.71%,99.68%,99.80%,99.86%,100.00%
2026-09-15,5561,5547,99.75%,99.75%,5560,5547,99.77%,99.47%,99.84%,99.87%,99.86%,100.00%
2026-09-16,5563,5549,99.75%,99.75%,5562,5549,99.77%,99.47%,99.84%,99.87%,99.86%,100.00%
2026-09-17,5564,5552,99.78%,99.78%,5563,5552,99.80%,99.53%,99.84%,99.87%,99.93%,100.00%
2026-09-18,5564,5552,99.78%,99.78%,5563,5552,99.80%,99.53%,99.84%,99.87%,99.93%,100.00%
2026-09-21,5564,5552,99.78%,99.78%,5560,5552,99.86%,99.65%,99.84%,99.87%,99.79%,100.00%
2026-09-22,5566,5553,99.77%,99.77%,5561,5553,99.86%,99.65%,99.84%,99.80%,99.79%,100.00%
2026-09-23,5567,5555,99.78%,99.78%,5562,5555,99.87%,99.71%,99.84%,99.80%,99.79%,100.00%
2026-09-24,5568,5556,99.78%,99.78%,5563,5556,99.87%,99.71%,99.84%,99.80%,99.79%,100.00%
2026-09-28,5568,5556,99.78%,99.78%,5563,5556,99.87%,99.71%,99.84%,99.80%,99.79%,100.00%
2026-09-29,5570,5558,99.78%,99.78%,5565,5558,99.87%,99.71%,99.84%,99.80%,99.79%,100.00%
2026-09-30,5571,5560,99.80%,99.80%,5565,5560,99.91%,99.76%,99.84%,99.67%,99.93%,100.00%
