audit_date,symbol,company_name,exchange,board,difference_type,security_type,listing_date,delisting_date,local_active_from,local_active_to,official_source,official_document_id_or_url,root_cause,required_action
2024-10-08,000584.SZ,,SZSE,SZSE_MAIN,MISSING_IN_LOCAL,A_SHARE_COMMON_EQUITY,1995-11-28,,,,SZSE_OFFICIAL_DELISTED_REGISTER,https://www.szse.cn/market/stock/suspend/index.html?stockCode=000584,LOCAL_MASTER_MISSING,"verify authoritative listing record, then add only if truly A-share common equity"
2024-10-08,000622.SZ,,SZSE,SZSE_MAIN,MISSING_IN_LOCAL,A_SHARE_COMMON_EQUITY,1996-11-07,,,,SZSE_OFFICIAL_DELISTED_REGISTER,https://www.szse.cn/market/stock/suspend/index.html?stockCode=000622,LOCAL_MASTER_MISSING,"verify authoritative listing record, then add only if truly A-share common equity"
2024-10-08,000627.SZ,,SZSE,SZSE_MAIN,MISSING_IN_LOCAL,A_SHARE_COMMON_EQUITY,1996-11-12,,,,SZSE_OFFICIAL_DELISTED_REGISTER,https://www.szse.cn/market/stock/suspend/index.html?stockCode=000627,LOCAL_MASTER_MISSING,"verify authoritative listing record, then add only if truly A-share common equity"
2024-10-08,000638.SZ,,SZSE,SZSE_MAIN,MISSING_IN_LOCAL,A_SHARE_COMMON_EQUITY,1996-11-26,,,,SZSE_OFFICIAL_DELISTED_REGISTER,https://www.szse.cn/market/stock/suspend/index.html?stockCode=000638,LOCAL_MASTER_MISSING,"verify authoritative listing record, then add only if truly A-share common equity"
2024-10-08,002231.SZ,,SZSE,SZSE_MAIN,MISSING_IN_LOCAL,A_SHARE_COMMON_EQUITY,2008-05-12,,,,SZSE_OFFICIAL_DELISTED_REGISTER,https://www.szse.cn/market/stock/suspend/index.html?stockCode=002231,LOCAL_MASTER_MISSING,"verify authoritative listing record, then add only if truly A-share common equity"
2024-10-08,002336.SZ,,SZSE,SZSE_MAIN,MISSING_IN_LOCAL,A_SHARE_COMMON_EQUITY,2010-01-13,,,,SZSE_OFFICIAL_DELISTED_REGISTER,https://www.szse.cn/market/stock/suspend/index.html?stockCode=002336,LOCAL_MASTER_MISSING,"verify authoritative listing record, then add only if truly A-share common equity"
2024-10-08,002750.SZ,,SZSE,SZSE_MAIN,MISSING_IN_LOCAL,A_SHARE_COMMON_EQUITY,2015-03-24,,,,SZSE_OFFICIAL_DELISTED_REGISTER,https://www.szse.cn/market/stock/suspend/index.html?stockCode=002750,LOCAL_MASTER_MISSING,"verify authoritative listing record, then add only if truly A-share common equity"
2024-10-08,002808.SZ,,SZSE,SZSE_MAIN,MISSING_IN_LOCAL,A_SHARE_COMMON_EQUITY,2016-08-12,,,,SZSE_OFFICIAL_DELISTED_REGISTER,https://www.szse.cn/market/stock/suspend/index.html?stockCode=002808,LOCAL_MASTER_MISSING,"verify authoritative listing record, then add only if truly A-share common equity"
2024-10-08,002898.SZ,,SZSE,SZSE_MAIN,MISSING_IN_LOCAL,A_SHARE_COMMON_EQUITY,2017-09-12,,,,SZSE_OFFICIAL_DELISTED_REGISTER,https://www.szse.cn/market/stock/suspend/index.html?stockCode=002898,LOCAL_MASTER_MISSING,"verify authoritative listing record, then add only if truly A-share common equity"
2024-10-08,300029.SZ,,SZSE,CHINEXT,MISSING_IN_LOCAL,A_SHARE_COMMON_EQUITY,2009-12-25,,,,SZSE_OFFICIAL_DELISTED_REGISTER,https://www.szse.cn/market/stock/suspend/index.html?stockCode=300029,LOCAL_MASTER_MISSING,"verify authoritative listing record, then add only if truly A-share common equity"
2024-10-08,300108.SZ,,SZSE,CHINEXT,MISSING_IN_LOCAL,A_SHARE_COMMON_EQUITY,2010-08-25,,,,SZSE_OFFICIAL_DELISTED_REGISTER,https://www.szse.cn/market/stock/suspend/index.html?stockCode=300108,LOCAL_MASTER_MISSING,"verify authoritative listing record, then add only if truly A-share common equity"
2024-10-08,300117.SZ,,SZSE,CHINEXT,MISSING_IN_LOCAL,A_SHARE_COMMON_EQUITY,2010-09-02,,,,SZSE_OFFICIAL_DELISTED_REGISTER,https://www.szse.cn/market/stock/suspend/index.html?stockCode=300117,LOCAL_MASTER_MISSING,"verify authoritative listing record, then add only if truly A-share common equity"
2024-10-08,300208.SZ,,SZSE,CHINEXT,MISSING_IN_LOCAL,A_SHARE_COMMON_EQUITY,2011-04-26,,,,SZSE_OFFICIAL_DELISTED_REGISTER,https://www.szse.cn/market/stock/suspend/index.html?stockCode=300208,LOCAL_MASTER_MISSING,"verify authoritative listing record, then add only if truly A-share common equity"
2024-10-08,300280.SZ,,SZSE,CHINEXT,MISSING_IN_LOCAL,A_SHARE_COMMON_EQUITY,2011-12-29,,,,SZSE_OFFICIAL_DELISTED_REGISTER,https://www.szse.cn/market/stock/suspend/index.html?stockCode=300280,LOCAL_MASTER_MISSING,"verify authoritative listing record, then add only if truly A-share common equity"
2024-10-08,300344.SZ,,SZSE,CHINEXT,MISSING_IN_LOCAL,A_SHARE_COMMON_EQUITY,2012-08-01,,,,SZSE_OFFICIAL_DELISTED_REGISTER,https://www.szse.cn/market/stock/suspend/index.html?stockCode=300344,LOCAL_MASTER_MISSING,"verify authoritative listing record, then add only if truly A-share common equity"
2024-10-08,300391.SZ,,SZSE,CHINEXT,MISSING_IN_LOCAL,A_SHARE_COMMON_EQUITY,2014-08-01,,,,SZSE_OFFICIAL_DELISTED_REGISTER,https://www.szse.cn/market/stock/suspend/index.html?stockCode=300391,LOCAL_MASTER_MISSING,"verify authoritative listing record, then add only if truly A-share common equity"
2024-10-08,300630.SZ,,SZSE,CHINEXT,MISSING_IN_LOCAL,A_SHARE_COMMON_EQUITY,2017-03-28,,,,SZSE_OFFICIAL_DELISTED_REGISTER,https://www.szse.cn/market/stock/suspend/index.html?stockCode=300630,LOCAL_MASTER_MISSING,"verify authoritative listing record, then add only if truly A-share common equity"
2024-10-08,600193.SH,,SSE,SSE_MAIN,MISSING_IN_LOCAL,A_SHARE_COMMON_EQUITY,1999-05-27,,,,SSE_OFFICIAL_DELISTED_REGISTER,https://www.sse.com.cn/assortment/stock/list/delist/info/price/index.shtml?COMPANY_CODE=600193,LOCAL_MASTER_MISSING,"verify authoritative listing record, then add only if truly A-share common equity"
2024-10-08,600213.SH,,SSE,SSE_MAIN,MISSING_IN_LOCAL,A_SHARE_COMMON_EQUITY,1999-08-31,,,,SSE_OFFICIAL_DELISTED_REGISTER,https://www.sse.com.cn/assortment/stock/list/delist/info/price/index.shtml?COMPANY_CODE=600213,LOCAL_MASTER_MISSING,"verify authoritative listing record, then add only if truly A-share common equity"
2024-10-08,600225.SH,,SSE,SSE_MAIN,MISSING_IN_LOCAL,A_SHARE_COMMON_EQUITY,2000-01-27,,,,SSE_OFFICIAL_DELISTED_REGISTER,https://www.sse.com.cn/assortment/stock/list/delist/info/price/index.shtml?COMPANY_CODE=600225,LOCAL_MASTER_MISSING,"verify authoritative listing record, then add only if truly A-share common equity"
2024-10-08,600355.SH,,SSE,SSE_MAIN,MISSING_IN_LOCAL,A_SHARE_COMMON_EQUITY,2002-06-13,,,,SSE_OFFICIAL_DELISTED_REGISTER,https://www.sse.com.cn/assortment/stock/list/delist/info/price/index.shtml?COMPANY_CODE=600355,LOCAL_MASTER_MISSING,"verify authoritative listing record, then add only if truly A-share common equity"
2024-10-08,600421.SH,,SSE,SSE_MAIN,MISSING_IN_LOCAL,A_SHARE_COMMON_EQUITY,2004-06-07,,,,SSE_OFFICIAL_DELISTED_REGISTER,https://www.sse.com.cn/assortment/stock/list/delist/info/price/index.shtml?COMPANY_CODE=600421,LOCAL_MASTER_MISSING,"verify authoritative listing record, then add only if truly A-share common equity"
2024-10-08,600462.SH,,SSE,SSE_MAIN,MISSING_IN_LOCAL,A_SHARE_COMMON_EQUITY,2003-09-03,,,,SSE_OFFICIAL_DELISTED_REGISTER,https://www.sse.com.cn/assortment/stock/list/delist/info/price/index.shtml?COMPANY_CODE=600462,LOCAL_MASTER_MISSING,"verify authoritative listing record, then add only if truly A-share common equity"
2024-10-08,600599.SH,,SSE,SSE_MAIN,MISSING_IN_LOCAL,A_SHARE_COMMON_EQUITY,2001-08-28,,,,SSE_OFFICIAL_DELISTED_REGISTER,https://www.sse.com.cn/assortment/stock/list/delist/info/price/index.shtml?COMPANY_CODE=600599,LOCAL_MASTER_MISSING,"verify authoritative listing record, then add only if truly A-share common equity"
2024-10-08,600608.SH,,SSE,SSE_MAIN,MISSING_IN_LOCAL,A_SHARE_COMMON_EQUITY,1992-03-27,,,,SSE_OFFICIAL_DELISTED_REGISTER,https://www.sse.com.cn/assortment/stock/list/delist/info/price/index.shtml?COMPANY_CODE=600608,LOCAL_MASTER_MISSING,"verify authoritative listing record, then add only if truly A-share common equity"
2024-10-08,600636.SH,,SSE,SSE_MAIN,MISSING_IN_LOCAL,A_SHARE_COMMON_EQUITY,1993-03-16,,,,SSE_OFFICIAL_DELISTED_REGISTER,https://www.sse.com.cn/assortment/stock/list/delist/info/price/index.shtml?COMPANY_CODE=600636,LOCAL_MASTER_MISSING,"verify authoritative listing record, then add only if truly A-share common equity"
2024-10-08,600696.SH,,SSE,SSE_MAIN,MISSING_IN_LOCAL,A_SHARE_COMMON_EQUITY,1993-12-06,,,,SSE_OFFICIAL_DELISTED_REGISTER,https://www.sse.com.cn/assortment/stock/list/delist/info/price/index.shtml?COMPANY_CODE=600696,LOCAL_MASTER_MISSING,"verify authoritative listing record, then add only if truly A-share common equity"
2024-10-08,600705.SH,,SSE,SSE_MAIN,MISSING_IN_LOCAL,A_SHARE_COMMON_EQUITY,1996-05-16,,,,SSE_OFFICIAL_DELISTED_REGISTER,https://www.sse.com.cn/assortment/stock/list/delist/info/price/index.shtml?COMPANY_CODE=600705,LOCAL_MASTER_MISSING,"verify authoritative listing record, then add only if truly A-share common equity"
2024-10-08,600804.SH,,SSE,SSE_MAIN,MISSING_IN_LOCAL,A_SHARE_COMMON_EQUITY,1994-01-03,,,,SSE_OFFICIAL_DELISTED_REGISTER,https://www.sse.com.cn/assortment/stock/list/delist/info/price/index.shtml?COMPANY_CODE=600804,LOCAL_MASTER_MISSING,"verify authoritative listing record, then add only if truly A-share common equity"
2024-10-08,600898.SH,,SSE,SSE_MAIN,MISSING_IN_LOCAL,A_SHARE_COMMON_EQUITY,1996-04-18,,,,SSE_OFFICIAL_DELISTED_REGISTER,https://www.sse.com.cn/assortment/stock/list/delist/info/price/index.shtml?COMPANY_CODE=600898,LOCAL_MASTER_MISSING,"verify authoritative listing record, then add only if truly A-share common equity"
2024-10-08,601028.SH,,SSE,SSE_MAIN,MISSING_IN_LOCAL,A_SHARE_COMMON_EQUITY,2011-11-07,,,,SSE_OFFICIAL_DELISTED_REGISTER,https://www.sse.com.cn/assortment/stock/list/delist/info/price/index.shtml?COMPANY_CODE=601028,LOCAL_MASTER_MISSING,"verify authoritative listing record, then add only if truly A-share common equity"
2024-10-08,603003.SH,,SSE,SSE_MAIN,MISSING_IN_LOCAL,A_SHARE_COMMON_EQUITY,2012-08-17,,,,SSE_OFFICIAL_DELISTED_REGISTER,https://www.sse.com.cn/assortment/stock/list/delist/info/price/index.shtml?COMPANY_CODE=603003,LOCAL_MASTER_MISSING,"verify authoritative listing record, then add only if truly A-share common equity"
2024-10-08,603388.SH,,SSE,SSE_MAIN,MISSING_IN_LOCAL,A_SHARE_COMMON_EQUITY,2017-03-24,,,,SSE_OFFICIAL_DELISTED_REGISTER,https://www.sse.com.cn/assortment/stock/list/delist/info/price/index.shtml?COMPANY_CODE=603388,LOCAL_MASTER_MISSING,"verify authoritative listing record, then add only if truly A-share common equity"
2024-10-08,603963.SH,,SSE,SSE_MAIN,MISSING_IN_LOCAL,A_SHARE_COMMON_EQUITY,2017-09-22,,,,SSE_OFFICIAL_DELISTED_REGISTER,https://www.sse.com.cn/assortment/stock/list/delist/info/price/index.shtml?COMPANY_CODE=603963,LOCAL_MASTER_MISSING,"verify authoritative listing record, then add only if truly A-share common equity"
2024-10-08,605081.SH,,SSE,SSE_MAIN,MISSING_IN_LOCAL,A_SHARE_COMMON_EQUITY,2021-02-09,,,,SSE_OFFICIAL_DELISTED_REGISTER,https://www.sse.com.cn/assortment/stock/list/delist/info/price/index.shtml?COMPANY_CODE=605081,LOCAL_MASTER_MISSING,"verify authoritative listing record, then add only if truly A-share common equity"
2025-09-29,000627.SZ,,SZSE,SZSE_MAIN,MISSING_IN_LOCAL,A_SHARE_COMMON_EQUITY,1996-11-12,,,,SZSE_OFFICIAL_DELISTED_REGISTER,https://www.szse.cn/market/stock/suspend/index.html?stockCode=000627,LOCAL_MASTER_MISSING,"verify authoritative listing record, then add only if truly A-share common equity"
2025-09-29,000638.SZ,,SZSE,SZSE_MAIN,MISSING_IN_LOCAL,A_SHARE_COMMON_EQUITY,1996-11-26,,,,SZSE_OFFICIAL_DELISTED_REGISTER,https://www.szse.cn/market/stock/suspend/index.html?stockCode=000638,LOCAL_MASTER_MISSING,"verify authoritative listing record, then add only if truly A-share common equity"
2025-09-29,002231.SZ,,SZSE,SZSE_MAIN,MISSING_IN_LOCAL,A_SHARE_COMMON_EQUITY,2008-05-12,,,,SZSE_OFFICIAL_DELISTED_REGISTER,https://www.szse.cn/market/stock/suspend/index.html?stockCode=002231,LOCAL_MASTER_MISSING,"verify authoritative listing record, then add only if truly A-share common equity"
2025-09-29,002808.SZ,,SZSE,SZSE_MAIN,MISSING_IN_LOCAL,A_SHARE_COMMON_EQUITY,2016-08-12,,,,SZSE_OFFICIAL_DELISTED_REGISTER,https://www.szse.cn/market/stock/suspend/index.html?stockCode=002808,LOCAL_MASTER_MISSING,"verify authoritative listing record, then add only if truly A-share common equity"
2025-09-29,002898.SZ,,SZSE,SZSE_MAIN,MISSING_IN_LOCAL,A_SHARE_COMMON_EQUITY,2017-09-12,,,,SZSE_OFFICIAL_DELISTED_REGISTER,https://www.szse.cn/market/stock/suspend/index.html?stockCode=002898,LOCAL_MASTER_MISSING,"verify authoritative listing record, then add only if truly A-share common equity"
2025-09-29,300029.SZ,,SZSE,CHINEXT,MISSING_IN_LOCAL,A_SHARE_COMMON_EQUITY,2009-12-25,,,,SZSE_OFFICIAL_DELISTED_REGISTER,https://www.szse.cn/market/stock/suspend/index.html?stockCode=300029,LOCAL_MASTER_MISSING,"verify authoritative listing record, then add only if truly A-share common equity"
2025-09-29,300280.SZ,,SZSE,CHINEXT,MISSING_IN_LOCAL,A_SHARE_COMMON_EQUITY,2011-12-29,,,,SZSE_OFFICIAL_DELISTED_REGISTER,https://www.szse.cn/market/stock/suspend/index.html?stockCode=300280,LOCAL_MASTER_MISSING,"verify authoritative listing record, then add only if truly A-share common equity"
2025-09-29,300344.SZ,,SZSE,CHINEXT,MISSING_IN_LOCAL,A_SHARE_COMMON_EQUITY,2012-08-01,,,,SZSE_OFFICIAL_DELISTED_REGISTER,https://www.szse.cn/market/stock/suspend/index.html?stockCode=300344,LOCAL_MASTER_MISSING,"verify authoritative listing record, then add only if truly A-share common equity"
2025-09-29,300391.SZ,,SZSE,CHINEXT,MISSING_IN_LOCAL,A_SHARE_COMMON_EQUITY,2014-08-01,,,,SZSE_OFFICIAL_DELISTED_REGISTER,https://www.szse.cn/market/stock/suspend/index.html?stockCode=300391,LOCAL_MASTER_MISSING,"verify authoritative listing record, then add only if truly A-share common equity"
2025-09-29,600193.SH,,SSE,SSE_MAIN,MISSING_IN_LOCAL,A_SHARE_COMMON_EQUITY,1999-05-27,,,,SSE_OFFICIAL_DELISTED_REGISTER,https://www.sse.com.cn/assortment/stock/list/delist/info/price/index.shtml?COMPANY_CODE=600193,LOCAL_MASTER_MISSING,"verify authoritative listing record, then add only if truly A-share common equity"
2025-09-29,600355.SH,,SSE,SSE_MAIN,MISSING_IN_LOCAL,A_SHARE_COMMON_EQUITY,2002-06-13,,,,SSE_OFFICIAL_DELISTED_REGISTER,https://www.sse.com.cn/assortment/stock/list/delist/info/price/index.shtml?COMPANY_CODE=600355,LOCAL_MASTER_MISSING,"verify authoritative listing record, then add only if truly A-share common equity"
2025-09-29,600421.SH,,SSE,SSE_MAIN,MISSING_IN_LOCAL,A_SHARE_COMMON_EQUITY,2004-06-07,,,,SSE_OFFICIAL_DELISTED_REGISTER,https://www.sse.com.cn/assortment/stock/list/delist/info/price/index.shtml?COMPANY_CODE=600421,LOCAL_MASTER_MISSING,"verify authoritative listing record, then add only if truly A-share common equity"
2025-09-29,600599.SH,,SSE,SSE_MAIN,MISSING_IN_LOCAL,A_SHARE_COMMON_EQUITY,2001-08-28,,,,SSE_OFFICIAL_DELISTED_REGISTER,https://www.sse.com.cn/assortment/stock/list/delist/info/price/index.shtml?COMPANY_CODE=600599,LOCAL_MASTER_MISSING,"verify authoritative listing record, then add only if truly A-share common equity"
2025-09-29,600608.SH,,SSE,SSE_MAIN,MISSING_IN_LOCAL,A_SHARE_COMMON_EQUITY,1992-03-27,,,,SSE_OFFICIAL_DELISTED_REGISTER,https://www.sse.com.cn/assortment/stock/list/delist/info/price/index.shtml?COMPANY_CODE=600608,LOCAL_MASTER_MISSING,"verify authoritative listing record, then add only if truly A-share common equity"
2025-09-29,600636.SH,,SSE,SSE_MAIN,MISSING_IN_LOCAL,A_SHARE_COMMON_EQUITY,1993-03-16,,,,SSE_OFFICIAL_DELISTED_REGISTER,https://www.sse.com.cn/assortment/stock/list/delist/info/price/index.shtml?COMPANY_CODE=600636,LOCAL_MASTER_MISSING,"verify authoritative listing record, then add only if truly A-share common equity"
2025-09-29,600696.SH,,SSE,SSE_MAIN,MISSING_IN_LOCAL,A_SHARE_COMMON_EQUITY,1993-12-06,,,,SSE_OFFICIAL_DELISTED_REGISTER,https://www.sse.com.cn/assortment/stock/list/delist/info/price/index.shtml?COMPANY_CODE=600696,LOCAL_MASTER_MISSING,"verify authoritative listing record, then add only if truly A-share common equity"
2025-09-29,603388.SH,,SSE,SSE_MAIN,MISSING_IN_LOCAL,A_SHARE_COMMON_EQUITY,2017-03-24,,,,SSE_OFFICIAL_DELISTED_REGISTER,https://www.sse.com.cn/assortment/stock/list/delist/info/price/index.shtml?COMPANY_CODE=603388,LOCAL_MASTER_MISSING,"verify authoritative listing record, then add only if truly A-share common equity"
2025-09-29,605081.SH,,SSE,SSE_MAIN,MISSING_IN_LOCAL,A_SHARE_COMMON_EQUITY,2021-02-09,,,,SSE_OFFICIAL_DELISTED_REGISTER,https://www.sse.com.cn/assortment/stock/list/delist/info/price/index.shtml?COMPANY_CODE=605081,LOCAL_MASTER_MISSING,"verify authoritative listing record, then add only if truly A-share common equity"
2026-07-01,002808.SZ,,SZSE,SZSE_MAIN,MISSING_IN_LOCAL,A_SHARE_COMMON_EQUITY,2016-08-12,,,,SZSE_OFFICIAL_DELISTED_REGISTER,https://www.szse.cn/market/stock/suspend/index.html?stockCode=002808,LOCAL_MASTER_MISSING,"verify authoritative listing record, then add only if truly A-share common equity"
2026-07-01,002898.SZ,,SZSE,SZSE_MAIN,MISSING_IN_LOCAL,A_SHARE_COMMON_EQUITY,2017-09-12,,,,SZSE_OFFICIAL_DELISTED_REGISTER,https://www.szse.cn/market/stock/suspend/index.html?stockCode=002898,LOCAL_MASTER_MISSING,"verify authoritative listing record, then add only if truly A-share common equity"
2026-07-01,300029.SZ,,SZSE,CHINEXT,MISSING_IN_LOCAL,A_SHARE_COMMON_EQUITY,2009-12-25,,,,SZSE_OFFICIAL_DELISTED_REGISTER,https://www.szse.cn/market/stock/suspend/index.html?stockCode=300029,LOCAL_MASTER_MISSING,"verify authoritative listing record, then add only if truly A-share common equity"
2026-07-01,600193.SH,,SSE,SSE_MAIN,MISSING_IN_LOCAL,A_SHARE_COMMON_EQUITY,1999-05-27,,,,SSE_OFFICIAL_DELISTED_REGISTER,https://www.sse.com.cn/assortment/stock/list/delist/info/price/index.shtml?COMPANY_CODE=600193,LOCAL_MASTER_MISSING,"verify authoritative listing record, then add only if truly A-share common equity"
2026-07-01,600608.SH,,SSE,SSE_MAIN,MISSING_IN_LOCAL,A_SHARE_COMMON_EQUITY,1992-03-27,,,,SSE_OFFICIAL_DELISTED_REGISTER,https://www.sse.com.cn/assortment/stock/list/delist/info/price/index.shtml?COMPANY_CODE=600608,LOCAL_MASTER_MISSING,"verify authoritative listing record, then add only if truly A-share common equity"
2026-07-01,605081.SH,,SSE,SSE_MAIN,MISSING_IN_LOCAL,A_SHARE_COMMON_EQUITY,2021-02-09,,,,SSE_OFFICIAL_DELISTED_REGISTER,https://www.sse.com.cn/assortment/stock/list/delist/info/price/index.shtml?COMPANY_CODE=605081,LOCAL_MASTER_MISSING,"verify authoritative listing record, then add only if truly A-share common equity"
2026-09-30,000016.SZ,*ST康佳A,SZSE,SZSE_MAIN,MISSING_IN_LOCAL,A_SHARE_COMMON_EQUITY,1992-03-27,2026-09-03,1992-03-27,2026-09-03,SZSE_OFFICIAL_LISTING_REGISTER,https://www.szse.cn/market/product/stock/list/index.html?stockCode=000016,LOCAL_DELISTING_DATE_MISMATCH,verify and correct delisting_date/active_to from exchange record
2026-09-30,600293.SH,三峡新材,SSE,SSE_MAIN,MISSING_IN_LOCAL,A_SHARE_COMMON_EQUITY,2000-09-19,2026-09-28,2000-09-19,2026-09-28,SSE_OFFICIAL_LISTING_REGISTER,https://www.sse.com.cn/assortment/stock/list/info/price/index.shtml?COMPANY_CODE=600293,LOCAL_DELISTING_DATE_MISMATCH,verify and correct delisting_date/active_to from exchange record
2026-09-30,601198.SH,东兴证券,SSE,SSE_MAIN,MISSING_IN_LOCAL,A_SHARE_COMMON_EQUITY,2015-02-26,2026-09-14,2015-02-26,2026-09-14,SSE_OFFICIAL_LISTING_REGISTER,https://www.sse.com.cn/assortment/stock/list/info/price/index.shtml?COMPANY_CODE=601198,LOCAL_DELISTING_DATE_MISMATCH,verify and correct delisting_date/active_to from exchange record
2026-09-30,688496.SH,*ST清越,SSE,STAR,MISSING_IN_LOCAL,A_SHARE_COMMON_EQUITY,2022-12-28,2026-09-10,2022-12-28,2026-09-10,SSE_OFFICIAL_LISTING_REGISTER,https://star.sse.com.cn/company/detail.shtml?stockCode=688496,LOCAL_DELISTING_DATE_MISMATCH,verify and correct delisting_date/active_to from exchange record
