sector_name,constituent_count,source_coverage_pct,schema_supports_pit,dataset_complete
综合,2295,0.41%,True,False
计算机,1174,0.41%,True,False
电子,583,0.41%,True,False
制造与科技,409,0.41%,True,False
医药,84,0.41%,True,False
电力及公用事业,72,0.41%,True,False
机械,70,0.41%,True,False
国防军工,68,0.41%,True,False
传媒,65,0.41%,True,False
汽车,63,0.41%,True,False
交通运输,62,0.41%,True,False
轻工制造,61,0.41%,True,False
纺织服装,61,0.41%,True,False
建筑,59,0.41%,True,False
房地产,55,0.41%,True,False
农林牧渔,53,0.41%,True,False
非银行金融,49,0.41%,True,False
家电,45,0.41%,True,False
钢铁,45,0.41%,True,False
石油石化,43,0.41%,True,False
建材,38,0.41%,True,False
银行,32,0.41%,True,False
电力设备,29,0.41%,True,False
有色金属,27,0.41%,True,False
食品饮料,25,0.41%,True,False
基础化工,24,0.41%,True,False
通信,22,0.41%,True,False
商贸零售,21,0.41%,True,False
煤炭,21,0.41%,True,False
餐饮旅游,20,0.41%,True,False
软件与信息技术,1,0.41%,True,False
TOTAL_ALL_SECTORS,5655,0.41%,True,False
