source_id,interval_count,verified_provenance,unverified_interval_count
CSRC_2012_INDUSTRY_CLASSIFICATION_STANDARD,5634,True,0
CSRC_HISTORICAL_INITIAL_INDUSTRY,21,True,0
CSRC_RECLASSIFICATION_CSRC_SHENWAN_INDUSTRY_CLASSIFICATION_NOTICE_SSE_RECLASS_600072_20231120,1,True,0
CSRC_RECLASSIFICATION_CSRC_SHENWAN_INDUSTRY_CLASSIFICATION_NOTICE_SSE_RECLASS_600200_20220701,1,True,0
CSRC_RECLASSIFICATION_CSRC_SHENWAN_INDUSTRY_CLASSIFICATION_NOTICE_SSE_RECLASS_600293_20180515,1,True,0
CSRC_RECLASSIFICATION_CSRC_SHENWAN_INDUSTRY_CLASSIFICATION_NOTICE_SSE_RECLASS_600601_20221228,1,True,0
CSRC_RECLASSIFICATION_CSRC_SHENWAN_INDUSTRY_CLASSIFICATION_NOTICE_SSE_RECLASS_600770_20080410,1,True,0
CSRC_RECLASSIFICATION_CSRC_SHENWAN_INDUSTRY_CLASSIFICATION_NOTICE_SSE_RECLASS_600811_20200518,1,True,0
CSRC_RECLASSIFICATION_CSRC_SHENWAN_INDUSTRY_CLASSIFICATION_NOTICE_SZSE_RECLASS_000008_20150120,1,True,0
CSRC_RECLASSIFICATION_CSRC_SHENWAN_INDUSTRY_CLASSIFICATION_NOTICE_SZSE_RECLASS_000010_20150803,1,True,0
CSRC_RECLASSIFICATION_CSRC_SHENWAN_INDUSTRY_CLASSIFICATION_NOTICE_SZSE_RECLASS_000040_20160908,1,True,0
CSRC_RECLASSIFICATION_CSRC_SHENWAN_INDUSTRY_CLASSIFICATION_NOTICE_SZSE_RECLASS_000506_20120518,1,True,0
CSRC_RECLASSIFICATION_CSRC_SHENWAN_INDUSTRY_CLASSIFICATION_NOTICE_SZSE_RECLASS_000592_20140625,1,True,0
CSRC_RECLASSIFICATION_CSRC_SHENWAN_INDUSTRY_CLASSIFICATION_NOTICE_SZSE_RECLASS_000632_20220630,1,True,0
CSRC_RECLASSIFICATION_SSE_RECLASS_600100_20250328,1,True,0
CSRC_RECLASSIFICATION_SSE_RECLASS_600487_20250415,1,True,0
CSRC_RECLASSIFICATION_SSE_RECLASS_600884_20250618,1,True,0
CSRC_RECLASSIFICATION_SSE_RECLASS_601138_20250520,1,True,0
CSRC_RECLASSIFICATION_SSE_RECLASS_688111_20250115,1,True,0
CSRC_RECLASSIFICATION_SZSE_RECLASS_002015_20241115,1,True,0
CSRC_RECLASSIFICATION_SZSE_RECLASS_002384_20241210,1,True,0
CSRC_RECLASSIFICATION_SZSE_RECLASS_002466_20241025,1,True,0
CSRC_RECLASSIFICATION_SZSE_RECLASS_300496_20250710,1,True,0
