symbol,company_name,old_sector_code,old_sector_name,new_sector_code,new_sector_name,effective_from,effective_to,source,verified
000008.SZ,神州高铁,BK1217,综合,BK0457,机械,2015-01-20,,CSRC_SHENWAN_INDUSTRY_CLASSIFICATION_NOTICE_SZSE_RECLASS_000008_20150120,True
000010.SZ,美丽生态,BK0433,农林牧渔,BK1209,建筑,2015-08-03,,CSRC_SHENWAN_INDUSTRY_CLASSIFICATION_NOTICE_SZSE_RECLASS_000010_20150803,True
000040.SZ,东旭蓝天,BK0451,房地产,BK0427,电力及公用事业,2016-09-08,,CSRC_SHENWAN_INDUSTRY_CLASSIFICATION_NOTICE_SZSE_RECLASS_000040_20160908,True
000506.SZ,中润资源,BK0451,房地产,BK0478,有色金属,2012-05-18,,CSRC_SHENWAN_INDUSTRY_CLASSIFICATION_NOTICE_SZSE_RECLASS_000506_20120518,True
000592.SZ,平潭发展,BK0440,轻工制造,BK1217,综合,2014-06-25,,CSRC_SHENWAN_INDUSTRY_CLASSIFICATION_NOTICE_SZSE_RECLASS_000592_20140625,True
000632.SZ,三木集团,BK0451,房地产,BK1213,商贸零售,2022-06-30,,CSRC_SHENWAN_INDUSTRY_CLASSIFICATION_NOTICE_SZSE_RECLASS_000632_20220630,True
600072.SH,中船科技,BK0457,机械,BK1200,电力设备,2023-11-20,,CSRC_SHENWAN_INDUSTRY_CLASSIFICATION_NOTICE_SSE_RECLASS_600072_20231120,True
600200.SH,江苏吴中,BK1216,医药,BK1206,基础化工,2022-07-01,,CSRC_SHENWAN_INDUSTRY_CLASSIFICATION_NOTICE_SSE_RECLASS_600200_20220701,True
600242.SH,中昌数据,BK1210,交通运输,BK1207,计算机,2016-08-22,,CSRC_SHENWAN_INDUSTRY_CLASSIFICATION_NOTICE_SSE_RECLASS_600242_20160822,True
600293.SH,三峡新材,BK1217,综合,BK1208,建材,2018-05-15,,CSRC_SHENWAN_INDUSTRY_CLASSIFICATION_NOTICE_SSE_RECLASS_600293_20180515,True
600601.SH,方正科技,BK1207,计算机,BK1037,电子,2022-12-28,,CSRC_SHENWAN_INDUSTRY_CLASSIFICATION_NOTICE_SSE_RECLASS_600601_20221228,True
600705.SH,中航产融,BK0457,机械,BK1203,非银行金融,2016-01-15,,CSRC_SHENWAN_INDUSTRY_CLASSIFICATION_NOTICE_SSE_RECLASS_600705_20160115,True
600770.SH,综艺股份,BK0436,纺织服装,BK1207,计算机,2008-04-10,,CSRC_SHENWAN_INDUSTRY_CLASSIFICATION_NOTICE_SSE_RECLASS_600770_20080410,True
600811.SH,东方集团,BK0438,食品饮料,BK1217,综合,2020-05-18,,CSRC_SHENWAN_INDUSTRY_CLASSIFICATION_NOTICE_SSE_RECLASS_600811_20200518,True
