symbol,membership_ready,execution_ready,listing_date,delisting_date,candidate_status,membership_source_file,membership_source_register_hash_match,membership_source_record_found,membership_source_semantic_status,membership_source_allows_delisting_date,membership_source_dates_match_candidate,research_window_start,research_window_end,research_window_trading_days,raw_filename,raw_file_exists,raw_manifest_hash_present,raw_file_hash_match,raw_dataset_hash_match,daily_raw_coverage_fresh,raw_expected_trading_days,raw_present_trading_days,raw_missing_trading_days,raw_window_coverage,raw_window_complete,status_interval_count,status_provenance_verified,status_window_coverage_complete,status_gap_day_count,status_conflict_day_count,sector_interval_count,sector_provenance_verified,sector_window_coverage_complete,sector_gap_day_count,sector_conflict_day_count,blockers
000584.SZ,True,False,1995-11-28,2025-07-11,DATE_PROVENANCE_READY_MASTER_INSERT_NOT_YET_APPROVED,szse_delisted_register.csv,True,True,EXPLICIT_TERMINATION_FIELD,True,True,2024-10-01,2025-07-11,187,000584_SZ.csv,False,False,False,True,True,187,0,187,0.0,False,0,False,False,187,0,0,False,False,187,0,RAW_OHLCV_NOT_MANIFEST_VERIFIED;HISTORICAL_STATUS_PROVENANCE_INCOMPLETE;HISTORICAL_SECTOR_PROVENANCE_INCOMPLETE
000622.SZ,True,False,1996-11-07,2025-07-16,DATE_PROVENANCE_READY_MASTER_INSERT_NOT_YET_APPROVED,szse_delisted_register.csv,True,True,EXPLICIT_TERMINATION_FIELD,True,True,2024-10-01,2025-07-16,190,000622_SZ.csv,False,False,False,True,True,190,0,190,0.0,False,0,False,False,190,0,0,False,False,190,0,RAW_OHLCV_NOT_MANIFEST_VERIFIED;HISTORICAL_STATUS_PROVENANCE_INCOMPLETE;HISTORICAL_SECTOR_PROVENANCE_INCOMPLETE
000627.SZ,True,False,1996-11-12,2025-09-30,DATE_PROVENANCE_READY_MASTER_INSERT_NOT_YET_APPROVED,szse_delisted_register.csv,True,True,EXPLICIT_TERMINATION_FIELD,True,True,2024-10-01,2025-09-30,244,000627_SZ.csv,False,False,False,True,True,244,0,244,0.0,False,0,False,False,244,0,0,False,False,244,0,RAW_OHLCV_NOT_MANIFEST_VERIFIED;HISTORICAL_STATUS_PROVENANCE_INCOMPLETE;HISTORICAL_SECTOR_PROVENANCE_INCOMPLETE
000638.SZ,True,False,1996-11-26,2026-06-03,DATE_PROVENANCE_READY_MASTER_INSERT_NOT_YET_APPROVED,szse_delisted_register.csv,True,True,EXPLICIT_TERMINATION_FIELD,True,True,2024-10-01,2026-06-03,402,000638_SZ.csv,False,False,False,True,True,402,0,402,0.0,False,0,False,False,402,0,0,False,False,402,0,RAW_OHLCV_NOT_MANIFEST_VERIFIED;HISTORICAL_STATUS_PROVENANCE_INCOMPLETE;HISTORICAL_SECTOR_PROVENANCE_INCOMPLETE
002231.SZ,True,False,2008-05-12,2026-03-27,DATE_PROVENANCE_READY_MASTER_INSERT_NOT_YET_APPROVED,szse_delisted_register.csv,True,True,EXPLICIT_TERMINATION_FIELD,True,True,2024-10-01,2026-03-27,358,002231_SZ.csv,False,False,False,True,True,358,0,358,0.0,False,0,False,False,358,0,0,False,False,358,0,RAW_OHLCV_NOT_MANIFEST_VERIFIED;HISTORICAL_STATUS_PROVENANCE_INCOMPLETE;HISTORICAL_SECTOR_PROVENANCE_INCOMPLETE
002336.SZ,True,False,2010-01-13,2025-07-04,DATE_PROVENANCE_READY_MASTER_INSERT_NOT_YET_APPROVED,szse_delisted_register.csv,True,True,EXPLICIT_TERMINATION_FIELD,True,True,2024-10-01,2025-07-04,182,002336_SZ.csv,False,False,False,True,True,182,0,182,0.0,False,0,False,False,182,0,0,False,False,182,0,RAW_OHLCV_NOT_MANIFEST_VERIFIED;HISTORICAL_STATUS_PROVENANCE_INCOMPLETE;HISTORICAL_SECTOR_PROVENANCE_INCOMPLETE
002750.SZ,True,False,2015-03-24,2025-06-27,DATE_PROVENANCE_READY_MASTER_INSERT_NOT_YET_APPROVED,szse_delisted_register.csv,True,True,EXPLICIT_TERMINATION_FIELD,True,True,2024-10-01,2025-06-27,177,002750_SZ.csv,False,False,False,True,True,177,0,177,0.0,False,0,False,False,177,0,0,False,False,177,0,RAW_OHLCV_NOT_MANIFEST_VERIFIED;HISTORICAL_STATUS_PROVENANCE_INCOMPLETE;HISTORICAL_SECTOR_PROVENANCE_INCOMPLETE
002808.SZ,True,False,2016-08-12,2026-07-14,DATE_PROVENANCE_READY_MASTER_INSERT_NOT_YET_APPROVED,szse_delisted_register.csv,True,True,EXPLICIT_TERMINATION_FIELD,True,True,2024-10-01,2026-07-14,430,002808_SZ.csv,False,False,False,True,True,430,0,430,0.0,False,0,False,False,430,0,0,False,False,430,0,RAW_OHLCV_NOT_MANIFEST_VERIFIED;HISTORICAL_STATUS_PROVENANCE_INCOMPLETE;HISTORICAL_SECTOR_PROVENANCE_INCOMPLETE
002898.SZ,True,False,2017-09-12,2026-07-17,DATE_PROVENANCE_READY_MASTER_INSERT_NOT_YET_APPROVED,szse_delisted_register.csv,True,True,EXPLICIT_TERMINATION_FIELD,True,True,2024-10-01,2026-07-17,433,002898_SZ.csv,False,False,False,True,True,433,0,433,0.0,False,0,False,False,433,0,0,False,False,433,0,RAW_OHLCV_NOT_MANIFEST_VERIFIED;HISTORICAL_STATUS_PROVENANCE_INCOMPLETE;HISTORICAL_SECTOR_PROVENANCE_INCOMPLETE
300029.SZ,True,False,2009-12-25,2026-07-10,DATE_PROVENANCE_READY_MASTER_INSERT_NOT_YET_APPROVED,szse_delisted_register.csv,True,True,EXPLICIT_TERMINATION_FIELD,True,True,2024-10-01,2026-07-10,428,300029_SZ.csv,False,False,False,True,True,428,0,428,0.0,False,0,False,False,428,0,0,False,False,428,0,RAW_OHLCV_NOT_MANIFEST_VERIFIED;HISTORICAL_STATUS_PROVENANCE_INCOMPLETE;HISTORICAL_SECTOR_PROVENANCE_INCOMPLETE
300108.SZ,True,False,2010-08-25,2025-05-29,DATE_PROVENANCE_READY_MASTER_INSERT_NOT_YET_APPROVED,szse_delisted_register.csv,True,True,EXPLICIT_TERMINATION_FIELD,True,True,2024-10-01,2025-05-29,157,300108_SZ.csv,False,False,False,True,True,157,0,157,0.0,False,0,False,False,157,0,0,False,False,157,0,RAW_OHLCV_NOT_MANIFEST_VERIFIED;HISTORICAL_STATUS_PROVENANCE_INCOMPLETE;HISTORICAL_SECTOR_PROVENANCE_INCOMPLETE
300117.SZ,True,False,2010-09-02,2025-04-30,DATE_PROVENANCE_READY_MASTER_INSERT_NOT_YET_APPROVED,szse_delisted_register.csv,True,True,EXPLICIT_TERMINATION_FIELD,True,True,2024-10-01,2025-04-30,139,300117_SZ.csv,False,False,False,True,True,139,0,139,0.0,False,0,False,False,139,0,0,False,False,139,0,RAW_OHLCV_NOT_MANIFEST_VERIFIED;HISTORICAL_STATUS_PROVENANCE_INCOMPLETE;HISTORICAL_SECTOR_PROVENANCE_INCOMPLETE
300208.SZ,True,False,2011-04-26,2025-07-21,DATE_PROVENANCE_READY_MASTER_INSERT_NOT_YET_APPROVED,szse_delisted_register.csv,True,True,EXPLICIT_TERMINATION_FIELD,True,True,2024-10-01,2025-07-21,193,300208_SZ.csv,False,False,False,True,True,193,0,193,0.0,False,0,False,False,193,0,0,False,False,193,0,RAW_OHLCV_NOT_MANIFEST_VERIFIED;HISTORICAL_STATUS_PROVENANCE_INCOMPLETE;HISTORICAL_SECTOR_PROVENANCE_INCOMPLETE
300280.SZ,True,False,2011-12-29,2025-10-14,DATE_PROVENANCE_READY_MASTER_INSERT_NOT_YET_APPROVED,szse_delisted_register.csv,True,True,EXPLICIT_TERMINATION_FIELD,True,True,2024-10-01,2025-10-14,248,300280_SZ.csv,False,False,False,True,True,248,0,248,0.0,False,0,False,False,248,0,0,False,False,248,0,RAW_OHLCV_NOT_MANIFEST_VERIFIED;HISTORICAL_STATUS_PROVENANCE_INCOMPLETE;HISTORICAL_SECTOR_PROVENANCE_INCOMPLETE
300344.SZ,True,False,2012-08-01,2026-04-22,DATE_PROVENANCE_READY_MASTER_INSERT_NOT_YET_APPROVED,szse_delisted_register.csv,True,True,EXPLICIT_TERMINATION_FIELD,True,True,2024-10-01,2026-04-22,375,300344_SZ.csv,False,False,False,True,True,375,0,375,0.0,False,0,False,False,375,0,0,False,False,375,0,RAW_OHLCV_NOT_MANIFEST_VERIFIED;HISTORICAL_STATUS_PROVENANCE_INCOMPLETE;HISTORICAL_SECTOR_PROVENANCE_INCOMPLETE
300391.SZ,True,False,2014-08-01,2026-04-13,DATE_PROVENANCE_READY_MASTER_INSERT_NOT_YET_APPROVED,szse_delisted_register.csv,True,True,EXPLICIT_TERMINATION_FIELD,True,True,2024-10-01,2026-04-13,368,300391_SZ.csv,False,False,False,True,True,368,0,368,0.0,False,0,False,False,368,0,0,False,False,368,0,RAW_OHLCV_NOT_MANIFEST_VERIFIED;HISTORICAL_STATUS_PROVENANCE_INCOMPLETE;HISTORICAL_SECTOR_PROVENANCE_INCOMPLETE
300630.SZ,True,False,2017-03-28,2025-05-22,DATE_PROVENANCE_READY_MASTER_INSERT_NOT_YET_APPROVED,szse_delisted_register.csv,True,True,EXPLICIT_TERMINATION_FIELD,True,True,2024-10-01,2025-05-22,152,300630_SZ.csv,False,False,False,True,True,152,0,152,0.0,False,0,False,False,152,0,0,False,False,152,0,RAW_OHLCV_NOT_MANIFEST_VERIFIED;HISTORICAL_STATUS_PROVENANCE_INCOMPLETE;HISTORICAL_SECTOR_PROVENANCE_INCOMPLETE
600193.SH,False,False,1999-05-27,2026-07-06,BLOCKED_DELISTING_DATE_SOURCE_SEMANTICS,sse_delisted_register.csv,True,True,PROVISIONAL_SAMPLE_VERIFIED_NOT_SOURCE_WIDE,False,True,2024-10-01,2026-07-06,424,600193_SH.csv,False,False,False,True,True,424,0,424,0.0,False,0,False,False,424,0,0,False,False,424,0,PIT_MEMBERSHIP_PROVENANCE_INCOMPLETE;RAW_OHLCV_NOT_MANIFEST_VERIFIED;HISTORICAL_STATUS_PROVENANCE_INCOMPLETE;HISTORICAL_SECTOR_PROVENANCE_INCOMPLETE
600213.SH,False,False,1999-08-31,2024-10-17,BLOCKED_DELISTING_DATE_SOURCE_SEMANTICS,sse_delisted_register.csv,True,True,PROVISIONAL_SAMPLE_VERIFIED_NOT_SOURCE_WIDE,False,True,2024-10-01,2024-10-17,8,600213_SH.csv,False,False,False,True,True,8,0,8,0.0,False,0,False,False,8,0,0,False,False,8,0,PIT_MEMBERSHIP_PROVENANCE_INCOMPLETE;RAW_OHLCV_NOT_MANIFEST_VERIFIED;HISTORICAL_STATUS_PROVENANCE_INCOMPLETE;HISTORICAL_SECTOR_PROVENANCE_INCOMPLETE
600225.SH,False,False,2000-01-27,2025-03-06,BLOCKED_DELISTING_DATE_SOURCE_SEMANTICS,sse_delisted_register.csv,True,True,PROVISIONAL_SAMPLE_VERIFIED_NOT_SOURCE_WIDE,False,True,2024-10-01,2025-03-06,101,600225_SH.csv,False,False,False,True,True,101,0,101,0.0,False,0,False,False,101,0,0,False,False,101,0,PIT_MEMBERSHIP_PROVENANCE_INCOMPLETE;RAW_OHLCV_NOT_MANIFEST_VERIFIED;HISTORICAL_STATUS_PROVENANCE_INCOMPLETE;HISTORICAL_SECTOR_PROVENANCE_INCOMPLETE
600355.SH,False,False,2002-06-13,2026-04-27,BLOCKED_DELISTING_DATE_SOURCE_SEMANTICS,sse_delisted_register.csv,True,True,PROVISIONAL_SAMPLE_VERIFIED_NOT_SOURCE_WIDE,False,True,2024-10-01,2026-04-27,378,600355_SH.csv,False,False,False,True,True,378,0,378,0.0,False,0,False,False,378,0,0,False,False,378,0,PIT_MEMBERSHIP_PROVENANCE_INCOMPLETE;RAW_OHLCV_NOT_MANIFEST_VERIFIED;HISTORICAL_STATUS_PROVENANCE_INCOMPLETE;HISTORICAL_SECTOR_PROVENANCE_INCOMPLETE
600421.SH,False,False,2004-06-07,2026-06-26,BLOCKED_DELISTING_DATE_SOURCE_SEMANTICS,sse_delisted_register.csv,True,True,PROVISIONAL_SAMPLE_VERIFIED_NOT_SOURCE_WIDE,False,True,2024-10-01,2026-06-26,418,600421_SH.csv,False,False,False,True,True,418,0,418,0.0,False,0,False,False,418,0,0,False,False,418,0,PIT_MEMBERSHIP_PROVENANCE_INCOMPLETE;RAW_OHLCV_NOT_MANIFEST_VERIFIED;HISTORICAL_STATUS_PROVENANCE_INCOMPLETE;HISTORICAL_SECTOR_PROVENANCE_INCOMPLETE
600462.SH,False,False,2003-09-03,2025-07-21,BLOCKED_DELISTING_DATE_SOURCE_SEMANTICS,sse_delisted_register.csv,True,True,PROVISIONAL_SAMPLE_VERIFIED_NOT_SOURCE_WIDE,False,True,2024-10-01,2025-07-21,193,600462_SH.csv,False,False,False,True,True,193,0,193,0.0,False,0,False,False,193,0,0,False,False,193,0,PIT_MEMBERSHIP_PROVENANCE_INCOMPLETE;RAW_OHLCV_NOT_MANIFEST_VERIFIED;HISTORICAL_STATUS_PROVENANCE_INCOMPLETE;HISTORICAL_SECTOR_PROVENANCE_INCOMPLETE
600599.SH,False,False,2001-08-28,2026-06-26,BLOCKED_DELISTING_DATE_SOURCE_SEMANTICS,sse_delisted_register.csv,True,True,PROVISIONAL_SAMPLE_VERIFIED_NOT_SOURCE_WIDE,False,True,2024-10-01,2026-06-26,418,600599_SH.csv,False,False,False,True,True,418,0,418,0.0,False,0,False,False,418,0,0,False,False,418,0,PIT_MEMBERSHIP_PROVENANCE_INCOMPLETE;RAW_OHLCV_NOT_MANIFEST_VERIFIED;HISTORICAL_STATUS_PROVENANCE_INCOMPLETE;HISTORICAL_SECTOR_PROVENANCE_INCOMPLETE
600608.SH,False,False,1992-03-27,2026-07-03,BLOCKED_DELISTING_DATE_SOURCE_SEMANTICS,sse_delisted_register.csv,True,True,PROVISIONAL_SAMPLE_VERIFIED_NOT_SOURCE_WIDE,False,True,2024-10-01,2026-07-03,423,600608_SH.csv,False,False,False,True,True,423,0,423,0.0,False,0,False,False,423,0,0,False,False,423,0,PIT_MEMBERSHIP_PROVENANCE_INCOMPLETE;RAW_OHLCV_NOT_MANIFEST_VERIFIED;HISTORICAL_STATUS_PROVENANCE_INCOMPLETE;HISTORICAL_SECTOR_PROVENANCE_INCOMPLETE
600636.SH,False,False,1993-03-16,2026-06-29,BLOCKED_DELISTING_DATE_SOURCE_SEMANTICS,sse_delisted_register.csv,True,True,PROVISIONAL_SAMPLE_VERIFIED_NOT_SOURCE_WIDE,False,True,2024-10-01,2026-06-29,419,600636_SH.csv,False,False,False,True,True,419,0,419,0.0,False,0,False,False,419,0,0,False,False,419,0,PIT_MEMBERSHIP_PROVENANCE_INCOMPLETE;RAW_OHLCV_NOT_MANIFEST_VERIFIED;HISTORICAL_STATUS_PROVENANCE_INCOMPLETE;HISTORICAL_SECTOR_PROVENANCE_INCOMPLETE
600696.SH,False,False,1993-12-06,2026-06-29,BLOCKED_DELISTING_DATE_SOURCE_SEMANTICS,sse_delisted_register.csv,True,True,PROVISIONAL_SAMPLE_VERIFIED_NOT_SOURCE_WIDE,False,True,2024-10-01,2026-06-29,419,600696_SH.csv,False,False,False,True,True,419,0,419,0.0,False,0,False,False,419,0,0,False,False,419,0,PIT_MEMBERSHIP_PROVENANCE_INCOMPLETE;RAW_OHLCV_NOT_MANIFEST_VERIFIED;HISTORICAL_STATUS_PROVENANCE_INCOMPLETE;HISTORICAL_SECTOR_PROVENANCE_INCOMPLETE
600705.SH,False,False,1996-05-16,2025-05-27,BLOCKED_DELISTING_DATE_SOURCE_SEMANTICS,sse_delisted_register.csv,True,True,PROVISIONAL_SAMPLE_VERIFIED_NOT_SOURCE_WIDE,False,True,2024-10-01,2025-05-27,155,600705_SH.csv,False,False,False,True,True,155,0,155,0.0,False,0,False,False,155,0,0,False,False,155,0,PIT_MEMBERSHIP_PROVENANCE_INCOMPLETE;RAW_OHLCV_NOT_MANIFEST_VERIFIED;HISTORICAL_STATUS_PROVENANCE_INCOMPLETE;HISTORICAL_SECTOR_PROVENANCE_INCOMPLETE
600804.SH,False,False,1994-01-03,2025-07-03,BLOCKED_DELISTING_DATE_SOURCE_SEMANTICS,sse_delisted_register.csv,True,True,PROVISIONAL_SAMPLE_VERIFIED_NOT_SOURCE_WIDE,False,True,2024-10-01,2025-07-03,181,600804_SH.csv,False,False,False,True,True,181,0,181,0.0,False,0,False,False,181,0,0,False,False,181,0,PIT_MEMBERSHIP_PROVENANCE_INCOMPLETE;RAW_OHLCV_NOT_MANIFEST_VERIFIED;HISTORICAL_STATUS_PROVENANCE_INCOMPLETE;HISTORICAL_SECTOR_PROVENANCE_INCOMPLETE
600898.SH,False,False,1996-04-18,2025-02-10,BLOCKED_DELISTING_DATE_SOURCE_SEMANTICS,sse_delisted_register.csv,True,True,PROVISIONAL_SAMPLE_VERIFIED_NOT_SOURCE_WIDE,False,True,2024-10-01,2025-02-10,83,600898_SH.csv,False,False,False,True,True,83,0,83,0.0,False,0,False,False,83,0,0,False,False,83,0,PIT_MEMBERSHIP_PROVENANCE_INCOMPLETE;RAW_OHLCV_NOT_MANIFEST_VERIFIED;HISTORICAL_STATUS_PROVENANCE_INCOMPLETE;HISTORICAL_SECTOR_PROVENANCE_INCOMPLETE
601028.SH,False,False,2011-11-07,2025-05-27,BLOCKED_DELISTING_DATE_SOURCE_SEMANTICS,sse_delisted_register.csv,True,True,PROVISIONAL_SAMPLE_VERIFIED_NOT_SOURCE_WIDE,False,True,2024-10-01,2025-05-27,155,601028_SH.csv,False,False,False,True,True,155,0,155,0.0,False,0,False,False,155,0,0,False,False,155,0,PIT_MEMBERSHIP_PROVENANCE_INCOMPLETE;RAW_OHLCV_NOT_MANIFEST_VERIFIED;HISTORICAL_STATUS_PROVENANCE_INCOMPLETE;HISTORICAL_SECTOR_PROVENANCE_INCOMPLETE
603003.SH,False,False,2012-08-17,2025-07-03,BLOCKED_DELISTING_DATE_SOURCE_SEMANTICS,sse_delisted_register.csv,True,True,PROVISIONAL_SAMPLE_VERIFIED_NOT_SOURCE_WIDE,False,True,2024-10-01,2025-07-03,181,603003_SH.csv,False,False,False,True,True,181,0,181,0.0,False,0,False,False,181,0,0,False,False,181,0,PIT_MEMBERSHIP_PROVENANCE_INCOMPLETE;RAW_OHLCV_NOT_MANIFEST_VERIFIED;HISTORICAL_STATUS_PROVENANCE_INCOMPLETE;HISTORICAL_SECTOR_PROVENANCE_INCOMPLETE
603388.SH,False,False,2017-03-24,2025-12-05,BLOCKED_DELISTING_DATE_SOURCE_SEMANTICS,sse_delisted_register.csv,True,True,PROVISIONAL_SAMPLE_VERIFIED_NOT_SOURCE_WIDE,False,True,2024-10-01,2025-12-05,286,603388_SH.csv,False,False,False,True,True,286,0,286,0.0,False,0,False,False,286,0,0,False,False,286,0,PIT_MEMBERSHIP_PROVENANCE_INCOMPLETE;RAW_OHLCV_NOT_MANIFEST_VERIFIED;HISTORICAL_STATUS_PROVENANCE_INCOMPLETE;HISTORICAL_SECTOR_PROVENANCE_INCOMPLETE
603963.SH,False,False,2017-09-22,2025-03-21,BLOCKED_DELISTING_DATE_SOURCE_SEMANTICS,sse_delisted_register.csv,True,True,PROVISIONAL_SAMPLE_VERIFIED_NOT_SOURCE_WIDE,False,True,2024-10-01,2025-03-21,112,603963_SH.csv,False,False,False,True,True,112,0,112,0.0,False,0,False,False,112,0,0,False,False,112,0,PIT_MEMBERSHIP_PROVENANCE_INCOMPLETE;RAW_OHLCV_NOT_MANIFEST_VERIFIED;HISTORICAL_STATUS_PROVENANCE_INCOMPLETE;HISTORICAL_SECTOR_PROVENANCE_INCOMPLETE
605081.SH,False,False,2021-02-09,2026-07-03,BLOCKED_DELISTING_DATE_SOURCE_SEMANTICS,sse_delisted_register.csv,True,True,PROVISIONAL_SAMPLE_VERIFIED_NOT_SOURCE_WIDE,False,True,2024-10-01,2026-07-03,423,605081_SH.csv,False,False,False,True,True,423,0,423,0.0,False,0,False,False,423,0,0,False,False,423,0,PIT_MEMBERSHIP_PROVENANCE_INCOMPLETE;RAW_OHLCV_NOT_MANIFEST_VERIFIED;HISTORICAL_STATUS_PROVENANCE_INCOMPLETE;HISTORICAL_SECTOR_PROVENANCE_INCOMPLETE
