symbol,name,exchange,board,listing_date,raw_delisting_date,raw_delisting_field,source_file,raw_record_found,source_semantic_status,source_allows_delisting_date,candidate_status,data_missing,master_insert_approved,recommended_action
000584.SZ,工智退,SZSE,SZSE_MAIN,1995-11-28,2025-07-11,终止上市日期,szse_delisted_register.csv,True,EXPLICIT_TERMINATION_FIELD,True,DATE_PROVENANCE_READY_MASTER_INSERT_NOT_YET_APPROVED,1,False,"collect/verify Raw OHLCV, historical Status and Sector provenance; then build a PIT master record without synthetic defaults"
000622.SZ,恒立退,SZSE,SZSE_MAIN,1996-11-07,2025-07-16,终止上市日期,szse_delisted_register.csv,True,EXPLICIT_TERMINATION_FIELD,True,DATE_PROVENANCE_READY_MASTER_INSERT_NOT_YET_APPROVED,1,False,"collect/verify Raw OHLCV, historical Status and Sector provenance; then build a PIT master record without synthetic defaults"
000627.SZ,*ST天茂,SZSE,SZSE_MAIN,1996-11-12,2025-09-30,终止上市日期,szse_delisted_register.csv,True,EXPLICIT_TERMINATION_FIELD,True,DATE_PROVENANCE_READY_MASTER_INSERT_NOT_YET_APPROVED,1,False,"collect/verify Raw OHLCV, historical Status and Sector provenance; then build a PIT master record without synthetic defaults"
000638.SZ,*ST万方,SZSE,SZSE_MAIN,1996-11-26,2026-06-03,终止上市日期,szse_delisted_register.csv,True,EXPLICIT_TERMINATION_FIELD,True,DATE_PROVENANCE_READY_MASTER_INSERT_NOT_YET_APPROVED,1,False,"collect/verify Raw OHLCV, historical Status and Sector provenance; then build a PIT master record without synthetic defaults"
002231.SZ,*ST奥维,SZSE,SZSE_MAIN,2008-05-12,2026-03-27,终止上市日期,szse_delisted_register.csv,True,EXPLICIT_TERMINATION_FIELD,True,DATE_PROVENANCE_READY_MASTER_INSERT_NOT_YET_APPROVED,1,False,"collect/verify Raw OHLCV, historical Status and Sector provenance; then build a PIT master record without synthetic defaults"
002336.SZ,人乐退,SZSE,SZSE_MAIN,2010-01-13,2025-07-04,终止上市日期,szse_delisted_register.csv,True,EXPLICIT_TERMINATION_FIELD,True,DATE_PROVENANCE_READY_MASTER_INSERT_NOT_YET_APPROVED,1,False,"collect/verify Raw OHLCV, historical Status and Sector provenance; then build a PIT master record without synthetic defaults"
002750.SZ,龙津退,SZSE,SZSE_MAIN,2015-03-24,2025-06-27,终止上市日期,szse_delisted_register.csv,True,EXPLICIT_TERMINATION_FIELD,True,DATE_PROVENANCE_READY_MASTER_INSERT_NOT_YET_APPROVED,1,False,"collect/verify Raw OHLCV, historical Status and Sector provenance; then build a PIT master record without synthetic defaults"
002808.SZ,恒久退,SZSE,SZSE_MAIN,2016-08-12,2026-07-14,终止上市日期,szse_delisted_register.csv,True,EXPLICIT_TERMINATION_FIELD,True,DATE_PROVENANCE_READY_MASTER_INSERT_NOT_YET_APPROVED,1,False,"collect/verify Raw OHLCV, historical Status and Sector provenance; then build a PIT master record without synthetic defaults"
002898.SZ,赛隆退,SZSE,SZSE_MAIN,2017-09-12,2026-07-17,终止上市日期,szse_delisted_register.csv,True,EXPLICIT_TERMINATION_FIELD,True,DATE_PROVENANCE_READY_MASTER_INSERT_NOT_YET_APPROVED,1,False,"collect/verify Raw OHLCV, historical Status and Sector provenance; then build a PIT master record without synthetic defaults"
300029.SZ,天龙退,SZSE,CHINEXT,2009-12-25,2026-07-10,终止上市日期,szse_delisted_register.csv,True,EXPLICIT_TERMINATION_FIELD,True,DATE_PROVENANCE_READY_MASTER_INSERT_NOT_YET_APPROVED,1,False,"collect/verify Raw OHLCV, historical Status and Sector provenance; then build a PIT master record without synthetic defaults"
300108.SZ,*ST吉药,SZSE,CHINEXT,2010-08-25,2025-05-29,终止上市日期,szse_delisted_register.csv,True,EXPLICIT_TERMINATION_FIELD,True,DATE_PROVENANCE_READY_MASTER_INSERT_NOT_YET_APPROVED,1,False,"collect/verify Raw OHLCV, historical Status and Sector provenance; then build a PIT master record without synthetic defaults"
300117.SZ,*ST嘉寓,SZSE,CHINEXT,2010-09-02,2025-04-30,终止上市日期,szse_delisted_register.csv,True,EXPLICIT_TERMINATION_FIELD,True,DATE_PROVENANCE_READY_MASTER_INSERT_NOT_YET_APPROVED,1,False,"collect/verify Raw OHLCV, historical Status and Sector provenance; then build a PIT master record without synthetic defaults"
300208.SZ,中程退,SZSE,CHINEXT,2011-04-26,2025-07-21,终止上市日期,szse_delisted_register.csv,True,EXPLICIT_TERMINATION_FIELD,True,DATE_PROVENANCE_READY_MASTER_INSERT_NOT_YET_APPROVED,1,False,"collect/verify Raw OHLCV, historical Status and Sector provenance; then build a PIT master record without synthetic defaults"
300280.SZ,紫天退,SZSE,CHINEXT,2011-12-29,2025-10-14,终止上市日期,szse_delisted_register.csv,True,EXPLICIT_TERMINATION_FIELD,True,DATE_PROVENANCE_READY_MASTER_INSERT_NOT_YET_APPROVED,1,False,"collect/verify Raw OHLCV, historical Status and Sector provenance; then build a PIT master record without synthetic defaults"
300344.SZ,立方退,SZSE,CHINEXT,2012-08-01,2026-04-22,终止上市日期,szse_delisted_register.csv,True,EXPLICIT_TERMINATION_FIELD,True,DATE_PROVENANCE_READY_MASTER_INSERT_NOT_YET_APPROVED,1,False,"collect/verify Raw OHLCV, historical Status and Sector provenance; then build a PIT master record without synthetic defaults"
300391.SZ,长药退,SZSE,CHINEXT,2014-08-01,2026-04-13,终止上市日期,szse_delisted_register.csv,True,EXPLICIT_TERMINATION_FIELD,True,DATE_PROVENANCE_READY_MASTER_INSERT_NOT_YET_APPROVED,1,False,"collect/verify Raw OHLCV, historical Status and Sector provenance; then build a PIT master record without synthetic defaults"
300630.SZ,普利退,SZSE,CHINEXT,2017-03-28,2025-05-22,终止上市日期,szse_delisted_register.csv,True,EXPLICIT_TERMINATION_FIELD,True,DATE_PROVENANCE_READY_MASTER_INSERT_NOT_YET_APPROVED,1,False,"collect/verify Raw OHLCV, historical Status and Sector provenance; then build a PIT master record without synthetic defaults"
600193.SH,退市创兴,SSE,SSE_MAIN,1999-05-27,2026-07-06,暂停上市日期,sse_delisted_register.csv,True,PROVISIONAL_SAMPLE_VERIFIED_NOT_SOURCE_WIDE,False,BLOCKED_DELISTING_DATE_SOURCE_SEMANTICS,1,False,"verify official delisting/摘牌 date semantics, then collect Raw/Status/Sector before master insertion"
600213.SH,*ST亚星,SSE,SSE_MAIN,1999-08-31,2024-10-17,暂停上市日期,sse_delisted_register.csv,True,PROVISIONAL_SAMPLE_VERIFIED_NOT_SOURCE_WIDE,False,BLOCKED_DELISTING_DATE_SOURCE_SEMANTICS,1,False,"verify official delisting/摘牌 date semantics, then collect Raw/Status/Sector before master insertion"
600225.SH,退市卓朗,SSE,SSE_MAIN,2000-01-27,2025-03-06,暂停上市日期,sse_delisted_register.csv,True,PROVISIONAL_SAMPLE_VERIFIED_NOT_SOURCE_WIDE,False,BLOCKED_DELISTING_DATE_SOURCE_SEMANTICS,1,False,"verify official delisting/摘牌 date semantics, then collect Raw/Status/Sector before master insertion"
600355.SH,*ST精伦,SSE,SSE_MAIN,2002-06-13,2026-04-27,暂停上市日期,sse_delisted_register.csv,True,PROVISIONAL_SAMPLE_VERIFIED_NOT_SOURCE_WIDE,False,BLOCKED_DELISTING_DATE_SOURCE_SEMANTICS,1,False,"verify official delisting/摘牌 date semantics, then collect Raw/Status/Sector before master insertion"
600421.SH,退市华嵘,SSE,SSE_MAIN,2004-06-07,2026-06-26,暂停上市日期,sse_delisted_register.csv,True,PROVISIONAL_SAMPLE_VERIFIED_NOT_SOURCE_WIDE,False,BLOCKED_DELISTING_DATE_SOURCE_SEMANTICS,1,False,"verify official delisting/摘牌 date semantics, then collect Raw/Status/Sector before master insertion"
600462.SH,退市九有,SSE,SSE_MAIN,2003-09-03,2025-07-21,暂停上市日期,sse_delisted_register.csv,True,PROVISIONAL_SAMPLE_VERIFIED_NOT_SOURCE_WIDE,False,BLOCKED_DELISTING_DATE_SOURCE_SEMANTICS,1,False,"verify official delisting/摘牌 date semantics, then collect Raw/Status/Sector before master insertion"
600599.SH,退市熊猫,SSE,SSE_MAIN,2001-08-28,2026-06-26,暂停上市日期,sse_delisted_register.csv,True,PROVISIONAL_SAMPLE_VERIFIED_NOT_SOURCE_WIDE,False,BLOCKED_DELISTING_DATE_SOURCE_SEMANTICS,1,False,"verify official delisting/摘牌 date semantics, then collect Raw/Status/Sector before master insertion"
600608.SH,退市沪科,SSE,SSE_MAIN,1992-03-27,2026-07-03,暂停上市日期,sse_delisted_register.csv,True,PROVISIONAL_SAMPLE_VERIFIED_NOT_SOURCE_WIDE,False,BLOCKED_DELISTING_DATE_SOURCE_SEMANTICS,1,False,"verify official delisting/摘牌 date semantics, then collect Raw/Status/Sector before master insertion"
600636.SH,退市国化,SSE,SSE_MAIN,1993-03-16,2026-06-29,暂停上市日期,sse_delisted_register.csv,True,PROVISIONAL_SAMPLE_VERIFIED_NOT_SOURCE_WIDE,False,BLOCKED_DELISTING_DATE_SOURCE_SEMANTICS,1,False,"verify official delisting/摘牌 date semantics, then collect Raw/Status/Sector before master insertion"
600696.SH,退市岩石,SSE,SSE_MAIN,1993-12-06,2026-06-29,暂停上市日期,sse_delisted_register.csv,True,PROVISIONAL_SAMPLE_VERIFIED_NOT_SOURCE_WIDE,False,BLOCKED_DELISTING_DATE_SOURCE_SEMANTICS,1,False,"verify official delisting/摘牌 date semantics, then collect Raw/Status/Sector before master insertion"
600705.SH,中航产融,SSE,SSE_MAIN,1996-05-16,2025-05-27,暂停上市日期,sse_delisted_register.csv,True,PROVISIONAL_SAMPLE_VERIFIED_NOT_SOURCE_WIDE,False,BLOCKED_DELISTING_DATE_SOURCE_SEMANTICS,1,False,"verify official delisting/摘牌 date semantics, then collect Raw/Status/Sector before master insertion"
600804.SH,退市鹏博,SSE,SSE_MAIN,1994-01-03,2025-07-03,暂停上市日期,sse_delisted_register.csv,True,PROVISIONAL_SAMPLE_VERIFIED_NOT_SOURCE_WIDE,False,BLOCKED_DELISTING_DATE_SOURCE_SEMANTICS,1,False,"verify official delisting/摘牌 date semantics, then collect Raw/Status/Sector before master insertion"
600898.SH,*ST美讯,SSE,SSE_MAIN,1996-04-18,2025-02-10,暂停上市日期,sse_delisted_register.csv,True,PROVISIONAL_SAMPLE_VERIFIED_NOT_SOURCE_WIDE,False,BLOCKED_DELISTING_DATE_SOURCE_SEMANTICS,1,False,"verify official delisting/摘牌 date semantics, then collect Raw/Status/Sector before master insertion"
601028.SH,玉龙股份,SSE,SSE_MAIN,2011-11-07,2025-05-27,暂停上市日期,sse_delisted_register.csv,True,PROVISIONAL_SAMPLE_VERIFIED_NOT_SOURCE_WIDE,False,BLOCKED_DELISTING_DATE_SOURCE_SEMANTICS,1,False,"verify official delisting/摘牌 date semantics, then collect Raw/Status/Sector before master insertion"
603003.SH,退市龙宇,SSE,SSE_MAIN,2012-08-17,2025-07-03,暂停上市日期,sse_delisted_register.csv,True,PROVISIONAL_SAMPLE_VERIFIED_NOT_SOURCE_WIDE,False,BLOCKED_DELISTING_DATE_SOURCE_SEMANTICS,1,False,"verify official delisting/摘牌 date semantics, then collect Raw/Status/Sector before master insertion"
603388.SH,*ST元成,SSE,SSE_MAIN,2017-03-24,2025-12-05,暂停上市日期,sse_delisted_register.csv,True,PROVISIONAL_SAMPLE_VERIFIED_NOT_SOURCE_WIDE,False,BLOCKED_DELISTING_DATE_SOURCE_SEMANTICS,1,False,"verify official delisting/摘牌 date semantics, then collect Raw/Status/Sector before master insertion"
603963.SH,*ST大药,SSE,SSE_MAIN,2017-09-22,2025-03-21,暂停上市日期,sse_delisted_register.csv,True,PROVISIONAL_SAMPLE_VERIFIED_NOT_SOURCE_WIDE,False,BLOCKED_DELISTING_DATE_SOURCE_SEMANTICS,1,False,"verify official delisting/摘牌 date semantics, then collect Raw/Status/Sector before master insertion"
605081.SH,退市太和,SSE,SSE_MAIN,2021-02-09,2026-07-03,暂停上市日期,sse_delisted_register.csv,True,PROVISIONAL_SAMPLE_VERIFIED_NOT_SOURCE_WIDE,False,BLOCKED_DELISTING_DATE_SOURCE_SEMANTICS,1,False,"verify official delisting/摘牌 date semantics, then collect Raw/Status/Sector before master insertion"
