symbol,name,status,effective_from,effective_to,reason,source,market_tradable,strategy_eligible,price_limit_pct
600079.SH,人福医药,ST,2024-10-23,,控股股东非经营性资金占用未清偿,SSE_NOTICE_2024-089,True,False,0.05
600080.SH,金花股份,ST,2024-05-06,,内控审计被出具否定意见,SSE_NOTICE_2024-032,True,False,0.05
600082.SH,海泰发展,ST,2024-05-06,,持续经营能力存在重大不确定性,SSE_NOTICE_2024-028,True,False,0.05
002195.SZ,岩石股份,ST,2024-09-24,,实际控制人被采取强制措施，生产经营重大影响,SZSE_NOTICE_2024-067,True,False,0.05
000851.SZ,高鸿股份,ST,2024-05-06,2025-04-29,内控审计否定意见实施ST,SZSE_NOTICE_2024-041,True,False,0.05
600277.SH,亿利洁能,ST,2024-05-06,,亿利财务公司存款提取受限,SSE_NOTICE_2024-045,True,False,0.05
000595.SZ,宝塔实业,ST,2023-04-28,2024-06-18,其他风险警示实施,SZSE_NOTICE_2023-030,True,False,0.05
002427.SZ,尤夫股份,ST,2022-04-29,2023-05-12,债务重整实施其他风险警示,SZSE_NOTICE_2022-040,True,False,0.05
600145.SH,新亿股份,ST,2021-04-30,2022-04-28,财务指标异常ST,SSE_NOTICE_2021-025,True,False,0.05
000587.SZ,金洲慈航,ST,2020-04-30,2021-04-30,巨额亏损实施ST,SZSE_NOTICE_2020-038,True,False,0.05
000016.SZ,*ST康佳A,*ST,2024-07-23,2026-09-03,经审计净利润为负且营业收入低于1亿元,SZSE_NOTICE_2024-048,True,False,0.05
000004.SZ,*ST国华,*ST,2024-04-24,2026-07-13,连续三年亏损及审计意见异常,SZSE_NOTICE_2024-022,True,False,0.05
600053.SH,*ST九有,*ST,2024-04-30,,期末净资产为负值,SSE_NOTICE_2024-025,True,False,0.05
600084.SH,*ST中葡,*ST,2024-04-30,,净利润扣非后为负且营收偏低,SSE_NOTICE_2024-027,True,False,0.05
600107.SH,*ST美尚,*ST,2024-04-30,,重大违法强制退市风险提示,SSE_NOTICE_2024-030,True,False,0.05
600119.SH,*ST长江,*ST,2024-04-30,,财务指标触及退市风险标准,SSE_NOTICE_2024-031,True,False,0.05
000851.SZ,*ST高鸿,*ST,2025-04-30,2025-09-26,财报无法表示意见叠加退市风险,SZSE_NOTICE_2025-039,True,False,0.05
600070.SH,*ST富润,*ST,2024-04-30,2025-04-10,净资产为负触及退市警示,SSE_NOTICE_2024-029,True,False,0.05
600083.SH,*ST博信,*ST,2024-04-30,2025-01-16,财务类退市风险警示,SSE_NOTICE_2024-026,True,False,0.05
600190.SH,*ST锦港,*ST,2024-06-03,2025-07-18,涉嫌虚假陈述重大违法退市警示,SSE_NOTICE_2024-055,True,False,0.05
600657.SH,信达地产,TRADABLE,2023-05-18,,主营业务盈利恢复，撤销其他风险警示(摘帽),SSE_NOTICE_2023-035,True,True,0.10
600240.SH,华远地产,TRADABLE,2024-05-20,,满足摘帽条件，撤销风险警示,SSE_NOTICE_2024-038,True,True,0.10
000676.SZ,智度股份,TRADABLE,2022-06-15,,消除资金占用影响，撤销ST摘帽,SZSE_NOTICE_2022-045,True,True,0.10
002164.SZ,宁波东力,TRADABLE,2021-08-23,,涉案风险消除，撤销ST摘帽,SZSE_NOTICE_2021-052,True,True,0.10
000793.SZ,华闻集团,TRADABLE,2024-06-25,,合规整改完成撤销ST,SZSE_NOTICE_2024-050,True,True,0.10
600307.SH,酒钢宏兴,TRADABLE,2023-06-12,,连续两年盈利撤销退市风险警示,SSE_NOTICE_2023-040,True,True,0.10
000518.SZ,四环生物,TRADABLE,2022-05-30,,撤销其他风险警示,SZSE_NOTICE_2022-033,True,True,0.10
600702.SH,舍得酒业,TRADABLE,2021-05-19,,资金占用追回，撤销ST成功摘帽,SSE_NOTICE_2021-042,True,True,0.10
600550.SH,保变电气,SUSPENDED,2024-09-02,2024-09-08,兵器装备集团筹划重大资产重组停牌,SSE_SUSP_NOTICE_20240902,False,False,0.10
601989.SH,中国重工,SUSPENDED,2024-09-03,2024-09-18,中国船舶筹划换股吸收合并重大资产重组停牌,SSE_SUSP_NOTICE_20240903,False,False,0.10
600150.SH,中国船舶,SUSPENDED,2024-09-03,2024-09-18,筹划换股吸收合并中国重工停牌,SSE_SUSP_NOTICE_20240903_2,False,False,0.10
000028.SZ,国药一致,SUSPENDED,2024-07-15,2024-07-19,筹划实际控制人重大事项停牌,SZSE_SUSP_NOTICE_20240715,False,False,0.10
300119.SZ,瑞普生物,SUSPENDED,2024-05-20,2024-05-26,重大收购资产停牌核实,SZSE_SUSP_NOTICE_20240520,False,False,0.20
603183.SH,建研院,SUSPENDED,2026-09-30,2026-09-30,股东大会召开停牌一天,SSE_SUSP_RPT_SUSPEND_DAILY_20260930,False,False,0.10
002813.SZ,路畅科技,SUSPENDED,2026-09-30,2026-09-30,重大资产重组审核停牌一天,SZSE_SUSP_RPT_SUSPEND_DAILY_20260930,False,False,0.10
301139.SZ,华利集团,SUSPENDED,2026-08-31,2026-09-29,重大事项停牌整改,SZSE_SUSP_RPT_SUSPEND_DAILY_20260831,False,False,0.20
002860.SZ,星帅尔,SUSPENDED,2026-09-22,2026-10-13,发行股份购买资产停牌,SZSE_SUSP_RPT_SUSPEND_DAILY_20260922,False,False,0.10
688981.SH,中芯国际,SUSPENDED,2025-09-01,2025-09-08,重大技术合作谈判临时停牌,SSE_SUSP_NOTICE_688981_20250901,False,False,0.20
600550.SH,保变电气,TRADABLE,2024-09-09,,重组预案披露完毕，股票复牌交易,SSE_RESUME_NOTICE_20240909,True,True,0.10
601989.SH,中国重工,TRADABLE,2024-09-19,2025-08-12,换股吸收合并预案披露，股票复牌交易,SSE_RESUME_NOTICE_20240919,True,True,0.10
600150.SH,中国船舶,TRADABLE,2024-09-19,,吸收合并中国重工预案披露复牌,SSE_RESUME_NOTICE_20240919_2,True,True,0.10
000028.SZ,国药一致,TRADABLE,2024-07-22,,控制权事项确定，股票复牌交易,SZSE_RESUME_NOTICE_20240722,True,True,0.10
300119.SZ,瑞普生物,TRADABLE,2024-05-27,,收购核查完成，股票复牌交易,SZSE_RESUME_NOTICE_20240527,True,True,0.20
688981.SH,中芯国际,TRADABLE,2025-09-09,,公告披露完成，股票恢复正常交易,SSE_RESUME_NOTICE_688981_20250909,True,True,0.20
000004.SZ,*ST国华,DELISTING,2026-06-20,2026-07-12,进入退市整理期交易十五个交易日,SZSE_DELIST_NOTICE_20260619,True,False,0.10
000016.SZ,*ST康佳A,DELISTING,2026-08-12,2026-09-02,终止上市决定生效，退市整理期交易,SZSE_DELIST_NOTICE_20260811,True,False,0.10
000040.SZ,*ST东旭,DELISTING,2025-03-08,2025-03-30,面值退市整理期交易,SZSE_DELIST_NOTICE_20250307,True,False,0.10
000851.SZ,*ST高鸿,DELISTING,2025-09-03,2025-09-25,无法表示意见退市整理期,SZSE_DELIST_NOTICE_20250902,True,False,0.10
300379.SZ,*ST东方,DELISTING,2025-12-28,2026-01-20,财务退市整理期,SZSE_DELIST_NOTICE_20251227,True,False,0.20
600070.SH,退市富润,DELISTING,2025-03-18,2025-04-09,财务指标不达标退市整理期,SSE_DELIST_NOTICE_20250317,True,False,0.10
600083.SH,退市博信,DELISTING,2024-12-24,2025-01-15,面值触及退市整理期,SSE_DELIST_NOTICE_20241223,True,False,0.10
600190.SH,退市锦港,DELISTING,2025-06-25,2025-07-17,重大违法违规退市整理期,SSE_DELIST_NOTICE_20250624,True,False,0.10
600200.SH,退市吴中,DELISTING,2025-12-06,2025-12-28,净资产连续为负退市整理期,SSE_DELIST_NOTICE_20251205,True,False,0.10
600293.SH,退市三峡,DELISTING,2026-09-05,2026-09-27,面值连续低于1元退市整理期,SSE_DELIST_NOTICE_20260904,True,False,0.10
