date,open,high,low,close,volume,amount
2024-10-08,54.9,54.9,46.8,48.95,8317759.0,427428840.61
2024-10-09,47.0,50.38,45.79,47.37,5072750.0,241640446.25
2024-10-10,47.65,49.43,45.41,45.56,4038180.0,189844937.25
2024-10-11,45.01,45.8,42.9,43.53,2934172.0,130013161.32
2024-10-14,43.7,46.36,42.55,45.75,3270545.0,145833601.55
2024-10-15,45.76,45.8,43.69,43.69,2552362.0,114179914.07
2024-10-16,43.69,44.71,42.98,43.68,1435058.0,62805313.37
2024-10-17,42.8,43.39,42.1,42.26,2672961.0,113968374.64
2024-10-18,41.78,45.56,41.78,44.29,3355155.0,145454357.14
2024-10-21,44.29,46.39,43.89,44.96,3225099.0,144750505.87
2024-10-22,44.8,45.25,44.36,45.14,2421160.0,108679819.5
2024-10-23,44.99,45.29,43.66,44.83,4542295.0,203006519.29
2024-10-24,44.73,44.89,44.03,44.09,2184650.0,97074922.75
2024-10-25,44.16,45.95,44.0,45.0,2588390.0,115901633.23
2024-10-28,44.98,45.73,44.33,45.48,2687752.0,121298247.76
2024-10-29,45.8,45.8,43.87,44.04,2166591.0,97231187.6
2024-10-30,43.6,44.2,42.69,43.0,1798143.0,77989957.27
2024-10-31,42.98,43.41,42.31,43.1,1610731.0,69180896.45
2024-11-01,42.53,43.88,42.15,42.22,1911867.0,81627161.56
2024-11-04,42.02,43.5,42.02,43.11,1490527.0,63589608.14
2024-11-05,43.11,44.65,42.31,44.3,2644713.0,115289651.45
2024-11-06,44.06,44.78,43.51,43.7,1934891.0,85159390.14
2024-11-07,43.48,44.85,43.41,44.74,2211082.0,97552937.84
2024-11-08,45.0,45.49,44.44,44.84,2467450.0,110893371.62
2024-11-11,44.68,45.98,44.02,45.94,3063556.0,138334871.18
2024-11-12,46.8,47.39,45.09,45.8,3511240.0,162465074.8
2024-11-13,45.39,46.13,44.81,45.83,2186741.0,99584185.14
2024-11-14,45.81,47.21,45.27,45.38,3628340.0,166604301.95
2024-11-15,45.08,45.95,44.82,45.27,2912760.0,131889772.8
2024-11-18,45.51,46.43,44.52,44.63,2935150.0,132881578.38
2024-11-19,44.74,45.88,44.49,45.81,2636027.0,119227501.21
2024-11-20,45.44,46.23,44.4,46.12,3042480.0,138577357.8
2024-11-21,46.07,48.78,45.81,47.88,5363810.0,252823184.35
2024-11-22,48.56,48.57,45.25,45.25,3072960.0,144144871.2
2024-11-25,45.0,46.4,44.65,45.3,1989799.0,90212512.16
2024-11-26,45.33,45.5,42.93,43.1,2609631.0,115384834.67
2024-11-27,42.68,43.38,42.21,43.38,2349701.0,100831544.16
2024-11-28,43.37,43.37,42.6,42.74,2176510.0,93633460.2
2024-11-29,42.74,44.85,42.61,43.95,2049760.0,89241426.0
2024-12-02,44.15,44.16,43.24,43.83,2134700.0,93595921.5
2024-12-03,43.83,44.1,43.38,43.6,1555600.0,68022499.0
2024-12-04,43.62,43.79,42.87,43.18,1400800.0,60745692.0
2024-12-05,43.11,44.48,42.69,43.6,1908620.0,82967711.4
2024-12-06,43.73,44.7,43.3,44.48,1814478.0,79932292.09
2024-12-09,44.64,44.65,43.0,43.11,2311710.0,101368483.5
2024-12-10,44.05,45.44,44.04,44.68,3061407.0,136393335.37
2024-12-11,44.5,46.28,44.37,45.48,2416000.0,109100520.0
2024-12-12,45.93,47.0,45.06,46.59,1993020.0,91967907.9
2024-12-13,46.36,46.72,45.62,46.06,1795932.0,82954099.08
2024-12-16,46.09,46.26,43.88,44.0,1774810.0,79968501.57
2024-12-17,43.95,44.19,43.52,43.9,1377470.0,60457158.3
2024-12-18,44.09,45.39,43.9,44.77,1697117.0,75585348.39
2024-12-19,44.5,44.79,43.61,44.12,1689900.0,74786524.5
2024-12-20,43.97,43.97,43.25,43.63,1481361.0,64742882.5
2024-12-23,43.63,45.3,43.63,44.18,2177574.0,96216107.19
2024-12-24,44.27,45.96,44.2,45.26,2369020.0,106422300.95
2024-12-25,45.31,45.31,44.2,44.78,1115010.0,50063949.0
2024-12-26,44.78,45.69,44.31,45.43,1622260.0,73086868.65
2024-12-27,45.6,47.76,45.42,46.67,3583086.0,166120824.67
2024-12-30,46.47,48.52,46.31,47.2,3714690.0,175054766.25
2024-12-31,47.33,48.45,47.18,47.59,3797138.0,180886161.48
2025-01-02,46.65,48.35,45.45,45.85,3442033.0,160312686.98
2025-01-03,45.85,47.85,45.61,46.87,3691690.0,171829711.05
2025-01-06,46.47,47.89,45.94,46.5,2660011.0,124222513.7
2025-01-07,45.97,46.71,45.61,46.5,2030833.0,93819407.52
2025-01-08,46.46,46.46,44.22,44.54,3228055.0,146618258.1
2025-01-09,44.49,45.09,43.95,44.3,2018293.0,89728261.05
2025-01-10,44.3,45.35,44.06,44.75,2335920.0,104217070.8
2025-01-13,44.37,44.95,43.37,43.92,2707640.0,119549075.1
2025-01-14,43.92,46.06,43.08,45.3,3226440.0,143866959.6
2025-01-15,45.3,46.34,44.58,45.61,2928491.0,133121879.63
2025-01-16,45.55,46.49,44.58,45.7,2757360.0,125680468.8
2025-01-17,45.44,47.35,45.01,47.06,2916440.0,134783274.6
2025-01-20,47.7,47.75,46.6,47.35,2324169.0,110049402.15
2025-01-21,47.49,48.19,46.38,47.9,2436163.0,115693380.87
2025-01-22,47.78,49.11,47.27,47.61,1952220.0,93594307.35
2025-01-23,48.26,49.09,47.81,48.81,3177779.0,154098448.16
2025-01-24,48.51,48.88,47.63,48.17,1721960.0,83166363.1
2025-01-27,48.0,49.5,47.62,47.62,2139259.0,103080194.92
2025-02-05,47.98,48.05,46.64,46.88,1434500.0,67977368.75
2025-02-06,46.91,47.35,46.53,47.0,1520590.0,71387899.02
2025-02-07,47.06,48.38,46.51,47.85,1867120.0,88594844.0
2025-02-10,48.1,49.11,46.92,48.29,2107878.0,101399471.19
2025-02-11,48.42,48.88,47.56,48.35,1480026.0,71488955.87
2025-02-12,48.35,48.5,46.63,47.4,1978430.0,94410679.6
2025-02-13,47.43,49.3,47.12,49.07,3304522.0,159377096.06
2025-02-14,48.58,53.44,48.5,52.62,8354032.0,424259515.12
2025-02-17,52.45,52.51,50.37,50.94,4924895.0,253964522.91
2025-02-18,50.9,52.74,50.79,52.06,3864318.0,199485755.96
2025-02-19,51.58,51.99,50.64,51.55,2620705.0,134809065.2
2025-02-20,51.55,51.56,50.5,50.95,2033514.0,103993905.96
2025-02-21,50.89,53.41,50.89,52.68,3674056.0,190931505.18
2025-02-24,52.45,53.0,51.53,52.15,1965143.0,102742588.9
2025-02-25,51.62,51.84,50.81,51.24,1581182.0,81237178.2
2025-02-26,51.24,51.84,51.01,51.36,1304063.0,66979935.84
2025-02-27,51.34,51.7,50.51,50.78,2030930.0,103744981.72
2025-02-28,50.68,51.36,49.06,49.69,1945622.0,97665360.35
2025-03-03,49.75,51.38,49.75,50.64,1976010.0,99551383.8
2025-03-04,50.65,51.7,50.11,50.36,1474283.0,74753519.52
2025-03-05,50.49,52.09,49.49,51.78,1871376.0,95369999.4
2025-03-06,51.78,52.16,50.59,51.21,1656226.0,85187984.31
2025-03-07,50.95,51.74,50.9,51.37,1285750.0,65881830.0
2025-03-10,51.59,51.8,50.35,50.9,991990.0,50750208.4
2025-03-11,50.18,51.0,50.09,50.21,1327320.0,66857108.4
2025-03-12,50.38,52.22,49.32,52.15,2586888.0,131976558.54
2025-03-13,51.96,53.73,51.81,53.47,2703655.0,142597523.84
2025-03-14,53.5,53.98,52.8,53.0,2343120.0,124935158.4
2025-03-17,53.05,53.78,52.5,53.07,1414913.0,75131880.3
2025-03-18,53.2,55.35,52.77,54.24,2627446.0,141593064.94
2025-03-19,54.0,55.65,53.33,53.8,1660676.0,90000335.82
2025-03-20,53.29,53.89,52.46,52.73,1038030.0,55111607.77
2025-03-21,52.5,54.5,52.5,53.2,1553158.0,82589176.65
2025-03-24,53.2,56.33,53.01,55.31,3082653.0,167888989.01
2025-03-25,55.2,56.45,54.24,55.47,2198066.0,121640972.44
2025-03-26,55.48,55.56,53.9,54.37,2006451.0,110008692.2
2025-03-27,54.33,58.37,53.86,56.87,5493330.0,306843680.48
2025-03-28,56.87,56.93,54.59,55.02,3462580.0,193393749.45
2025-03-31,55.88,57.94,55.5,57.21,6672353.0,377872031.27
2025-04-01,56.92,57.58,56.2,56.9,4002194.0,227724838.6
2025-04-02,56.93,57.55,55.38,55.49,5019529.0,282787715.04
2025-04-03,54.6,55.0,53.3,53.81,3602200.0,195158190.5
2025-04-07,53.0,56.1,51.9,54.1,7408635.0,398399347.12
2025-04-08,54.66,58.66,54.37,55.73,7415190.0,414175437.45
2025-04-09,56.0,57.73,53.68,56.61,7319422.0,409924229.11
2025-04-10,56.07,62.29,55.62,60.65,8092392.0,474679483.74
2025-04-11,60.59,66.28,59.45,64.59,9782692.0,613643812.43
2025-04-14,67.0,68.17,63.58,65.8,9489074.0,627583631.68
2025-04-15,65.49,65.8,62.36,63.16,7488581.0,480785621.65
2025-04-16,63.0,64.97,61.88,62.71,7092426.0,447815777.64
2025-04-17,62.1,67.0,60.27,60.43,13198110.0,824221969.5
2025-04-18,60.92,62.7,60.0,61.39,8333976.0,510476864.94
2025-04-21,60.0,63.37,60.0,63.34,6486864.0,400093554.36
2025-04-22,62.5,64.97,62.2,63.53,6989373.0,442427310.9
2025-04-23,63.05,63.53,60.45,61.55,6189069.0,384619693.0
2025-04-24,61.24,62.4,60.2,60.88,4237364.0,259241929.52
2025-04-25,61.41,61.41,59.26,61.17,4762598.0,289625490.88
2025-04-28,61.05,61.85,59.98,60.21,3508333.0,213210167.24
2025-04-29,60.18,61.37,59.1,60.61,3615990.0,218098436.85
2025-04-30,60.86,62.6,59.99,61.8,5042080.0,309142530.0
2025-05-06,61.61,62.0,60.0,61.6,5217226.0,319828996.87
2025-05-07,61.6,61.88,59.14,59.63,6082944.0,368398296.0
2025-05-08,59.21,60.15,59.0,59.74,2835068.0,168757422.7
2025-05-09,59.74,61.2,59.7,60.23,2482249.0,149474829.16
2025-05-12,58.8,59.4,57.63,58.81,5164599.0,302955377.34
2025-05-13,58.6,59.4,58.4,58.75,2432428.0,142996361.05
2025-05-14,57.46,59.0,57.46,57.98,3579654.0,207530440.65
2025-05-15,57.65,59.62,57.65,58.27,2333140.0,136016229.15
2025-05-16,58.24,58.65,57.6,57.84,1688963.0,98099193.45
2025-05-19,58.2,59.03,57.58,58.75,2559140.0,149428184.6
2025-05-20,58.75,59.2,57.0,58.46,2172183.0,126752308.51
2025-05-21,58.38,59.06,57.95,58.58,1531640.0,89589452.7
2025-05-22,57.6,57.93,55.88,55.92,2533906.0,144008212.75
2025-05-23,55.92,58.05,55.61,57.96,3578519.0,203564053.32
2025-05-26,58.1,58.55,56.9,57.55,1507480.0,87094657.0
2025-05-27,57.63,58.64,57.06,58.28,1843850.0,106763524.62
2025-05-28,58.13,59.24,57.12,59.13,2911470.0,170044405.35
2025-05-29,58.7,60.08,58.58,58.8,2553000.0,150729120.0
2025-05-30,58.37,60.49,58.37,59.32,2336375.0,138167376.56
2025-06-03,59.31,61.48,59.09,60.84,3127632.0,188220893.76
2025-06-04,60.6,61.23,59.62,60.12,2290787.0,138346353.9
2025-06-05,60.07,60.19,59.0,59.9,1740923.0,104089786.17
2025-06-06,59.88,60.19,59.21,59.32,1279874.0,76344484.1
2025-06-09,59.39,59.56,58.32,59.5,1827526.0,108175832.75
2025-06-10,59.5,59.98,58.7,59.2,2705350.0,160548995.75
2025-06-11,59.44,60.2,58.37,59.72,2263916.0,134550187.67
2025-06-12,59.96,59.96,58.7,58.71,1809921.0,107387137.73
2025-06-13,58.87,59.61,58.06,58.27,1826303.0,107208551.86
2025-06-16,58.45,58.68,55.03,56.21,4921344.0,280971832.32
2025-06-17,56.02,57.85,56.02,56.1,2137704.0,120774931.74
2025-06-18,55.91,56.2,55.37,55.52,1200941.0,66952460.75
2025-06-19,55.42,56.8,55.36,55.64,2056900.0,114785304.5
2025-06-20,56.17,56.8,55.1,55.1,1556802.0,86857875.58
2025-06-23,55.0,55.49,54.3,54.8,1950963.0,107102991.29
2025-06-24,55.37,57.78,55.0,57.13,2907965.0,163776588.8
2025-06-25,57.8,58.48,56.76,57.46,1360600.0,78404575.0
2025-06-26,57.98,58.75,57.28,57.55,1134700.0,65687783.0
2025-06-27,57.54,59.0,57.54,57.93,1431900.0,83053779.75
2025-06-30,57.99,58.26,57.06,57.75,1357200.0,78398658.0
2025-07-01,57.89,57.96,57.26,57.83,892612.0,51534953.82
2025-07-02,57.6,58.11,57.0,57.82,859500.0,49535133.75
2025-07-03,57.81,58.21,57.3,57.32,886272.0,51102443.52
2025-07-04,57.26,57.53,56.28,56.62,1097400.0,62466751.5
2025-07-07,56.66,58.0,56.4,56.9,912690.0,52014203.1
2025-07-08,57.02,58.25,56.78,57.99,1241939.0,71423911.89
2025-07-09,58.05,59.09,58.0,58.88,1289460.0,75439857.3
2025-07-10,58.82,60.4,58.39,60.0,1611060.0,95700991.65
2025-07-11,60.13,60.25,59.1,59.55,1268770.0,75818523.28
2025-07-14,59.58,60.13,59.33,59.33,647911.0,38610636.27
2025-07-15,59.35,59.68,58.2,58.61,1172939.0,69156483.44
2025-07-16,58.64,59.5,58.22,59.39,723761.0,42656663.94
2025-07-17,59.45,59.65,57.97,58.19,1418655.0,83438193.83
2025-07-18,58.4,58.4,56.0,56.57,2880870.0,165196287.97
2025-07-21,56.4,57.85,56.2,57.7,2583666.0,147365849.47
2025-07-22,57.53,59.17,57.53,58.77,1535690.0,89453942.5
2025-07-23,58.74,59.36,57.85,58.12,1878483.0,109924128.95
2025-07-24,58.02,58.4,57.5,57.84,1330524.0,77090560.56
2025-07-25,58.19,58.6,57.54,57.65,1059310.0,61434683.45
2025-07-28,57.58,57.69,56.7,56.8,1665490.0,95253536.82
2025-07-29,56.89,57.67,56.65,56.81,1339256.0,76344288.28
2025-07-30,56.81,57.93,56.65,57.91,1403500.0,80455637.5
2025-07-31,57.9,57.9,54.3,55.59,4645350.0,262102260.38
2025-08-01,55.58,56.75,55.24,55.74,2189980.0,122261108.45
2025-08-04,55.6,56.11,54.9,55.69,1843800.0,102469185.0
2025-08-05,55.6,56.08,54.5,55.96,2210461.0,122757951.63
2025-08-06,56.0,57.21,55.5,57.14,1917399.0,108261141.04
2025-08-07,56.89,59.45,56.89,58.5,2346910.0,135962363.58
2025-08-08,58.4,60.94,57.4,59.58,3209198.0,189599417.84
2025-08-11,59.6,59.97,58.58,58.6,2171417.0,128520743.69
2025-08-12,58.97,58.99,57.94,58.05,1212690.0,70927206.38
2025-08-13,58.44,59.3,58.16,59.29,1688192.0,99261469.12
2025-08-14,59.2,60.38,58.83,59.55,2065510.0,122877189.9
2025-08-15,59.4,60.88,59.01,60.2,1395534.0,83554109.41
2025-08-18,60.21,61.6,59.59,60.1,1814066.0,109524234.75
2025-08-19,60.1,60.47,58.51,59.26,1994070.0,118816660.95
2025-08-20,59.3,59.9,58.6,59.9,1839996.0,109341762.3
2025-08-21,60.21,64.4,59.97,63.62,5425698.0,336664560.9
2025-08-22,63.26,64.15,62.41,63.48,2740960.0,173571292.0
2025-08-25,63.0,65.76,62.81,64.1,4021275.0,257029844.81
2025-08-26,63.71,64.13,61.61,62.49,3433320.0,216247660.2
2025-08-27,62.42,62.48,60.28,60.3,2445703.0,150092793.11
2025-08-28,61.2,61.39,59.85,61.07,1995831.0,121501201.7
2025-08-29,61.18,61.77,60.37,61.66,2222858.0,136138938.21
2025-09-01,61.28,62.24,59.88,61.01,2490227.0,152159095.27
2025-09-02,60.75,61.63,59.98,60.67,1803289.0,109563331.42
2025-09-03,60.66,61.19,59.46,59.62,1248990.0,75229790.17
2025-09-04,59.61,60.48,58.94,59.65,1611298.0,96146151.66
2025-09-05,59.98,61.2,59.44,61.14,1619669.0,97892794.36
2025-09-08,61.15,61.8,59.63,61.79,2428600.0,148369245.5
2025-09-09,61.4,61.7,60.0,60.95,2690760.0,164169994.5
2025-09-10,61.17,61.17,59.33,59.5,2183229.0,131632334.48
2025-09-11,59.45,60.45,59.26,60.21,1645500.0,98470833.75
2025-09-12,60.14,60.47,58.58,58.84,2887487.0,171827132.65
2025-09-15,58.89,58.89,57.84,58.05,1557360.0,90977077.8
2025-09-16,57.79,58.47,57.68,58.03,1330228.0,77143247.29
2025-09-17,58.17,59.08,57.92,58.5,1330658.0,77733713.72
2025-09-18,58.1,58.63,57.02,57.28,1592700.0,91990370.25
2025-09-19,57.0,58.91,57.0,58.19,2047423.0,118289863.83
2025-09-22,59.35,59.5,56.78,56.94,2768091.0,160943730.97
2025-09-23,56.94,57.44,53.21,56.16,6347647.0,355071504.06
2025-09-24,61.28,61.77,56.7,57.85,8564507.0,508731715.8
2025-09-25,56.63,56.97,54.05,54.25,7598558.0,421530005.05
2025-09-26,54.1,54.22,53.21,53.68,3183206.0,171264440.81
2025-09-29,54.0,54.16,52.7,53.45,3393884.0,181835820.01
2025-09-30,53.44,54.15,52.92,53.0,2620870.0,139895488.42
2025-10-09,53.1,53.79,51.88,53.45,4316810.0,229028354.55
2025-10-10,53.3,53.41,52.75,53.12,2648180.0,140737526.1
2025-10-13,52.01,56.3,51.81,54.76,7573550.0,406851106.0
2025-10-14,54.91,54.91,52.54,53.1,4606412.0,248124382.38
2025-10-15,52.9,53.56,52.86,53.2,1710400.0,90873552.0
2025-10-16,53.06,54.32,52.63,53.28,2486968.0,132611351.18
2025-10-17,53.25,54.83,53.05,54.39,3946400.0,212632032.0
2025-10-20,54.75,55.75,53.9,54.93,3315900.0,181819086.75
2025-10-21,54.9,54.99,53.94,54.48,2916770.0,159190014.68
2025-10-22,54.04,54.54,53.12,53.36,1917800.0,103110517.0
2025-10-23,53.18,53.98,52.96,53.82,1169575.0,62554718.88
2025-10-24,53.82,54.2,53.4,53.62,1523691.0,81913628.16
2025-10-27,53.91,54.98,52.2,52.33,4348757.0,232027929.74
2025-10-28,53.51,56.2,53.51,55.06,6488737.0,354090378.09
2025-10-29,55.08,56.2,54.21,55.66,2416213.0,133586376.24
2025-10-30,55.7,56.19,54.02,54.7,2735411.0,150864755.18
2025-10-31,54.77,57.6,54.77,56.81,4825752.0,270181790.1
2025-11-03,56.79,57.4,55.62,56.64,2775971.0,157154658.24
2025-11-04,55.0,55.29,52.85,53.09,5430975.0,293584931.06
2025-11-05,52.51,53.55,52.33,52.8,2011100.0,106181052.25
2025-11-06,52.99,57.86,52.46,57.8,5802912.0,320770468.08
2025-11-07,56.7,58.78,56.3,57.3,3574050.0,204685843.5
2025-11-10,57.47,59.53,57.0,58.65,2839335.0,165142821.94
2025-11-11,58.59,58.82,57.8,58.7,1775728.0,103840134.12
2025-11-12,58.4,60.72,58.02,59.23,3046262.0,180011237.24
2025-11-13,60.2,62.44,59.17,59.45,5073027.0,305979623.5
2025-11-14,59.4,61.2,58.0,59.9,3059437.0,182418931.12
2025-11-17,59.5,60.5,58.58,60.01,2833390.0,169004630.02
2025-11-18,60.01,60.75,58.23,58.62,2538000.0,150763545.0
2025-11-19,58.23,59.5,58.12,58.51,1676314.0,98215237.26
2025-11-20,58.51,59.01,57.2,57.96,1787063.0,103953454.71
2025-11-21,57.84,58.27,56.0,56.21,2317200.0,132265776.0
2025-11-24,56.26,57.08,55.5,55.65,1617595.0,90783475.39
2025-11-25,56.17,57.18,55.73,55.75,1800400.0,101195983.0
2025-11-26,55.77,57.31,55.35,56.19,2035711.0,114315351.2
2025-11-27,56.11,56.56,55.56,55.61,1703500.0,95327860.0
2025-11-28,55.69,56.13,55.42,55.77,1052500.0,58679506.25
2025-12-01,55.86,56.98,55.7,55.92,2106372.0,118199064.78
2025-12-02,55.75,56.12,55.2,55.59,1526981.0,84999397.37
2025-12-03,55.64,59.33,55.5,58.81,4996579.0,286403908.28
2025-12-04,58.73,58.73,57.79,58.15,1993434.0,116316873.9
2025-12-05,57.95,58.49,56.56,57.93,1824400.0,105327173.0
2025-12-08,57.75,58.2,57.06,57.35,2177090.0,125378613.1
2025-12-09,57.31,57.65,56.33,56.98,1807381.0,103142715.22
2025-12-10,56.83,58.05,56.76,57.0,2206900.0,126146404.0
2025-12-11,57.0,58.58,56.88,57.81,2586445.0,148895172.54
2025-12-12,57.9,60.0,56.01,59.53,4585884.0,267632190.24
2025-12-15,59.01,59.42,58.06,58.85,1984785.0,116774825.48
2025-12-16,58.97,58.97,56.88,57.2,1865200.0,108190926.0
2025-12-17,57.27,58.2,56.91,57.92,1535080.0,88382231.0
2025-12-18,57.65,59.2,57.51,58.3,1383485.0,80470405.02
2025-12-19,58.33,59.67,57.87,59.22,1680713.0,98779704.79
2025-12-22,59.37,59.49,58.23,59.23,2230289.0,131765474.12
2025-12-23,59.17,61.0,59.0,59.21,2472664.0,147358411.08
2025-12-24,59.21,60.2,58.33,59.59,2661491.0,157912914.76
2025-12-25,59.2,59.65,58.62,58.96,1421500.0,84021311.25
2025-12-26,58.88,60.0,57.8,58.3,2456381.0,144300101.84
2025-12-29,58.01,58.3,56.65,56.92,3638617.0,209111318.99
2025-12-30,56.9,57.35,56.25,57.19,1944800.0,110702878.0
2025-12-31,57.18,57.71,56.39,56.55,1310861.0,74663365.41
2026-01-05,56.9,58.25,56.31,57.98,2110192.0,121040613.12
2026-01-06,58.35,58.43,57.27,57.68,2877637.0,166708705.5
2026-01-07,57.68,59.26,57.41,58.75,3167754.0,184600864.35
2026-01-08,58.76,60.5,58.31,59.95,3204869.0,190305121.22
2026-01-09,60.0,60.98,59.41,60.65,2552408.0,153808106.08
2026-01-12,60.65,61.16,59.63,60.57,2572173.0,155622896.93
2026-01-13,60.5,62.88,60.2,60.35,2940272.0,179305137.24
2026-01-14,64.1,66.3,59.26,61.0,13002602.0,814808054.33
2026-01-15,59.97,60.88,59.37,60.3,4259260.0,256109303.8
2026-01-16,60.2,62.45,59.96,61.63,4372120.0,266961647.2
2026-01-19,61.34,62.14,59.37,59.7,4527790.0,274553866.12
2026-01-20,59.98,60.27,58.64,59.35,3599450.0,214383242.0
2026-01-21,59.08,60.3,58.82,59.15,2471234.0,146636847.47
2026-01-22,59.19,60.49,58.56,59.1,2921472.0,173345541.12
2026-01-23,59.1,60.41,59.1,60.05,2856600.0,170439039.0
2026-01-26,60.33,60.49,57.47,58.21,4758560.0,281349860.0
2026-01-27,58.1,58.92,56.86,57.79,4100860.0,237511559.05
2026-01-28,57.52,58.34,57.01,58.15,3617400.0,208922937.0
2026-01-29,58.14,60.08,57.91,59.07,4178690.0,245706972.0
2026-01-30,59.0,60.8,58.37,60.49,4589865.0,273854295.23
2026-02-02,60.2,60.3,55.8,56.02,5469185.0,317650264.8
2026-02-03,56.03,56.57,55.16,55.89,3161428.0,176763343.05
2026-02-04,55.98,56.57,53.61,54.3,5708476.0,314622654.74
2026-02-05,54.05,54.9,53.39,53.66,2504161.0,135224694.0
2026-02-06,53.72,55.59,53.11,54.85,3033022.0,164746172.48
2026-02-09,55.05,55.77,54.72,55.21,2311536.0,127567893.0
2026-02-10,55.22,57.56,54.65,57.02,3723769.0,208949988.01
2026-02-11,57.3,58.69,56.49,57.96,3490996.0,201116279.56
2026-02-12,57.76,58.5,57.0,58.08,2176968.0,125904944.28
2026-02-13,57.89,58.38,57.02,57.02,1968193.0,113323632.46
2026-02-24,57.99,58.23,57.29,57.68,2113098.0,122131781.66
2026-02-25,57.77,60.36,57.71,59.28,3441956.0,202318173.68
2026-02-26,59.35,60.57,58.5,59.98,3000709.0,178842256.4
2026-02-27,59.55,60.4,58.8,59.53,2226941.0,132658875.37
2026-03-02,59.0,59.29,56.71,57.26,4175590.0,242455633.35
2026-03-03,57.32,58.18,55.11,55.42,4341430.0,245323355.73
2026-03-04,55.12,56.1,54.05,54.26,2829692.0,155300571.19
2026-03-05,55.01,55.56,52.41,52.77,3888751.0,209749507.06
2026-03-06,52.74,55.7,52.39,55.12,4533190.0,244735595.12
2026-03-09,53.82,54.65,51.5,52.4,4555270.0,241850672.47
2026-03-10,53.62,55.1,52.89,54.39,4193100.0,226427400.0
2026-03-11,54.42,54.86,53.92,54.35,2223029.0,120904989.74
2026-03-12,54.4,54.85,53.52,53.66,2726399.0,147518633.89
2026-03-13,53.29,53.78,52.2,52.29,3633310.0,192165765.9
2026-03-16,52.4,52.56,50.5,51.33,2798017.0,144650483.86
2026-03-17,51.7,54.5,51.7,52.79,5402440.0,284560020.9
2026-03-18,53.98,54.07,51.48,52.28,3758371.0,199015140.38
2026-03-19,51.76,51.86,49.05,49.45,5030239.0,254177976.67
2026-03-20,49.61,50.15,48.71,48.71,2983040.0,147048956.8
2026-03-23,46.01,48.99,45.3,45.59,5686970.0,264287713.32
2026-03-24,46.5,46.5,45.0,45.75,3201326.0,147060913.12
2026-03-25,45.96,47.5,45.83,46.9,3594346.0,167307820.44
2026-03-26,46.89,47.71,46.48,46.67,3438256.0,161383141.0
2026-03-27,46.34,48.03,46.24,47.67,3170400.0,149230728.0
2026-03-30,47.27,47.72,46.45,47.57,3015565.0,142492985.16
2026-03-31,47.5,48.88,47.39,48.54,3306414.0,158964119.09
2026-04-01,49.18,52.09,49.06,51.72,5393065.0,272417195.81
2026-04-02,51.77,52.13,51.25,51.68,2929908.0,151498217.91
2026-04-03,51.67,52.83,51.42,51.96,3232200.0,167977434.0
2026-04-07,51.79,52.53,50.58,51.71,3107123.0,160490670.76
2026-04-08,52.45,54.7,52.24,53.35,2945337.0,156647748.34
2026-04-09,52.87,53.0,50.7,50.92,3728020.0,193381717.45
2026-04-10,51.12,51.3,50.08,50.42,3032800.0,153853944.0
2026-04-13,50.47,50.66,49.2,49.29,3353800.0,167371389.0
2026-04-14,49.55,49.87,48.21,48.49,3556160.0,174358524.8
2026-04-15,48.95,49.19,48.26,48.41,3014290.0,146803458.72
2026-04-16,48.55,49.1,47.81,48.51,3200469.0,155198742.98
2026-04-17,48.57,48.8,46.52,46.67,7868100.0,374836284.0
2026-04-20,46.49,46.74,45.6,46.46,4453270.0,206286599.57
2026-04-21,46.51,46.82,45.7,46.27,4504896.0,208689307.2
2026-04-22,46.13,46.13,44.81,44.98,6634166.0,301937480.08
2026-04-23,45.16,47.66,45.1,47.26,9380114.0,434252377.63
2026-04-24,46.73,48.5,46.7,47.94,6894041.0,327242891.17
2026-04-27,47.95,48.65,47.45,47.83,5733700.0,275045589.0
2026-04-28,47.02,47.8,46.38,46.74,3690358.0,173391470.63
2026-04-29,46.88,47.48,46.54,46.57,2960060.0,138730612.05
2026-04-30,46.65,47.08,46.06,46.54,2707556.0,126124727.37
2026-05-06,47.45,49.27,46.77,49.17,9078081.0,437245771.37
2026-05-07,49.43,49.7,48.54,48.89,5361958.0,263486616.12
2026-05-08,48.8,49.08,48.17,48.81,3588424.0,174810075.16
2026-05-11,48.82,49.65,48.55,49.0,5223380.0,255971736.9
2026-05-12,48.97,49.0,47.0,47.2,5783957.0,277875754.17
2026-05-13,46.95,47.2,45.8,45.93,6280114.0,291836897.58
2026-05-14,45.9,48.64,44.72,47.01,10379405.0,483342942.34
2026-05-15,46.01,46.75,45.0,45.99,4867376.0,223595085.0
2026-05-18,45.7,46.0,44.96,45.42,3837200.0,174669344.0
2026-05-19,45.38,45.58,45.0,45.48,2453673.0,111298607.28
2026-05-20,45.49,45.51,44.09,44.16,4609315.0,206554928.44
2026-05-21,44.16,45.5,44.16,44.75,4285156.0,191300076.73
2026-05-22,44.66,46.08,44.0,45.78,3546125.0,160036621.25
2026-05-25,46.17,48.33,45.56,48.18,7233604.0,340413404.24
2026-05-26,47.71,48.75,47.5,47.5,5229124.0,250292020.26
2026-05-27,47.34,47.34,45.68,45.83,4715305.0,219485659.49
2026-05-28,46.19,46.19,44.67,45.65,3292730.0,150395442.75
2026-05-29,34.08,34.08,32.71,33.76,4619060.0,155466011.95
2026-06-01,33.5,34.75,33.16,34.6,4584910.0,155898402.27
2026-06-02,34.28,34.66,32.87,33.8,7131521.0,241776390.7
2026-06-03,33.74,33.77,32.12,32.4,5095982.0,168205625.87
2026-06-04,32.01,32.3,31.32,32.16,5302576.0,169404046.76
2026-06-05,32.02,34.56,31.7,33.52,7901110.0,260341574.5
2026-06-08,33.0,33.67,31.66,32.23,7050451.0,230126720.64
2026-06-09,32.56,33.74,31.67,33.47,7178464.0,235884327.04
2026-06-10,33.37,35.26,32.6,33.1,7442189.0,249927312.09
2026-06-11,32.8,33.72,30.6,31.18,7891913.0,253133109.47
2026-06-12,32.1,32.65,31.21,32.2,7955600.0,254897424.0
2026-06-15,34.78,35.2,33.4,33.91,13602072.0,466857116.22
2026-06-16,33.45,33.5,31.53,31.91,14077375.0,458887231.56
2026-06-17,30.6,30.6,28.95,29.3,16678292.0,498055494.85
2026-06-18,29.11,29.52,28.05,29.04,7960731.0,230303947.83
2026-06-22,28.78,28.9,27.0,27.82,9581872.0,269490150.0
2026-06-23,27.87,28.18,27.46,28.08,6102710.0,170250352.22
2026-06-24,27.99,29.3,27.5,29.19,8271991.0,235710383.55
2026-06-25,28.92,29.56,28.04,28.23,6532493.0,187400892.94
2026-06-26,27.98,28.4,27.55,27.55,4725037.0,131686781.19
2026-06-29,27.39,28.2,26.51,28.01,6814413.0,187583753.86
2026-06-30,27.85,28.09,27.45,28.04,4840426.0,134842167.3
2026-07-01,27.83,29.55,27.75,28.98,6646232.0,189600383.38
2026-07-02,28.73,29.9,28.71,29.35,6169320.0,179974487.7
2026-07-03,29.98,31.5,29.42,29.6,6496334.0,195702061.75
2026-07-06,29.61,30.56,29.0,29.73,5666490.0,168436415.25
2026-07-07,29.72,29.99,29.13,29.15,3335091.0,98376846.77
2026-07-08,29.09,29.15,28.26,28.32,3206700.0,92048323.5
2026-07-09,28.3,28.5,27.61,27.93,3615990.0,101555079.15
2026-07-10,27.84,28.62,27.71,27.96,2737008.0,76725176.76
2026-07-13,27.99,28.3,27.27,27.36,3499562.0,97042854.26
2026-07-14,27.19,27.45,26.85,27.05,3829180.0,103904799.3
2026-07-15,26.95,28.0,26.85,27.86,3987742.0,109323946.93
2026-07-16,27.36,28.08,27.06,27.62,3897000.0,107284410.0
2026-07-17,27.59,28.2,27.3,27.51,5441720.0,150463558.0
2026-07-20,27.42,28.08,27.19,27.99,5026497.0,139083171.99
2026-07-21,27.78,29.64,27.62,28.44,6523125.0,185061056.25
2026-07-22,28.36,28.88,27.81,28.68,4596220.0,130682025.15
2026-07-23,28.68,28.86,28.07,28.45,3348332.0,95477686.98
2026-07-24,28.4,28.68,27.92,28.18,4047847.0,114533830.86
2026-07-27,28.18,28.77,28.15,28.41,3531920.0,100227059.8
2026-07-28,28.31,28.44,27.63,28.39,3320381.0,93609841.34
2026-07-29,28.39,30.5,28.26,29.82,9339346.0,273105825.41
2026-07-30,29.58,30.53,29.38,30.31,6130230.0,183600388.5
2026-07-31,30.02,30.4,29.86,29.92,3890436.0,116907601.8
2026-08-03,30.06,30.15,29.7,29.93,2202570.0,65988997.2
2026-08-04,30.08,30.16,29.48,29.6,3275890.0,97719798.7
2026-08-05,29.6,29.67,29.25,29.52,3521990.0,103933924.9
2026-08-06,29.52,30.04,29.08,29.31,3512879.0,103586019.51
2026-08-07,29.26,29.42,28.96,29.15,3480061.0,101609081.05
2026-08-10,29.15,29.49,29.01,29.38,4313466.0,126201231.5
2026-08-11,29.39,29.65,28.96,29.05,3976668.0,116367247.35
2026-08-12,29.0,29.14,28.85,28.93,2992081.0,86710507.38
2026-08-13,29.05,29.07,28.1,28.26,4570091.0,130796004.42
2026-08-14,28.26,28.4,27.75,27.78,3059823.0,85820385.59
2026-08-17,27.74,27.86,26.96,27.13,7027552.0,192713044.72
2026-08-18,27.09,27.29,26.9,27.0,4299090.0,116376366.3
2026-08-19,26.77,27.05,26.34,26.46,5660733.0,150886838.12
2026-08-20,26.47,27.0,26.4,26.46,4009251.0,106575914.71
2026-08-21,26.6,26.6,25.15,25.15,7602283.0,196709072.62
2026-08-24,25.25,25.5,25.02,25.26,4202157.0,106135980.43
2026-08-25,25.08,25.46,25.08,25.39,2962763.0,74817172.66
2026-08-26,27.81,27.98,26.41,27.28,20477058.0,560457077.46
2026-08-27,27.2,27.8,27.04,27.58,11769858.0,322552958.49
2026-08-28,27.58,29.29,27.55,28.76,12328686.0,348840170.37
2026-08-31,28.85,29.38,28.3,29.22,8377241.0,242416411.44
2026-09-01,29.0,30.24,28.91,29.77,10148327.0,299172679.96
2026-09-02,29.46,30.27,29.37,29.77,6599987.0,196135113.67
2026-09-03,29.7,30.5,29.7,30.27,7842472.0,235607465.06
2026-09-04,30.28,30.38,29.41,29.49,6498602.0,194243213.78
2026-09-07,29.3,30.25,29.3,30.11,6507721.0,193539622.54
2026-09-08,30.1,30.2,29.08,29.18,5992048.0,177604302.72
2026-09-09,29.2,29.3,28.56,28.74,4720920.0,136670634.0
2026-09-10,28.74,29.19,28.41,28.6,4206784.0,120881938.24
2026-09-11,28.29,28.64,27.39,27.78,5405104.0,151478039.6
2026-09-14,27.5,27.83,26.91,27.77,5693005.0,156571870.01
2026-09-15,27.66,28.09,27.37,27.43,3218010.0,88937751.38
2026-09-16,27.48,28.08,27.48,27.66,4494755.0,124392344.62
2026-09-17,27.52,27.93,27.21,27.29,3800005.0,104452637.44
2026-09-18,27.41,28.18,27.37,27.76,4807205.0,133063434.4
2026-09-21,27.68,28.62,27.68,28.45,5352776.0,150453151.42
2026-09-22,28.46,28.7,28.04,28.22,4518945.0,128134685.47
2026-09-23,28.2,28.49,28.12,28.32,3218833.0,91036644.32
2026-09-24,28.22,28.3,27.54,27.71,3643830.0,101817719.78
2026-09-28,27.71,27.74,26.92,27.29,3794000.0,104012510.0
2026-09-29,27.23,28.13,27.08,28.09,4329336.0,119630377.02
2026-09-30,28.09,28.34,27.89,28.02,2449690.0,68799543.65
