date,open,high,low,close,volume,amount,pct
2024-09-06,19.94,19.97,19.2,19.27,603540.0,11826366.3,0.0
2024-09-09,19.18,19.71,19.09,19.34,562706.0,10877106.98,0.36
2024-09-10,19.46,19.76,19.18,19.65,436697.0,8521050.21,1.6
2024-09-11,19.73,19.88,19.4,19.74,385365.0,7586873.44,0.46
2024-09-12,19.65,20.06,19.51,19.55,319077.0,6283423.82,-0.96
2024-09-13,19.63,19.63,19.17,19.21,470414.0,9130735.74,-1.74
2024-09-18,19.38,19.47,18.82,19.2,460014.0,8840319.04,-0.05
2024-09-19,19.49,19.81,19.21,19.51,499980.0,9752109.9,1.61
2024-09-20,19.51,19.52,19.21,19.38,399186.0,7746204.33,-0.67
2024-09-23,19.41,19.44,19.14,19.4,274408.0,5309108.78,0.1
2024-09-24,19.44,20.45,19.42,20.45,899097.0,17927994.18,5.41
2024-09-25,20.73,21.0,20.2,20.51,1549157.0,31928125.77,0.29
2024-09-26,20.59,21.27,20.26,21.24,1514889.0,31570286.76,3.56
2024-09-27,21.47,22.85,21.47,22.71,1456722.0,32229974.25,6.92
2024-09-30,23.88,26.62,23.21,26.55,3861370.0,96785239.05,16.91
2024-10-08,31.0,31.13,27.39,29.2,5815102.0,172592227.36,9.98
2024-10-09,28.0,28.0,25.5,25.6,3336735.0,89341079.62,-12.33
2024-10-10,25.71,26.38,24.4,24.68,2360083.0,59692399.28,-3.59
2024-10-11,24.68,24.92,23.0,23.29,1921219.0,46056422.48,-5.63
2024-10-14,23.36,23.69,22.81,23.57,1608391.0,37567992.78,1.2
2024-10-15,23.43,23.69,23.08,23.16,1427477.0,33317313.18,-1.74
2024-10-16,22.89,23.26,22.8,22.97,929210.0,21353245.8,-0.82
2024-10-17,23.18,23.34,22.66,22.75,1098953.0,25256687.32,-0.96
2024-10-18,22.75,24.47,22.5,23.9,1974825.0,46220779.12,5.05
2024-10-21,23.98,25.45,23.86,24.56,2841591.0,69512419.84,2.76
2024-10-22,24.87,25.36,24.33,25.27,1603517.0,40019775.53,2.89
2024-10-23,25.27,25.58,24.85,25.09,1444054.0,36386550.66,-0.71
2024-10-24,25.09,25.09,24.54,24.68,973927.0,24202085.95,-1.63
2024-10-25,24.6,25.68,24.6,25.6,1557429.0,39122616.48,3.73
2024-10-28,25.66,25.8,25.31,25.75,1437445.0,36841715.35,0.59
2024-10-29,25.78,26.2,24.45,24.61,1629104.0,41151167.04,-4.43
2024-10-30,24.39,24.65,23.57,23.88,1745035.0,42094606.79,-2.97
2024-10-31,23.87,24.58,23.76,24.26,1155128.0,27858799.54,1.59
2024-11-01,24.2,24.7,23.65,23.65,1157722.0,27843214.1,-2.51
2024-11-04,23.65,24.44,23.57,24.36,856110.0,20550920.55,3.0
2024-11-05,24.32,25.33,24.32,25.29,1298754.0,32228580.51,3.82
2024-11-06,25.29,25.88,25.1,25.38,1574115.0,40002197.44,0.36
2024-11-07,25.38,26.24,25.0,26.23,1420880.0,36534377.0,3.35
2024-11-08,26.38,26.65,26.05,26.41,1661159.0,43808915.73,0.69
2024-11-11,26.3,27.88,26.3,27.67,2537498.0,68607602.17,4.77
2024-11-12,27.67,28.1,27.06,27.42,2023712.0,55778562.0,-0.9
2024-11-13,27.6,28.29,26.75,27.44,1595538.0,43909205.76,0.07
2024-11-14,27.19,27.6,26.47,26.48,1262991.0,34018662.59,-3.5
2024-11-15,26.21,26.53,25.88,25.89,1004678.0,26249724.44,-2.23
2024-11-18,25.7,26.38,25.09,25.21,1057132.0,27057293.54,-2.63
2024-11-19,25.26,26.02,25.05,26.0,997002.0,25505803.66,3.13
2024-11-20,25.98,26.53,25.88,26.43,694111.0,18189178.75,1.65
2024-11-21,26.38,26.73,25.97,26.5,717631.0,18941870.25,0.26
2024-11-22,26.55,26.58,25.01,25.12,1004724.0,25936950.06,-5.21
2024-11-25,25.33,25.66,24.83,25.32,894943.0,22628633.75,0.8
2024-11-26,25.33,25.45,24.8,24.83,633286.0,15897061.81,-1.94
2024-11-27,24.68,25.33,24.22,25.24,727549.0,18092324.76,1.65
2024-11-28,25.37,26.0,25.24,25.51,751723.0,19191488.19,1.07
2024-11-29,25.62,26.14,25.41,25.98,775986.0,20010738.98,1.84
2024-12-02,25.98,26.48,25.73,26.47,1062514.0,27800678.81,1.89
2024-12-03,26.48,26.58,26.16,26.45,795217.0,21007645.1,-0.08
2024-12-04,26.32,26.51,25.29,25.31,1073603.0,27760689.57,-4.31
2024-12-05,25.18,25.86,25.11,25.72,713499.0,18171035.78,1.62
2024-12-06,25.55,25.83,25.0,25.62,1067723.0,27226936.5,-0.39
2024-12-09,25.62,25.86,25.36,25.67,830254.0,21277334.39,0.2
2024-12-10,26.5,26.75,25.55,25.58,1329523.0,34693902.68,-0.35
2024-12-11,25.67,25.92,25.42,25.86,1199681.0,30852796.12,1.09
2024-12-12,25.91,25.95,25.34,25.92,1004835.0,25904646.3,0.23
2024-12-13,25.9,25.9,25.26,25.31,932514.0,23865364.54,-2.35
2024-12-16,25.52,25.53,25.11,25.22,755746.0,19154382.37,-0.36
2024-12-17,25.35,25.38,24.16,24.2,1102125.0,27302391.56,-4.04
2024-12-18,24.32,24.43,23.9,24.09,554066.0,13400086.21,-0.45
2024-12-19,23.92,24.06,23.38,23.79,914161.0,21745604.79,-1.25
2024-12-20,23.47,24.22,23.47,24.05,668329.0,15907901.02,1.09
2024-12-23,24.06,24.06,23.2,23.22,781866.0,18479402.91,-3.45
2024-12-24,23.32,23.65,23.04,23.46,448218.0,10473734.12,1.03
2024-12-25,23.3,23.52,22.82,23.04,553721.0,12829715.57,-1.79
2024-12-26,22.9,23.21,22.9,23.03,618304.0,14227175.04,-0.04
2024-12-27,22.92,23.2,22.87,22.89,804935.0,18489356.95,-0.61
2024-12-30,22.89,22.89,22.44,22.5,753990.0,17100493.2,-1.7
2024-12-31,22.54,22.54,21.83,21.93,799772.0,17762936.12,-2.53
2025-01-02,21.79,22.12,21.31,21.47,723266.0,15674982.38,-2.1
2025-01-03,21.47,21.53,20.68,20.81,819044.0,17300256.89,-3.07
2025-01-06,20.81,21.26,20.5,20.93,498135.0,10398568.12,0.58
2025-01-07,20.86,21.35,20.82,21.35,428010.0,9028870.95,2.01
2025-01-08,21.3,21.36,20.5,21.12,665429.0,14020589.03,-1.08
2025-01-09,21.02,21.31,21.0,21.06,322601.0,6806074.6,-0.28
2025-01-10,21.2,21.28,20.42,20.5,521405.0,10871294.25,-2.66
2025-01-13,20.56,20.88,20.2,20.73,409703.0,8436809.03,1.12
2025-01-14,20.88,21.55,20.87,21.5,685429.0,14531094.8,3.71
2025-01-15,21.69,21.69,21.15,21.59,532171.0,11457641.63,0.42
2025-01-16,21.59,21.89,21.3,21.41,437238.0,9421385.8,-0.83
2025-01-17,21.6,21.73,21.31,21.59,513736.0,11074863.82,0.84
2025-01-20,21.59,21.74,21.47,21.54,464052.0,10016562.42,-0.23
2025-01-21,21.62,21.68,21.23,21.5,435466.0,9365785.0,-0.19
2025-01-22,21.63,21.88,21.43,21.72,489000.0,10594185.0,1.02
2025-01-23,21.87,22.24,21.62,21.88,636056.0,13931216.54,0.74
2025-01-24,21.92,22.37,21.66,22.25,596733.0,13157962.65,1.69
2025-01-27,22.25,22.39,21.8,21.8,367855.0,8114881.3,-2.02
2025-02-05,21.91,22.06,21.78,21.85,263473.0,5770058.7,0.23
2025-02-06,21.87,22.33,21.75,22.32,462623.0,10208933.05,2.15
2025-02-07,22.52,22.85,22.25,22.55,815449.0,18382259.08,1.03
2025-02-10,22.64,23.08,22.42,23.01,727621.0,16580663.54,2.04
2025-02-11,23.02,23.45,22.8,23.31,739960.0,17126374.2,1.3
2025-02-12,23.27,23.77,23.16,23.42,955432.0,22361885.96,0.47
2025-02-13,23.22,23.58,22.88,22.92,905076.0,20952509.4,-2.13
2025-02-14,22.98,23.33,22.98,23.09,625196.0,14438901.62,0.74
2025-02-17,23.01,23.22,22.85,22.96,588168.0,13533745.68,-0.56
2025-02-18,23.05,23.07,22.33,22.48,648351.0,14738639.11,-2.09
2025-02-19,22.46,23.12,22.37,22.9,1031835.0,23435552.44,1.87
2025-02-20,22.86,23.25,22.86,23.16,631616.0,14547695.52,1.14
2025-02-21,23.19,23.43,22.9,23.4,790400.0,18360992.0,1.04
2025-02-24,23.5,23.69,23.25,23.58,832982.0,19579241.91,0.77
2025-02-25,23.39,23.68,23.29,23.55,582788.0,13682405.27,-0.13
2025-02-26,23.51,24.35,23.51,23.93,1193581.0,28437067.32,1.61
2025-02-27,23.98,24.25,23.69,24.12,1275525.0,30625355.25,0.79
2025-02-28,24.15,24.15,23.32,23.47,1276325.0,30341436.06,-2.69
2025-03-03,23.51,24.91,23.51,24.15,1737567.0,41736359.34,2.9
2025-03-04,24.07,24.3,23.94,24.25,993161.0,23974906.54,0.41
2025-03-05,24.37,24.65,23.83,24.63,1175770.0,28653514.9,1.57
2025-03-06,24.61,25.05,24.39,24.82,1341562.0,33160058.74,0.77
2025-03-07,24.8,25.55,24.65,25.22,1813003.0,45424790.16,1.61
2025-03-10,25.25,26.14,25.18,26.0,3757334.0,96347437.09,3.09
2025-03-11,25.98,29.88,25.83,29.21,8427738.0,233659036.05,12.35
2025-03-12,29.49,30.49,28.51,28.73,7533002.0,220754623.61,-1.64
2025-03-13,28.07,28.98,27.89,28.43,3989680.0,113077505.4,-1.04
2025-03-14,28.21,28.95,27.44,28.79,2887343.0,81848955.69,1.27
2025-03-17,28.79,28.88,28.02,28.2,1869580.0,53231616.55,-2.05
2025-03-18,28.43,28.46,27.3,27.45,2687159.0,74998607.69,-2.66
2025-03-19,27.35,27.63,26.87,26.92,1655182.0,45008536.54,-1.93
2025-03-20,27.09,27.3,26.68,26.83,1426129.0,38469829.77,-0.33
2025-03-21,27.05,27.99,26.54,27.78,2496580.0,68256497.2,3.54
2025-03-24,27.5,28.25,26.18,26.71,1960602.0,53249950.32,-3.85
2025-03-25,26.47,27.29,26.47,27.06,1031706.0,27672934.18,1.31
2025-03-26,26.96,27.76,26.85,26.85,1079225.0,29252393.63,-0.78
2025-03-27,26.75,27.57,26.3,26.83,1244129.0,33420415.26,-0.07
2025-03-28,26.61,26.98,25.95,26.06,1425382.0,37630084.8,-2.87
2025-03-31,25.95,26.02,25.27,25.78,1120809.0,28866435.79,-1.07
2025-04-01,25.87,26.74,25.87,26.3,957483.0,25081267.18,2.02
2025-04-02,26.22,26.56,26.16,26.28,629570.0,16560838.85,-0.08
2025-04-03,25.9,26.3,25.55,25.8,785570.0,20336443.38,-1.83
2025-04-07,24.48,25.0,21.74,21.93,2173964.0,50626186.65,-15.0
2025-04-08,22.6,23.15,22.16,22.86,1406680.0,31921085.9,4.24
2025-04-09,22.36,23.48,21.52,23.35,1294253.0,29350422.41,2.14
2025-04-10,23.61,24.53,23.61,23.97,1018583.0,24374691.19,2.66
2025-04-11,23.8,25.88,23.8,25.6,1847799.0,45769981.23,6.8
2025-04-14,25.95,25.95,24.87,25.09,1715750.0,43691573.75,-1.99
2025-04-15,25.09,25.26,24.7,25.0,573144.0,14335764.3,-0.36
2025-04-16,24.81,25.18,24.4,24.7,755609.0,18718323.95,-1.2
2025-04-17,24.51,25.3,24.51,24.78,827669.0,20505499.48,0.32
2025-04-18,24.75,24.88,23.61,23.7,1596066.0,38680659.51,-4.36
2025-04-21,23.48,24.65,23.4,23.85,1567229.0,37370575.5,0.63
2025-04-22,23.85,24.17,23.66,23.88,808771.0,19321539.19,0.13
2025-04-23,24.06,24.19,23.68,23.95,626760.0,15023437.2,0.29
2025-04-24,23.94,24.24,23.56,23.72,726735.0,17343530.77,-0.96
2025-04-25,23.82,23.92,23.42,23.65,465019.0,11022112.85,-0.3
2025-04-28,23.61,23.7,23.0,23.31,732364.0,17140979.42,-1.44
2025-04-29,23.31,24.79,23.18,24.68,1526034.0,36609555.66,5.88
2025-04-30,24.68,25.5,24.38,24.56,778151.0,19282581.78,-0.49
2025-05-06,24.95,25.13,24.73,25.12,756851.0,18908030.11,2.28
2025-05-07,25.35,25.52,24.75,25.01,875409.0,22023101.92,-0.44
2025-05-08,25.0,25.86,24.86,25.59,1247484.0,31595651.01,2.32
2025-05-09,25.58,25.58,24.94,25.08,747901.0,18918155.79,-1.99
2025-05-12,25.23,25.38,25.02,25.33,843668.0,21294180.32,1.0
2025-05-13,25.58,25.87,25.19,25.4,912720.0,23283487.2,0.28
2025-05-14,25.57,25.57,25.04,25.1,783389.0,19835409.48,-1.18
2025-05-15,25.15,25.28,24.9,25.02,676968.0,16983434.7,-0.32
2025-05-16,25.11,25.34,24.93,25.15,638100.0,16037048.25,0.52
2025-05-19,25.22,25.85,25.04,25.61,888182.0,22586468.26,1.83
2025-05-20,25.6,26.2,25.36,26.0,863233.0,22262779.07,1.52
2025-05-21,26.18,26.18,24.91,24.91,2476638.0,63265717.71,-4.19
2025-05-22,24.85,25.12,24.39,24.43,998106.0,24650722.94,-1.93
2025-05-23,24.53,25.49,24.3,25.32,2274343.0,56653884.13,3.64
2025-05-26,25.25,25.99,24.95,25.08,1676682.0,42449396.53,-0.95
2025-05-27,25.12,25.12,24.66,24.85,858900.0,21418818.75,-0.92
2025-05-28,24.85,25.03,24.54,24.6,883055.0,21860026.53,-1.01
2025-05-29,24.79,26.02,24.61,25.65,3242117.0,81920191.3,4.27
2025-05-30,26.15,26.15,24.88,24.93,1594908.0,40714013.97,-2.81
2025-06-03,24.7,26.02,24.58,25.7,2659219.0,67145279.75,3.09
2025-06-04,25.79,26.43,25.73,26.12,2276643.0,59232559.25,1.63
2025-06-05,26.05,26.47,25.8,26.2,1931871.0,50479789.23,0.31
2025-06-06,26.2,26.75,25.85,26.63,1692475.0,44609409.81,1.64
2025-06-09,26.63,26.9,26.41,26.65,1377863.0,36716604.29,0.08
2025-06-10,26.65,26.72,25.8,26.25,1394558.0,36753576.09,-1.5
2025-06-11,26.4,26.81,26.3,26.53,1303028.0,34543272.28,1.07
2025-06-12,26.5,26.74,26.35,26.62,1087007.0,28862753.37,0.34
2025-06-13,26.65,29.18,26.3,28.0,5149789.0,141786565.64,5.18
2025-06-16,27.66,27.66,26.81,27.19,3319076.0,90710347.08,-2.89
2025-06-17,27.19,27.95,26.72,27.48,2771486.0,75758569.81,1.07
2025-06-18,27.46,27.46,26.46,26.97,2254332.0,61064218.05,-1.86
2025-06-19,26.64,27.0,26.13,26.15,1648405.0,43649764.4,-3.04
2025-06-20,25.98,26.48,25.85,25.89,860947.0,22427669.35,-0.99
2025-06-23,26.67,27.09,26.3,26.78,1903708.0,50848040.68,3.44
2025-06-24,26.78,27.25,26.4,27.05,1844346.0,49557577.02,1.01
2025-06-25,29.3,29.7,27.69,28.06,4466220.0,128124686.25,3.73
2025-06-26,27.55,28.35,27.55,27.78,2357537.0,65557210.13,-1.0
2025-06-27,27.8,28.08,27.66,27.73,1637685.0,45556302.49,-0.18
2025-06-30,28.0,28.98,27.92,28.79,2888411.0,82095861.65,3.82
2025-07-01,28.87,29.01,28.28,28.5,1811479.0,51926045.54,-1.01
2025-07-02,28.67,28.67,27.86,28.08,1469436.0,41614427.52,-1.47
2025-07-03,28.05,28.21,27.58,28.02,1178430.0,32954794.95,-0.21
2025-07-04,27.76,28.04,27.45,27.55,1204409.0,33362129.3,-1.68
2025-07-07,27.28,28.05,27.28,27.96,1059216.0,29279378.28,1.49
2025-07-08,28.01,28.15,27.7,27.7,1364793.0,38064076.77,-0.93
2025-07-09,27.88,27.88,27.32,27.38,814865.0,22502496.98,-1.16
2025-07-10,27.36,27.55,27.31,27.43,729917.0,20008849.76,0.18
2025-07-11,27.34,28.05,27.25,27.82,1272511.0,35140391.27,1.42
2025-07-14,27.89,28.59,27.71,28.04,1326072.0,37206265.14,0.79
2025-07-15,28.18,28.36,27.53,28.25,1651140.0,46364011.2,0.75
2025-07-16,28.2,28.76,28.01,28.26,1358365.0,38451917.24,0.04
2025-07-17,28.41,29.01,28.12,28.84,1722854.0,49265010.13,2.05
2025-07-18,28.86,29.77,28.84,29.47,2270961.0,66391544.84,2.18
2025-07-21,29.33,29.95,29.27,29.77,1768151.0,52301906.58,1.02
2025-07-22,29.88,30.06,29.42,29.65,2187163.0,65073567.16,-0.4
2025-07-23,29.42,29.87,29.1,29.18,1785039.0,52466758.81,-1.59
2025-07-24,29.07,30.98,29.01,30.27,3023471.0,90197698.61,3.74
2025-07-25,30.53,30.58,29.88,30.38,1356446.0,41157962.75,0.36
2025-07-28,30.33,32.55,30.05,31.82,3302885.0,103008725.94,4.74
2025-07-29,31.67,32.18,31.45,32.0,1702172.0,54171623.9,0.57
2025-07-30,32.3,33.0,31.22,31.45,3098140.0,99117243.95,-1.72
2025-07-31,31.19,31.71,30.31,30.44,2905981.0,89831137.66,-3.21
2025-08-01,30.44,30.75,30.23,30.59,1400616.0,42722289.54,0.49
2025-08-04,30.2,31.08,30.2,30.97,1255485.0,38433534.56,1.24
2025-08-05,30.99,33.98,30.99,33.33,4724748.0,152715667.23,7.62
2025-08-06,33.26,33.27,32.63,32.91,2675574.0,88340764.55,-1.26
2025-08-07,32.8,33.85,32.65,33.54,2620692.0,87033181.32,1.91
2025-08-08,33.22,33.74,32.87,33.17,2181456.0,72533412.0,-1.1
2025-08-11,33.4,35.5,33.2,35.07,3318449.0,113797912.33,5.73
2025-08-12,35.35,35.38,34.18,34.25,2130127.0,74107118.33,-2.34
2025-08-13,34.2,34.79,33.71,34.26,1860014.0,63686879.36,0.03
2025-08-14,34.01,36.0,33.88,33.89,2821652.0,97191803.14,-1.08
2025-08-15,33.88,35.16,33.85,34.55,2014304.0,69211485.44,1.95
2025-08-18,34.79,35.43,34.13,34.8,2602650.0,90539686.88,0.72
2025-08-19,34.8,34.96,33.6,34.06,1957336.0,67244278.28,-2.13
2025-08-20,33.87,34.05,33.33,34.0,1235324.0,41769392.75,-0.18
2025-08-21,34.14,34.14,33.24,33.4,1543030.0,52046401.9,-1.76
2025-08-22,33.55,34.55,33.53,33.84,1450146.0,49112819.66,1.32
2025-08-25,34.16,35.17,34.01,35.09,2347365.0,81236434.24,3.69
2025-08-26,35.01,36.49,34.81,35.13,2420073.0,85573781.28,0.11
2025-08-27,35.13,35.21,33.95,34.1,2000925.0,69227002.69,-2.93
2025-08-28,33.94,35.0,32.61,33.39,2598486.0,87659925.21,-2.08
2025-08-29,33.39,34.52,32.93,34.0,2017363.0,68005306.73,1.83
2025-09-01,36.05,36.36,34.51,34.6,2079405.0,73569348.9,1.76
2025-09-02,34.55,34.8,32.8,33.15,1927632.0,65202152.4,-4.19
2025-09-03,33.47,33.54,32.3,32.42,1343802.0,44254759.37,-2.2
2025-09-04,32.43,34.34,32.01,32.58,2709738.0,88987795.92,0.49
2025-09-05,32.26,33.97,32.13,33.82,1477041.0,48808819.84,3.81
2025-09-08,33.82,35.27,33.48,35.11,1990341.0,68507537.22,3.81
2025-09-09,35.11,38.42,34.95,36.56,4210206.0,152662069.56,4.13
2025-09-10,36.34,36.89,35.58,35.85,2386974.0,86324914.71,-1.94
2025-09-11,35.85,37.54,34.7,36.88,2621096.0,94995071.78,2.87
2025-09-12,36.72,38.69,36.36,37.95,2964443.0,110959101.49,2.9
2025-09-15,37.03,37.05,35.28,35.82,3146629.0,114206899.56,-5.61
2025-09-16,35.82,35.99,34.67,35.15,2308710.0,81745649.33,-1.87
2025-09-17,35.14,35.5,34.86,34.91,1379689.0,48430533.12,-0.68
2025-09-18,35.33,36.48,34.32,35.11,2570022.0,90747476.82,0.57
2025-09-19,34.8,35.47,34.6,35.16,1353086.0,47368158.15,0.14
2025-09-22,34.94,36.99,34.38,36.2,3084546.0,109894662.61,2.96
2025-09-23,36.01,36.89,34.89,36.6,2209980.0,79774753.05,1.1
2025-09-24,36.16,37.85,36.16,37.19,3066271.0,112961423.64,1.61
2025-09-25,37.19,38.38,36.8,37.22,2431964.0,90949373.69,0.08
2025-09-26,37.22,37.5,36.71,36.89,1602454.0,59418994.32,-0.89
2025-09-29,37.05,41.96,36.37,40.3,6568866.0,255660264.72,9.24
2025-09-30,39.5,40.2,38.52,39.88,3765300.0,148823482.5,-1.04
2025-10-09,39.7,40.3,39.17,39.85,2515976.0,100022625.88,-0.08
2025-10-10,39.85,40.8,38.68,40.67,3508056.0,140322240.0,2.06
2025-10-13,38.9,40.32,38.5,39.61,2497782.0,98244010.51,-2.61
2025-10-14,39.61,40.13,37.69,38.0,2310048.0,89762690.16,-4.06
2025-10-15,38.0,39.28,37.75,38.69,1190529.0,45752029.47,1.82
2025-10-16,38.6,38.69,37.5,37.68,1311602.0,49994989.23,-2.61
2025-10-17,37.6,37.88,35.06,35.08,2628415.0,95687448.08,-6.9
2025-10-20,35.59,37.95,35.59,36.2,3597883.0,130720084.1,3.19
2025-10-21,36.95,37.91,36.51,37.73,2222685.0,82850583.38,4.23
2025-10-22,37.65,37.68,36.88,37.07,1076967.0,40192408.44,-1.75
2025-10-23,37.0,37.21,36.13,37.15,1155703.0,42613658.87,0.22
2025-10-24,37.55,38.75,37.34,38.65,1657180.0,63092985.55,4.04
2025-10-27,39.15,39.15,37.82,37.92,1561130.0,60119116.3,-1.89
2025-10-28,37.98,38.58,37.7,38.02,1231161.0,46870299.27,0.26
2025-10-29,37.86,38.38,37.59,37.77,1023270.0,38781933.0,-0.66
2025-10-30,38.23,39.27,37.56,38.71,2148951.0,82611048.82,2.49
2025-10-31,38.53,39.98,38.52,38.65,1947754.0,75806585.68,-0.15
2025-11-03,38.35,38.73,37.64,37.96,1216659.0,46439874.03,-1.79
2025-11-04,38.05,38.77,37.12,37.44,1782941.0,67475402.14,-1.37
2025-11-05,37.12,37.71,36.38,37.18,1356179.0,50310850.45,-0.69
2025-11-06,37.2,37.85,37.06,37.1,1231670.0,45944370.18,-0.22
2025-11-07,37.06,40.2,36.5,38.92,3103959.0,118478115.03,4.91
2025-11-10,38.89,41.19,38.14,40.64,3749056.0,148893759.04,4.42
2025-11-11,40.38,40.83,39.5,39.98,1665256.0,66897496.66,-1.62
2025-11-12,40.2,41.86,39.37,39.69,2695107.0,108558909.96,-0.73
2025-11-13,39.89,41.12,39.5,40.06,2121646.0,85168174.55,0.93
2025-11-14,39.98,40.45,38.8,38.82,2505406.0,98994854.58,-3.1
2025-11-17,38.98,39.36,37.33,37.69,2282226.0,87500544.84,-2.91
2025-11-18,37.46,37.99,36.23,36.3,1460982.0,54049029.09,-3.69
2025-11-19,36.38,36.52,35.21,35.53,1298706.0,46636532.46,-2.12
2025-11-20,36.0,36.0,34.89,35.25,985382.0,35015549.37,-0.79
2025-11-21,34.85,35.07,33.61,33.75,1675342.0,57497737.44,-4.26
2025-11-24,33.8,34.81,33.58,34.32,1179075.0,40238882.06,1.69
2025-11-25,34.5,34.93,34.04,34.5,657163.0,22667194.78,0.52
2025-11-26,34.5,34.5,34.0,34.0,672332.0,23027371.0,-1.45
2025-11-27,33.16,35.36,31.03,34.79,5217342.0,175224431.07,2.32
2025-11-28,33.77,33.93,32.35,33.07,2819223.0,93823741.44,-4.94
2025-12-01,32.98,33.78,32.98,33.2,1412998.0,46960988.53,0.39
2025-12-02,33.2,33.2,32.52,32.6,860242.0,28284756.96,-1.81
2025-12-03,32.28,33.15,31.8,32.29,1499696.0,48560156.48,-0.95
2025-12-04,32.29,32.95,32.11,32.71,1345967.0,43764117.01,1.3
2025-12-05,32.54,33.1,32.41,32.98,690190.0,22608898.93,0.83
2025-12-08,32.9,33.4,32.74,32.88,1023816.0,33765451.68,-0.3
2025-12-09,32.82,33.0,32.56,32.7,642137.0,21042829.49,-0.55
2025-12-10,32.7,32.7,31.6,31.7,1292076.0,41572545.3,-3.06
2025-12-11,32.0,32.1,31.52,31.6,1027040.0,32665007.2,-0.32
2025-12-12,31.5,32.19,31.5,31.68,1009117.0,32006668.45,0.25
2025-12-15,31.43,32.1,31.1,31.81,656986.0,20767327.46,0.41
2025-12-16,31.72,31.87,30.55,30.84,942913.0,29461316.69,-3.05
2025-12-17,30.99,31.29,30.32,30.96,920475.0,28433472.75,0.39
2025-12-18,30.85,31.77,30.75,31.36,1086601.0,33882935.68,1.29
2025-12-19,31.16,31.9,31.16,31.86,821935.0,25907391.2,1.59
2025-12-22,32.0,32.6,31.97,31.97,799848.0,25703115.48,0.35
2025-12-23,32.07,32.57,31.68,32.0,822270.0,26378421.6,0.09
2025-12-24,33.0,34.2,32.97,33.59,3057975.0,102258684.0,4.97
2025-12-25,33.47,34.18,33.12,33.76,1538167.0,51732401.63,0.51
2025-12-26,33.99,34.35,33.57,34.01,1430475.0,48607540.5,0.74
2025-12-29,34.15,35.35,33.65,34.43,2440507.0,83941238.27,1.23
2025-12-30,34.24,34.47,33.14,33.29,1778121.0,60073817.98,-3.31
2025-12-31,33.28,33.69,33.05,33.05,1213016.0,40354009.78,-0.72
2026-01-05,33.0,34.17,32.9,33.61,2009335.0,67151975.7,1.69
2026-01-06,33.68,34.17,33.32,33.5,1609418.0,54185080.52,-0.33
2026-01-07,33.67,34.33,33.5,33.85,1518855.0,51394256.06,1.04
2026-01-08,33.53,34.45,33.53,34.29,1254303.0,42583586.85,1.3
2026-01-09,34.28,36.68,34.18,35.71,3041676.0,107105016.15,4.14
2026-01-12,35.71,35.73,34.75,35.54,2245842.0,79575796.66,-0.48
2026-01-13,35.51,35.87,34.53,34.6,2509089.0,88138023.85,-2.64
2026-01-14,34.6,35.0,33.71,34.26,2232734.0,76789304.09,-0.98
2026-01-15,34.16,34.74,33.9,34.53,1123133.0,38559963.72,0.79
2026-01-16,34.69,35.0,34.07,34.77,1785624.0,61840623.18,0.7
2026-01-19,34.77,36.05,34.5,35.88,2169950.0,76599235.0,3.19
2026-01-20,35.67,36.19,35.13,35.46,1414994.0,50391473.82,-1.17
2026-01-21,35.5,36.66,35.2,36.57,1906867.0,68613841.83,3.13
2026-01-22,36.76,36.87,36.2,36.55,1227487.0,44919886.77,-0.05
2026-01-23,36.66,37.28,36.32,36.9,1458394.0,53654315.26,0.96
2026-01-26,36.71,37.6,36.11,36.82,1776481.0,65392265.61,-0.22
2026-01-27,36.5,36.54,34.0,35.56,2669059.0,95151953.35,-3.42
2026-01-28,35.53,35.67,35.0,35.21,1718707.0,60760589.22,-0.98
2026-01-29,35.05,35.45,34.3,34.53,1410837.0,49142979.8,-1.93
2026-01-30,34.52,34.98,33.46,34.62,1533338.0,52739160.51,0.26
2026-02-02,34.52,35.3,33.78,33.79,1795375.0,61666642.81,-2.4
2026-02-03,34.03,34.79,33.8,34.51,1224028.0,41962739.91,2.13
2026-02-04,34.97,34.98,33.55,33.97,1523968.0,52374970.24,-1.56
2026-02-05,34.12,34.28,33.13,33.2,1254891.0,42267866.11,-2.27
2026-02-06,33.31,33.98,32.93,33.45,1087541.0,36342901.37,0.75
2026-02-09,33.61,34.1,33.5,33.84,1052186.0,35524429.83,1.17
2026-02-10,33.78,34.27,33.6,34.0,799906.0,27126812.23,0.47
2026-02-11,33.87,34.32,33.7,33.7,884973.0,29998372.27,-0.88
2026-02-12,33.8,34.05,33.28,33.78,1208498.0,40759616.3,0.24
2026-02-13,33.78,34.0,33.31,33.31,980150.0,32933040.0,-1.39
2026-02-24,33.51,34.63,33.4,34.54,1608442.0,54719196.84,3.69
2026-02-25,34.8,35.14,34.45,34.9,1327191.0,46216108.6,1.04
2026-02-26,35.0,35.72,34.56,35.53,1420606.0,50008882.72,1.81
2026-02-27,35.72,37.37,35.7,36.88,2211674.0,80543637.9,3.8
2026-03-02,36.55,37.88,36.3,36.33,2554708.0,93923839.62,-1.49
2026-03-03,36.52,36.86,34.12,34.2,2662128.0,94305884.4,-5.86
2026-03-04,33.8,34.72,33.79,34.13,1256669.0,42864979.59,-0.2
2026-03-05,34.8,35.19,34.36,34.62,1181829.0,41059694.03,1.44
2026-03-06,34.4,36.4,34.37,36.19,1707971.0,60359695.14,4.53
2026-03-09,35.8,36.75,35.41,36.42,3675218.0,132656993.71,0.64
2026-03-10,36.06,38.07,36.06,37.93,3328694.0,123261538.82,4.15
2026-03-11,37.81,39.0,37.63,37.97,2547472.0,97065051.88,0.11
2026-03-12,38.28,38.28,37.24,37.55,1745854.0,66058750.72,-1.11
2026-03-13,37.73,38.47,36.8,36.92,1696179.0,63572788.92,-1.68
2026-03-16,37.1,37.48,36.3,36.6,1636333.0,60331597.71,-0.87
2026-03-17,36.58,37.42,35.6,35.73,2119947.0,77022974.38,-2.38
2026-03-18,35.7,36.25,35.13,36.03,1365958.0,48870562.35,0.84
2026-03-19,35.83,35.83,34.04,34.31,1803389.0,63123123.47,-4.77
2026-03-20,34.55,34.78,32.61,32.95,1769736.0,59679922.26,-3.96
2026-03-23,32.34,33.11,30.95,31.16,2294695.0,73177823.55,-5.43
2026-03-24,31.98,32.41,31.0,32.2,1463110.0,46669551.23,3.34
2026-03-25,32.43,32.96,32.22,32.77,847835.0,27635181.82,1.77
2026-03-26,32.63,33.31,32.15,32.6,852095.0,27840073.89,-0.52
2026-03-27,32.01,33.85,32.01,33.7,1326359.0,43627263.41,3.37
2026-03-30,32.98,33.28,32.13,32.8,1577387.0,51734350.13,-2.67
2026-03-31,32.8,34.28,32.7,33.25,1571178.0,52253452.34,1.37
2026-04-01,33.47,34.25,33.23,34.2,1210671.0,40905546.41,2.86
2026-04-02,34.0,34.0,32.81,33.25,1017992.0,34118001.88,-2.78
2026-04-03,33.01,33.23,32.22,32.35,895622.0,29289078.46,-2.71
2026-04-07,32.65,33.26,32.15,32.55,1198593.0,39137057.93,0.62
2026-04-08,33.0,34.24,33.0,34.22,1309601.0,44022237.62,5.13
2026-04-09,34.18,35.08,33.45,34.59,1328936.0,45615728.2,1.08
2026-04-10,35.0,36.13,34.58,35.33,1418877.0,50029603.02,2.14
2026-04-13,35.67,35.67,34.51,34.89,1051192.0,36986190.52,-1.25
2026-04-14,35.4,35.89,34.82,35.79,1200230.0,42578159.25,2.58
2026-04-15,36.11,36.28,35.4,35.51,986493.0,35341111.73,-0.78
2026-04-16,35.98,36.35,35.08,35.8,873154.0,31261096.08,0.82
2026-04-17,35.8,36.1,35.6,35.85,916681.0,32851555.34,0.14
2026-04-20,35.89,36.45,35.36,36.26,1241781.0,44691698.19,1.14
2026-04-21,36.0,37.66,35.86,36.52,1989055.0,72620398.05,0.72
2026-04-22,36.86,38.26,36.12,37.56,1990255.0,74037486.0,2.85
2026-04-23,37.57,38.07,36.67,37.03,1379075.0,51487765.12,-1.41
2026-04-24,36.81,37.89,36.71,37.3,1422722.0,52893247.16,0.73
2026-04-27,37.11,39.18,36.93,38.58,2425910.0,92063284.5,3.43
2026-04-28,38.7,38.7,37.25,37.79,1973271.0,75201357.81,-2.05
2026-04-29,37.32,38.35,37.13,37.88,1449816.0,54614568.72,0.24
2026-04-30,36.42,37.88,34.58,36.56,4097206.0,148974410.16,-3.48
2026-05-06,36.5,36.9,35.78,36.08,2392766.0,86893297.29,-1.31
2026-05-07,35.71,36.51,35.4,36.38,1810253.0,65169108.0,0.83
2026-05-08,36.0,36.55,35.61,36.15,1531246.0,55243527.56,-0.63
2026-05-11,36.15,36.34,35.64,35.8,1327302.0,47759644.22,-0.97
2026-05-12,35.6,35.7,34.14,34.36,1996349.0,69772397.55,-4.02
2026-05-13,34.4,35.19,34.01,34.9,1394275.0,48276771.88,1.57
2026-05-14,34.9,34.9,34.0,34.3,1185619.0,40933495.98,-1.72
2026-05-15,34.48,35.2,33.8,34.09,1389136.0,47775859.88,-0.61
2026-05-18,34.09,34.62,33.01,34.13,881172.0,29926804.05,0.12
2026-05-19,34.3,34.55,33.46,34.53,1054497.0,36074342.37,1.17
2026-05-20,34.53,35.6,34.3,35.49,1695307.0,59301838.86,2.78
2026-05-21,35.47,36.36,33.82,33.92,2188237.0,76353059.52,-4.42
2026-05-22,33.93,34.78,33.81,34.43,1012493.0,34665229.09,1.5
2026-05-25,34.75,35.66,33.82,34.93,1558556.0,54222163.24,1.45
2026-05-26,34.95,35.18,33.67,34.26,1296069.0,44733821.54,-1.92
2026-05-27,34.26,34.46,32.27,32.52,1649902.0,55069604.01,-5.08
2026-05-28,32.33,32.58,31.52,32.08,1196864.0,38452248.16,-1.35
2026-05-29,32.28,32.29,29.33,29.7,2413824.0,74587161.6,-7.42
2026-06-01,29.6,29.93,29.22,29.39,1328269.0,39230424.91,-1.04
2026-06-02,29.3,29.78,28.03,28.9,1624492.0,47114329.23,-1.67
2026-06-03,28.89,29.58,28.35,28.97,1541045.0,44609400.14,0.24
2026-06-04,28.98,29.07,28.44,28.79,939619.0,27079819.58,-0.62
2026-06-05,28.88,29.25,28.08,28.72,996660.0,28636533.45,-0.24
2026-06-08,27.62,28.49,26.98,27.49,1553326.0,42941697.27,-4.28
2026-06-09,27.68,27.96,26.98,27.59,938952.0,25870474.98,0.36
2026-06-10,27.61,27.78,27.01,27.48,888632.0,24410721.04,-0.4
2026-06-11,27.24,28.06,27.01,27.93,1006699.0,27744624.44,1.64
2026-06-12,28.28,29.08,28.16,28.55,1534349.0,43755797.61,2.22
2026-06-15,28.34,28.78,28.13,28.54,1081418.0,30763638.55,-0.04
2026-06-16,29.2,29.2,28.0,28.79,829588.0,23890060.43,0.88
2026-06-17,28.59,28.82,27.94,28.25,929974.0,26411261.6,-1.88
2026-06-18,28.09,29.17,27.86,28.42,1040839.0,29544215.02,0.6
2026-06-22,28.4,30.3,27.45,30.14,2581864.0,75061241.14,6.05
2026-06-23,29.93,30.4,28.95,29.02,1530677.0,45269772.27,-3.72
2026-06-24,29.32,29.33,27.99,28.35,1142615.0,32847324.71,-2.31
2026-06-25,28.3,28.7,27.6,27.88,1607999.0,45216931.88,-1.66
2026-06-26,27.68,28.07,26.67,27.49,1609911.0,44236329.5,-1.4
2026-06-29,26.81,27.29,25.53,27.06,2223197.0,59298221.98,-1.56
2026-06-30,27.88,30.87,27.75,29.47,3116717.0,90361417.62,8.91
2026-07-01,29.73,29.73,28.44,28.85,2041745.0,59593432.19,-2.1
2026-07-02,28.5,29.93,28.48,28.8,1802628.0,52145521.47,-0.17
2026-07-03,28.79,29.38,28.31,28.63,1316518.0,37886096.74,-0.59
2026-07-06,28.7,28.76,26.8,26.8,1904740.0,52885106.1,-6.39
2026-07-07,26.8,27.5,25.42,25.6,1582236.0,41660273.88,-4.48
2026-07-08,25.6,25.6,24.9,25.17,1215458.0,30772357.92,-1.68
2026-07-09,25.04,25.4,24.38,25.15,1214164.0,30344993.77,-0.08
2026-07-10,25.22,26.12,24.96,25.53,962477.0,24502258.23,1.51
2026-07-13,25.53,25.98,24.68,24.76,1046352.0,26407308.6,-3.02
2026-07-14,24.76,25.01,24.18,24.87,862724.0,21313596.42,0.44
2026-07-15,25.0,25.6,24.64,25.46,887715.0,22348225.12,2.37
2026-07-16,25.59,25.59,24.38,24.51,1633793.0,40873416.38,-3.73
2026-07-17,24.53,25.1,23.68,23.85,1185482.0,28795357.78,-2.69
2026-07-20,24.18,24.85,23.06,23.25,1254380.0,29898147.3,-2.52
2026-07-21,23.4,24.01,22.68,23.8,1211647.0,28440384.21,2.37
2026-07-22,23.69,23.89,23.21,23.21,763594.0,17944459.0,-2.48
2026-07-23,23.65,23.75,23.21,23.75,559257.0,13192872.63,2.33
2026-07-24,23.67,24.11,23.38,23.39,634965.0,15008985.19,-1.52
2026-07-27,22.8,24.09,22.8,23.95,475556.0,11132765.96,2.39
2026-07-28,24.05,24.98,23.71,24.59,910390.0,22152064.68,2.67
2026-07-29,24.53,25.26,24.04,24.91,1357176.0,33501889.56,1.3
2026-07-30,24.7,25.74,24.7,25.37,1317868.0,33114728.17,1.85
2026-07-31,25.39,26.15,25.3,25.87,906735.0,23282687.96,1.97
2026-08-03,25.7,26.61,25.7,26.36,974934.0,25438465.39,1.89
2026-08-04,26.78,27.27,26.6,26.94,1213008.0,32626882.68,2.2
2026-08-05,27.02,27.76,26.91,27.35,848814.0,23138669.64,1.52
2026-08-06,27.17,27.42,26.73,27.03,731839.0,19823688.91,-1.17
2026-08-07,27.27,27.27,26.4,26.79,736334.0,19831315.45,-0.89
2026-08-10,26.81,27.64,26.5,27.5,730225.0,19798225.31,2.65
2026-08-11,27.5,27.64,27.16,27.46,413117.0,11335930.48,-0.15
2026-08-12,27.56,27.67,27.07,27.31,395975.0,10850704.94,-0.55
2026-08-13,27.76,27.76,26.98,26.98,397290.0,10873827.3,-1.21
2026-08-14,26.9,27.65,26.78,26.84,516832.0,13976429.36,-0.52
2026-08-17,27.05,27.59,26.52,27.5,508615.0,13816526.47,2.46
2026-08-18,27.59,27.97,27.13,27.37,385305.0,10601667.08,-0.47
2026-08-19,27.31,27.48,26.2,26.54,589265.0,15840916.36,-3.03
2026-08-20,26.81,27.3,26.56,27.15,371703.0,10019254.37,2.3
2026-08-21,27.28,27.3,26.44,26.9,635295.0,17140259.1,-0.92
2026-08-24,27.09,27.09,26.2,26.56,573324.0,15327817.14,-1.26
2026-08-25,26.15,26.92,25.9,26.76,803755.0,21245254.04,0.75
2026-08-26,27.17,27.38,26.11,26.7,549021.0,14735723.64,-0.22
2026-08-27,26.61,26.8,26.06,26.33,1027247.0,27170683.15,-1.39
2026-08-28,26.6,26.87,26.2,26.57,867943.0,23052566.08,0.91
2026-08-31,26.37,27.16,26.13,27.13,992640.0,26501006.4,2.11
2026-09-01,26.75,27.24,26.75,26.95,773491.0,20824311.45,-0.66
2026-09-02,26.75,27.0,26.27,26.46,529273.0,14089247.26,-1.82
2026-09-03,26.59,26.92,26.32,26.52,626153.0,16647842.89,0.23
2026-09-04,26.63,26.96,26.29,26.53,798344.0,21237946.26,0.04
2026-09-07,26.89,26.89,26.08,26.3,657990.0,17463054.6,-0.87
2026-09-08,26.93,26.93,26.12,26.51,447923.0,11924830.07,0.8
2026-09-09,26.52,26.68,25.94,26.0,601439.0,15808824.11,-1.92
2026-09-10,26.0,26.08,25.3,25.39,537378.0,13806584.26,-2.35
2026-09-11,25.51,25.51,24.55,24.96,552485.0,13885329.26,-1.69
2026-09-14,25.07,25.7,24.76,25.37,496002.0,12511650.45,1.64
2026-09-15,25.36,25.84,24.52,24.9,613928.0,15443358.84,-1.85
2026-09-16,24.52,24.97,24.39,24.9,715466.0,17668432.87,0.0
2026-09-17,24.86,25.0,24.41,24.79,636336.0,15758861.04,-0.44
2026-09-18,24.65,25.65,24.65,25.52,744581.0,18702013.27,2.94
2026-09-21,25.76,26.56,25.51,26.56,704990.0,18398476.52,4.08
2026-09-22,26.58,26.78,26.29,26.49,820949.0,21783881.71,-0.26
2026-09-23,26.5,27.16,26.5,26.94,723399.0,19369008.22,1.7
2026-09-24,27.0,27.29,26.65,26.93,717600.0,19351878.0,-0.04
2026-09-28,26.93,27.2,26.27,26.68,1151366.0,30822067.82,-0.93
2026-09-29,26.69,27.14,26.45,26.88,670151.0,17953345.29,0.75
2026-09-30,27.02,27.18,26.07,26.31,678972.0,18091208.94,-2.12
