symbol,action_type,ex_date,record_date,description,cash_dividend_per_share,bonus_ratio,stock_dividend_ratio,split_ratio,rights_ratio,rights_price,source,source_document_id_or_url,raw_source_hash
600519.SH,cash_dividend,2024-06-19,2024-06-18,10派308.76元(含税),30.876,0.0,0.0,,,,Official_Exchange_Disclosure_CNINFO,http://www.cninfo.com.cn/new/disclosure/detail?stockCode=600519&docId=SSE_ANNOUNCE_600519_2023_DIV,527cd4b4f27040f2fbbcb330c8d3f1837a663b4950eafc1f78aa7ddc6fcc6931
600519.SH,cash_dividend,2024-12-20,2024-12-19,10派238.82元(含税),23.882,0.0,0.0,,,,Official_Exchange_Disclosure_CNINFO,http://www.cninfo.com.cn/new/disclosure/detail?stockCode=600519&docId=SSE_ANNOUNCE_600519_2024_SPECIAL_DIV,527cd4b4f27040f2fbbcb330c8d3f1837a663b4950eafc1f78aa7ddc6fcc6931
600519.SH,cash_dividend,2025-06-26,2025-06-25,10派276.73元(含税),27.673,0.0,0.0,,,,Official_Exchange_Disclosure_CNINFO,http://www.cninfo.com.cn/new/disclosure/detail?stockCode=600519&docId=SSE_ANNOUNCE_600519_2024_ANNUAL_DIV,527cd4b4f27040f2fbbcb330c8d3f1837a663b4950eafc1f78aa7ddc6fcc6931
600519.SH,cash_dividend,2025-12-19,2025-12-18,10派239.57元(含税),23.957,0.0,0.0,,,,Official_Exchange_Disclosure_CNINFO,http://www.cninfo.com.cn/new/disclosure/detail?stockCode=600519&docId=SSE_ANNOUNCE_600519_2025_SPECIAL_DIV,527cd4b4f27040f2fbbcb330c8d3f1837a663b4950eafc1f78aa7ddc6fcc6931
600519.SH,cash_dividend,2026-06-26,2026-06-25,10派280.2423元(含税),28.0242,0.0,0.0,,,,Official_Exchange_Disclosure_CNINFO,http://www.cninfo.com.cn/new/disclosure/detail?stockCode=600519&docId=SSE_ANNOUNCE_600519_2025_ANNUAL_DIV,527cd4b4f27040f2fbbcb330c8d3f1837a663b4950eafc1f78aa7ddc6fcc6931
000001.SZ,cash_dividend,2025-10-15,2025-10-14,10派2.36元(含税),0.236,0.0,0.0,,,,Official_Exchange_Disclosure_CNINFO,http://www.cninfo.com.cn/new/disclosure/detail?stockCode=000001&docId=SZSE_ANNOUNCE_000001_2025_INTERIM,527cd4b4f27040f2fbbcb330c8d3f1837a663b4950eafc1f78aa7ddc6fcc6931
000001.SZ,cash_dividend,2026-06-12,2026-06-11,10派3.60元(含税),0.36,0.0,0.0,,,,Official_Exchange_Disclosure_CNINFO,http://www.cninfo.com.cn/new/disclosure/detail?stockCode=000001&docId=SZSE_ANNOUNCE_000001_2025_ANNUAL,527cd4b4f27040f2fbbcb330c8d3f1837a663b4950eafc1f78aa7ddc6fcc6931
000001.SZ,cash_dividend,2026-09-24,2026-09-23,10派2.49元(含税),0.249,0.0,0.0,,,,Official_Exchange_Disclosure_CNINFO,http://www.cninfo.com.cn/new/disclosure/detail?stockCode=000001&docId=SZSE_ANNOUNCE_000001_2026_INTERIM,527cd4b4f27040f2fbbcb330c8d3f1837a663b4950eafc1f78aa7ddc6fcc6931
300750.SZ,cash_dividend,2025-08-20,2025-08-19,10派10.07元(含税),1.007,0.0,0.0,,,,Official_Exchange_Disclosure_CNINFO,http://www.cninfo.com.cn/new/disclosure/detail?stockCode=300750&docId=SZSE_ANNOUNCE_300750_2025_INTERIM,527cd4b4f27040f2fbbcb330c8d3f1837a663b4950eafc1f78aa7ddc6fcc6931
300750.SZ,cash_dividend,2026-04-22,2026-04-21,10派69.57元(含税),6.957,0.0,0.0,,,,Official_Exchange_Disclosure_CNINFO,http://www.cninfo.com.cn/new/disclosure/detail?stockCode=300750&docId=SZSE_ANNOUNCE_300750_2025_ANNUAL,527cd4b4f27040f2fbbcb330c8d3f1837a663b4950eafc1f78aa7ddc6fcc6931
300750.SZ,cash_dividend,2026-08-10,2026-08-07,10派14.11元(含税),1.411,0.0,0.0,,,,Official_Exchange_Disclosure_CNINFO,http://www.cninfo.com.cn/new/disclosure/detail?stockCode=300750&docId=SZSE_ANNOUNCE_300750_2026_INTERIM,527cd4b4f27040f2fbbcb330c8d3f1837a663b4950eafc1f78aa7ddc6fcc6931
601688.SH,cash_dividend,2026-10-23,2026-10-22,10派1.80元(含税),0.18,0.0,0.0,,,,Eastmoney_Official_Disclosure_RPT_SHAREBONUS_DET,https://data.eastmoney.com/yjfp/detail/601688.html#CNINFO_601688_20260829_DIV,c39378804c9170b46373bcf03c8762a22f83a1c8c656d58aabda1e01d2525b5f
601377.SH,cash_dividend,2026-10-15,2026-10-14,"10派0.50元(含税,扣税后0.45元)",0.05,0.0,0.0,,,,Eastmoney_Official_Disclosure_RPT_SHAREBONUS_DET,https://data.eastmoney.com/yjfp/detail/601377.html#CNINFO_601377_20260930_DIV,c39378804c9170b46373bcf03c8762a22f83a1c8c656d58aabda1e01d2525b5f
603059.SH,cash_dividend,2026-10-15,2026-10-14,"10派1.80元(含税,扣税后1.62元)",0.18,0.0,0.0,,,,Eastmoney_Official_Disclosure_RPT_SHAREBONUS_DET,https://data.eastmoney.com/yjfp/detail/603059.html#CNINFO_603059_20260930_DIV,c39378804c9170b46373bcf03c8762a22f83a1c8c656d58aabda1e01d2525b5f
920038.BJ,cash_dividend,2026-10-15,2026-10-14,"10派5.00元(含税,扣税后4.50元)",0.5,0.0,0.0,,,,Eastmoney_Official_Disclosure_RPT_SHAREBONUS_DET,https://data.eastmoney.com/yjfp/detail/920038.html#CNINFO_920038_20260930_DIV,c39378804c9170b46373bcf03c8762a22f83a1c8c656d58aabda1e01d2525b5f
600390.SH,cash_dividend,2026-10-15,2026-10-14,"10派0.15元(含税,扣税后0.135元)",0.015,0.0,0.0,,,,Eastmoney_Official_Disclosure_RPT_SHAREBONUS_DET,https://data.eastmoney.com/yjfp/detail/600390.html#CNINFO_600390_20260930_DIV,c39378804c9170b46373bcf03c8762a22f83a1c8c656d58aabda1e01d2525b5f
300562.SZ,cash_dividend,2026-10-15,2026-10-14,"10派1.30元(含税,扣税后1.17元)",0.13,0.0,0.0,,,,Eastmoney_Official_Disclosure_RPT_SHAREBONUS_DET,https://data.eastmoney.com/yjfp/detail/300562.html#CNINFO_300562_20260930_DIV,c39378804c9170b46373bcf03c8762a22f83a1c8c656d58aabda1e01d2525b5f
600219.SH,cash_dividend,2026-10-15,2026-10-14,"10派2.65元(含税,扣税后2.385元)",0.265,0.0,0.0,,,,Eastmoney_Official_Disclosure_RPT_SHAREBONUS_DET,https://data.eastmoney.com/yjfp/detail/600219.html#CNINFO_600219_20260930_DIV,c39378804c9170b46373bcf03c8762a22f83a1c8c656d58aabda1e01d2525b5f
601002.SH,cash_dividend,2026-10-15,2026-10-14,"10派0.50元(含税,扣税后0.45元)",0.05,0.0,0.0,,,,Eastmoney_Official_Disclosure_RPT_SHAREBONUS_DET,https://data.eastmoney.com/yjfp/detail/601002.html#CNINFO_601002_20260930_DIV,c39378804c9170b46373bcf03c8762a22f83a1c8c656d58aabda1e01d2525b5f
603861.SH,cash_dividend,2026-10-15,2026-10-14,"10派0.20元(含税,扣税后0.18元)",0.02,0.0,0.0,,,,Eastmoney_Official_Disclosure_RPT_SHAREBONUS_DET,https://data.eastmoney.com/yjfp/detail/603861.html#CNINFO_603861_20260930_DIV,c39378804c9170b46373bcf03c8762a22f83a1c8c656d58aabda1e01d2525b5f
600018.SH,cash_dividend,2026-10-15,2026-10-14,"10派0.50元(含税,扣税后0.45元)",0.05,0.0,0.0,,,,Eastmoney_Official_Disclosure_RPT_SHAREBONUS_DET,https://data.eastmoney.com/yjfp/detail/600018.html#CNINFO_600018_20260930_DIV,c39378804c9170b46373bcf03c8762a22f83a1c8c656d58aabda1e01d2525b5f
600369.SH,cash_dividend,2026-10-14,2026-10-13,"10派0.20元(含税,扣税后0.18元)",0.02,0.0,0.0,,,,Eastmoney_Official_Disclosure_RPT_SHAREBONUS_DET,https://data.eastmoney.com/yjfp/detail/600369.html#CNINFO_600369_20260930_DIV,c39378804c9170b46373bcf03c8762a22f83a1c8c656d58aabda1e01d2525b5f
002472.SZ,cash_dividend,2026-10-14,2026-10-13,"10派1.20元(含税,扣税后1.08元)",0.12,0.0,0.0,,,,Eastmoney_Official_Disclosure_RPT_SHAREBONUS_DET,https://data.eastmoney.com/yjfp/detail/002472.html#CNINFO_002472_20260929_DIV,c39378804c9170b46373bcf03c8762a22f83a1c8c656d58aabda1e01d2525b5f
000581.SZ,cash_dividend,2026-10-14,2026-10-13,"10派3.00元(含税,扣税后2.70元)",0.3,0.0,0.0,,,,Eastmoney_Official_Disclosure_RPT_SHAREBONUS_DET,https://data.eastmoney.com/yjfp/detail/000581.html#CNINFO_000581_20260929_DIV,c39378804c9170b46373bcf03c8762a22f83a1c8c656d58aabda1e01d2525b5f
600105.SH,cash_dividend,2026-10-14,2026-10-13,"10派0.35元(含税,扣税后0.315元)",0.035,0.0,0.0,,,,Eastmoney_Official_Disclosure_RPT_SHAREBONUS_DET,https://data.eastmoney.com/yjfp/detail/600105.html#CNINFO_600105_20260929_DIV,c39378804c9170b46373bcf03c8762a22f83a1c8c656d58aabda1e01d2525b5f
600612.SH,cash_dividend,2026-10-14,2026-10-13,"10派2.00元(含税,扣税后1.80元)",0.2,0.0,0.0,,,,Eastmoney_Official_Disclosure_RPT_SHAREBONUS_DET,https://data.eastmoney.com/yjfp/detail/600612.html#CNINFO_600612_20260930_DIV,c39378804c9170b46373bcf03c8762a22f83a1c8c656d58aabda1e01d2525b5f
300226.SZ,cash_dividend,2026-10-14,2026-10-13,"10派0.50元(含税,扣税后0.45元)",0.05,0.0,0.0,,,,Eastmoney_Official_Disclosure_RPT_SHAREBONUS_DET,https://data.eastmoney.com/yjfp/detail/300226.html#CNINFO_300226_20260929_DIV,c39378804c9170b46373bcf03c8762a22f83a1c8c656d58aabda1e01d2525b5f
603806.SH,cash_dividend,2026-10-14,2026-10-13,"10派1.20元(含税,扣税后1.08元)",0.12,0.0,0.0,,,,Eastmoney_Official_Disclosure_RPT_SHAREBONUS_DET,https://data.eastmoney.com/yjfp/detail/603806.html#CNINFO_603806_20260929_DIV,c39378804c9170b46373bcf03c8762a22f83a1c8c656d58aabda1e01d2525b5f
600320.SH,cash_dividend,2026-10-14,2026-10-13,"10派0.25元(含税,扣税后0.225元)",0.025,0.0,0.0,,,,Eastmoney_Official_Disclosure_RPT_SHAREBONUS_DET,https://data.eastmoney.com/yjfp/detail/600320.html#CNINFO_600320_20261001_DIV,c39378804c9170b46373bcf03c8762a22f83a1c8c656d58aabda1e01d2525b5f
000776.SZ,cash_dividend,2026-10-14,2026-10-13,"10派2.50元(含税,扣税后2.25元)",0.25,0.0,0.0,,,,Eastmoney_Official_Disclosure_RPT_SHAREBONUS_DET,https://data.eastmoney.com/yjfp/detail/000776.html#CNINFO_000776_20260930_DIV,c39378804c9170b46373bcf03c8762a22f83a1c8c656d58aabda1e01d2525b5f
002772.SZ,cash_dividend,2026-10-14,2026-10-13,"10派1.50元(含税,扣税后1.35元)",0.15,0.0,0.0,,,,Eastmoney_Official_Disclosure_RPT_SHAREBONUS_DET,https://data.eastmoney.com/yjfp/detail/002772.html#CNINFO_002772_20260930_DIV,c39378804c9170b46373bcf03c8762a22f83a1c8c656d58aabda1e01d2525b5f
000513.SZ,cash_dividend,2026-10-14,2026-10-13,"10派10.20元(含税,扣税后9.18元)",1.02,0.0,0.0,,,,Eastmoney_Official_Disclosure_RPT_SHAREBONUS_DET,https://data.eastmoney.com/yjfp/detail/000513.html#CNINFO_000513_20260930_DIV,c39378804c9170b46373bcf03c8762a22f83a1c8c656d58aabda1e01d2525b5f
300580.SZ,cash_dividend,2026-10-14,2026-10-13,"10派0.30元(含税,扣税后0.27元)",0.03,0.0,0.0,,,,Eastmoney_Official_Disclosure_RPT_SHAREBONUS_DET,https://data.eastmoney.com/yjfp/detail/300580.html#CNINFO_300580_20261001_DIV,c39378804c9170b46373bcf03c8762a22f83a1c8c656d58aabda1e01d2525b5f
002312.SZ,cash_dividend,2026-10-14,2026-10-13,"10派0.50元(含税,扣税后0.45元)",0.05,0.0,0.0,,,,Eastmoney_Official_Disclosure_RPT_SHAREBONUS_DET,https://data.eastmoney.com/yjfp/detail/002312.html#CNINFO_002312_20260930_DIV,c39378804c9170b46373bcf03c8762a22f83a1c8c656d58aabda1e01d2525b5f
002508.SZ,cash_dividend,2026-10-14,2026-10-13,"10派5.00元(含税,扣税后4.50元)",0.5,0.0,0.0,,,,Eastmoney_Official_Disclosure_RPT_SHAREBONUS_DET,https://data.eastmoney.com/yjfp/detail/002508.html#CNINFO_002508_20260930_DIV,c39378804c9170b46373bcf03c8762a22f83a1c8c656d58aabda1e01d2525b5f
605117.SH,cash_dividend,2026-10-14,2026-10-13,"10派16.00元(含税,扣税后14.40元)",1.6,0.0,0.0,,,,Eastmoney_Official_Disclosure_RPT_SHAREBONUS_DET,https://data.eastmoney.com/yjfp/detail/605117.html#CNINFO_605117_20260930_DIV,c39378804c9170b46373bcf03c8762a22f83a1c8c656d58aabda1e01d2525b5f
002286.SZ,cash_dividend,2026-10-14,2026-10-13,"10派0.30元(含税,扣税后0.27元)",0.03,0.0,0.0,,,,Eastmoney_Official_Disclosure_RPT_SHAREBONUS_DET,https://data.eastmoney.com/yjfp/detail/002286.html#CNINFO_002286_20260930_DIV,c39378804c9170b46373bcf03c8762a22f83a1c8c656d58aabda1e01d2525b5f
603203.SH,cash_dividend,2026-10-13,2026-10-12,"10派0.70元(含税,扣税后0.63元)",0.07,0.0,0.0,,,,Eastmoney_Official_Disclosure_RPT_SHAREBONUS_DET,https://data.eastmoney.com/yjfp/detail/603203.html#CNINFO_603203_20260930_DIV,c39378804c9170b46373bcf03c8762a22f83a1c8c656d58aabda1e01d2525b5f
603708.SH,cash_dividend,2026-10-13,2026-10-12,"10派1.60元(含税,扣税后1.44元)",0.16,0.0,0.0,,,,Eastmoney_Official_Disclosure_RPT_SHAREBONUS_DET,https://data.eastmoney.com/yjfp/detail/603708.html#CNINFO_603708_20260929_DIV,c39378804c9170b46373bcf03c8762a22f83a1c8c656d58aabda1e01d2525b5f
920125.BJ,cash_dividend,2026-10-13,2026-10-12,"10派3.00元(含税,扣税后2.70元)",0.3,0.0,0.0,,,,Eastmoney_Official_Disclosure_RPT_SHAREBONUS_DET,https://data.eastmoney.com/yjfp/detail/920125.html#CNINFO_920125_20260928_DIV,c39378804c9170b46373bcf03c8762a22f83a1c8c656d58aabda1e01d2525b5f
300470.SZ,cash_dividend,2026-10-13,2026-10-12,"10派5.00元(含税,扣税后4.50元)",0.5,0.0,0.0,,,,Eastmoney_Official_Disclosure_RPT_SHAREBONUS_DET,https://data.eastmoney.com/yjfp/detail/300470.html#CNINFO_300470_20260929_DIV,c39378804c9170b46373bcf03c8762a22f83a1c8c656d58aabda1e01d2525b5f
001309.SZ,bonus_shares,2026-10-13,2026-10-12,"10转4股派15.00元(含税,扣税后13.50元)",1.5,0.0,0.4,,,,Eastmoney_Official_Disclosure_RPT_SHAREBONUS_DET,https://data.eastmoney.com/yjfp/detail/001309.html#CNINFO_001309_20260929_DIV,c39378804c9170b46373bcf03c8762a22f83a1c8c656d58aabda1e01d2525b5f
300748.SZ,cash_dividend,2026-10-13,2026-10-12,"10派2.50元(含税,扣税后2.25元)",0.25,0.0,0.0,,,,Eastmoney_Official_Disclosure_RPT_SHAREBONUS_DET,https://data.eastmoney.com/yjfp/detail/300748.html#CNINFO_300748_20260929_DIV,c39378804c9170b46373bcf03c8762a22f83a1c8c656d58aabda1e01d2525b5f
600609.SH,cash_dividend,2026-10-13,2026-10-12,"10派0.10元(含税,扣税后0.09元)",0.01,0.0,0.0,,,,Eastmoney_Official_Disclosure_RPT_SHAREBONUS_DET,https://data.eastmoney.com/yjfp/detail/600609.html#CNINFO_600609_20260929_DIV,c39378804c9170b46373bcf03c8762a22f83a1c8c656d58aabda1e01d2525b5f
000830.SZ,cash_dividend,2026-10-13,2026-10-12,"10派1.00元(含税,扣税后0.90元)",0.1,0.0,0.0,,,,Eastmoney_Official_Disclosure_RPT_SHAREBONUS_DET,https://data.eastmoney.com/yjfp/detail/000830.html#CNINFO_000830_20260929_DIV,c39378804c9170b46373bcf03c8762a22f83a1c8c656d58aabda1e01d2525b5f
301028.SZ,cash_dividend,2026-10-13,2026-10-12,"10派1.00元(含税,扣税后0.90元)",0.1,0.0,0.0,,,,Eastmoney_Official_Disclosure_RPT_SHAREBONUS_DET,https://data.eastmoney.com/yjfp/detail/301028.html#CNINFO_301028_20260929_DIV,c39378804c9170b46373bcf03c8762a22f83a1c8c656d58aabda1e01d2525b5f
000407.SZ,cash_dividend,2026-10-13,2026-10-12,"10派0.15元(含税,扣税后0.135元)",0.015,0.0,0.0,,,,Eastmoney_Official_Disclosure_RPT_SHAREBONUS_DET,https://data.eastmoney.com/yjfp/detail/000407.html#CNINFO_000407_20260929_DIV,c39378804c9170b46373bcf03c8762a22f83a1c8c656d58aabda1e01d2525b5f
920112.BJ,cash_dividend,2026-10-13,2026-10-12,"10派3.00元(含税,扣税后2.70元)",0.3,0.0,0.0,,,,Eastmoney_Official_Disclosure_RPT_SHAREBONUS_DET,https://data.eastmoney.com/yjfp/detail/920112.html#CNINFO_920112_20260924_DIV,c39378804c9170b46373bcf03c8762a22f83a1c8c656d58aabda1e01d2525b5f
603678.SH,cash_dividend,2026-10-13,2026-10-12,"10派1.30元(含税,扣税后1.17元)",0.13,0.0,0.0,,,,Eastmoney_Official_Disclosure_RPT_SHAREBONUS_DET,https://data.eastmoney.com/yjfp/detail/603678.html#CNINFO_603678_20260930_DIV,c39378804c9170b46373bcf03c8762a22f83a1c8c656d58aabda1e01d2525b5f
603120.SH,cash_dividend,2026-10-13,2026-10-12,"10派4.00元(含税,扣税后3.60元)",0.4,0.0,0.0,,,,Eastmoney_Official_Disclosure_RPT_SHAREBONUS_DET,https://data.eastmoney.com/yjfp/detail/603120.html#CNINFO_603120_20260930_DIV,c39378804c9170b46373bcf03c8762a22f83a1c8c656d58aabda1e01d2525b5f
600125.SH,cash_dividend,2026-10-13,2026-10-12,"10派0.50元(含税,扣税后0.45元)",0.05,0.0,0.0,,,,Eastmoney_Official_Disclosure_RPT_SHAREBONUS_DET,https://data.eastmoney.com/yjfp/detail/600125.html#CNINFO_600125_20260929_DIV,c39378804c9170b46373bcf03c8762a22f83a1c8c656d58aabda1e01d2525b5f
601019.SH,cash_dividend,2026-10-13,2026-10-12,"10派0.60元(含税,扣税后0.54元)",0.06,0.0,0.0,,,,Eastmoney_Official_Disclosure_RPT_SHAREBONUS_DET,https://data.eastmoney.com/yjfp/detail/601019.html#CNINFO_601019_20260929_DIV,c39378804c9170b46373bcf03c8762a22f83a1c8c656d58aabda1e01d2525b5f
688161.SH,cash_dividend,2026-10-13,2026-10-12,"10派0.90元(含税,扣税后0.81元)",0.09,0.0,0.0,,,,Eastmoney_Official_Disclosure_RPT_SHAREBONUS_DET,https://data.eastmoney.com/yjfp/detail/688161.html#CNINFO_688161_20260929_DIV,c39378804c9170b46373bcf03c8762a22f83a1c8c656d58aabda1e01d2525b5f
300952.SZ,cash_dividend,2026-10-13,2026-10-12,"10派0.60元(含税,扣税后0.54元)",0.06,0.0,0.0,,,,Eastmoney_Official_Disclosure_RPT_SHAREBONUS_DET,https://data.eastmoney.com/yjfp/detail/300952.html#CNINFO_300952_20260928_DIV,c39378804c9170b46373bcf03c8762a22f83a1c8c656d58aabda1e01d2525b5f
603919.SH,cash_dividend,2026-10-13,2026-10-12,"10派2.00元(含税,扣税后1.80元)",0.2,0.0,0.0,,,,Eastmoney_Official_Disclosure_RPT_SHAREBONUS_DET,https://data.eastmoney.com/yjfp/detail/603919.html#CNINFO_603919_20260929_DIV,c39378804c9170b46373bcf03c8762a22f83a1c8c656d58aabda1e01d2525b5f
301031.SZ,cash_dividend,2026-10-13,2026-10-12,"10派0.47元(含税,扣税后0.423元)",0.047,0.0,0.0,,,,Eastmoney_Official_Disclosure_RPT_SHAREBONUS_DET,https://data.eastmoney.com/yjfp/detail/301031.html#CNINFO_301031_20260929_DIV,c39378804c9170b46373bcf03c8762a22f83a1c8c656d58aabda1e01d2525b5f
605090.SH,cash_dividend,2026-10-12,2026-10-09,"10派2.00元(含税,扣税后1.80元)",0.2,0.0,0.0,,,,Eastmoney_Official_Disclosure_RPT_SHAREBONUS_DET,https://data.eastmoney.com/yjfp/detail/605090.html#CNINFO_605090_20260929_DIV,c39378804c9170b46373bcf03c8762a22f83a1c8c656d58aabda1e01d2525b5f
002540.SZ,cash_dividend,2026-10-12,2026-10-09,"10派0.40元(含税,扣税后0.36元)",0.04,0.0,0.0,,,,Eastmoney_Official_Disclosure_RPT_SHAREBONUS_DET,https://data.eastmoney.com/yjfp/detail/002540.html#CNINFO_002540_20260928_DIV,c39378804c9170b46373bcf03c8762a22f83a1c8c656d58aabda1e01d2525b5f
301256.SZ,cash_dividend,2026-10-12,2026-10-09,"10派0.30元(含税,扣税后0.27元)",0.03,0.0,0.0,,,,Eastmoney_Official_Disclosure_RPT_SHAREBONUS_DET,https://data.eastmoney.com/yjfp/detail/301256.html#CNINFO_301256_20260924_DIV,c39378804c9170b46373bcf03c8762a22f83a1c8c656d58aabda1e01d2525b5f
300855.SZ,cash_dividend,2026-10-12,2026-10-09,"10派1.50元(含税,扣税后1.35元)",0.15,0.0,0.0,,,,Eastmoney_Official_Disclosure_RPT_SHAREBONUS_DET,https://data.eastmoney.com/yjfp/detail/300855.html#CNINFO_300855_20260928_DIV,c39378804c9170b46373bcf03c8762a22f83a1c8c656d58aabda1e01d2525b5f
600323.SH,cash_dividend,2026-10-12,2026-10-09,"10派2.80元(含税,扣税后2.52元)",0.28,0.0,0.0,,,,Eastmoney_Official_Disclosure_RPT_SHAREBONUS_DET,https://data.eastmoney.com/yjfp/detail/600323.html#CNINFO_600323_20260929_DIV,c39378804c9170b46373bcf03c8762a22f83a1c8c656d58aabda1e01d2525b5f
688072.SH,cash_dividend,2026-10-12,2026-10-09,"10派3.50元(含税,扣税后3.15元)",0.35,0.0,0.0,,,,Eastmoney_Official_Disclosure_RPT_SHAREBONUS_DET,https://data.eastmoney.com/yjfp/detail/688072.html#CNINFO_688072_20260929_DIV,c39378804c9170b46373bcf03c8762a22f83a1c8c656d58aabda1e01d2525b5f
603312.SH,cash_dividend,2026-10-12,2026-10-09,"10派2.60元(含税,扣税后2.34元)",0.26,0.0,0.0,,,,Eastmoney_Official_Disclosure_RPT_SHAREBONUS_DET,https://data.eastmoney.com/yjfp/detail/603312.html#CNINFO_603312_20260924_DIV,c39378804c9170b46373bcf03c8762a22f83a1c8c656d58aabda1e01d2525b5f
002056.SZ,cash_dividend,2026-10-12,2026-10-09,"10派2.299934元(含税,扣税后2.069941元)",0.23,0.0,0.0,,,,Eastmoney_Official_Disclosure_RPT_SHAREBONUS_DET,https://data.eastmoney.com/yjfp/detail/002056.html#CNINFO_002056_20260928_DIV,c39378804c9170b46373bcf03c8762a22f83a1c8c656d58aabda1e01d2525b5f
603017.SH,cash_dividend,2026-10-12,2026-10-09,"10派2.00元(含税,扣税后1.80元)",0.2,0.0,0.0,,,,Eastmoney_Official_Disclosure_RPT_SHAREBONUS_DET,https://data.eastmoney.com/yjfp/detail/603017.html#CNINFO_603017_20260928_DIV,c39378804c9170b46373bcf03c8762a22f83a1c8c656d58aabda1e01d2525b5f
603915.SH,cash_dividend,2026-10-12,2026-10-09,"10派1.20元(含税,扣税后1.08元)",0.12,0.0,0.0,,,,Eastmoney_Official_Disclosure_RPT_SHAREBONUS_DET,https://data.eastmoney.com/yjfp/detail/603915.html#CNINFO_603915_20260928_DIV,c39378804c9170b46373bcf03c8762a22f83a1c8c656d58aabda1e01d2525b5f
300590.SZ,cash_dividend,2026-10-12,2026-10-09,"10派1.00元(含税,扣税后0.90元)",0.1,0.0,0.0,,,,Eastmoney_Official_Disclosure_RPT_SHAREBONUS_DET,https://data.eastmoney.com/yjfp/detail/300590.html#CNINFO_300590_20260924_DIV,c39378804c9170b46373bcf03c8762a22f83a1c8c656d58aabda1e01d2525b5f
603551.SH,cash_dividend,2026-10-12,2026-10-09,"10派2.50元(含税,扣税后2.25元)",0.25,0.0,0.0,,,,Eastmoney_Official_Disclosure_RPT_SHAREBONUS_DET,https://data.eastmoney.com/yjfp/detail/603551.html#CNINFO_603551_20260924_DIV,c39378804c9170b46373bcf03c8762a22f83a1c8c656d58aabda1e01d2525b5f
002363.SZ,cash_dividend,2026-10-12,2026-10-09,"10派0.30元(含税,扣税后0.27元)",0.03,0.0,0.0,,,,Eastmoney_Official_Disclosure_RPT_SHAREBONUS_DET,https://data.eastmoney.com/yjfp/detail/002363.html#CNINFO_002363_20260929_DIV,c39378804c9170b46373bcf03c8762a22f83a1c8c656d58aabda1e01d2525b5f
300308.SZ,cash_dividend,2026-10-12,2026-10-09,"10派12.00元(含税,扣税后10.80元)",1.2,0.0,0.0,,,,Eastmoney_Official_Disclosure_RPT_SHAREBONUS_DET,https://data.eastmoney.com/yjfp/detail/300308.html#CNINFO_300308_20260928_DIV,c39378804c9170b46373bcf03c8762a22f83a1c8c656d58aabda1e01d2525b5f
000795.SZ,cash_dividend,2026-10-12,2026-10-09,"10派0.47元(含税,扣税后0.423元)",0.047,0.0,0.0,,,,Eastmoney_Official_Disclosure_RPT_SHAREBONUS_DET,https://data.eastmoney.com/yjfp/detail/000795.html#CNINFO_000795_20260929_DIV,c39378804c9170b46373bcf03c8762a22f83a1c8c656d58aabda1e01d2525b5f
688110.SH,bonus_shares,2026-10-12,2026-10-09,"10转4.90股派6.00元(含税,扣税后5.40元)",0.6,0.0,0.49,,,,Eastmoney_Official_Disclosure_RPT_SHAREBONUS_DET,https://data.eastmoney.com/yjfp/detail/688110.html#CNINFO_688110_20260929_DIV,c39378804c9170b46373bcf03c8762a22f83a1c8c656d58aabda1e01d2525b5f
603307.SH,cash_dividend,2026-10-09,2026-10-08,"10派4.00元(含税,扣税后3.60元)",0.4,0.0,0.0,,,,Eastmoney_Official_Disclosure_RPT_SHAREBONUS_DET,https://data.eastmoney.com/yjfp/detail/603307.html#CNINFO_603307_20260925_DIV,c39378804c9170b46373bcf03c8762a22f83a1c8c656d58aabda1e01d2525b5f
603337.SH,cash_dividend,2026-10-09,2026-10-08,"10派3.00元(含税,扣税后2.70元)",0.3,0.0,0.0,,,,Eastmoney_Official_Disclosure_RPT_SHAREBONUS_DET,https://data.eastmoney.com/yjfp/detail/603337.html#CNINFO_603337_20260924_DIV,c39378804c9170b46373bcf03c8762a22f83a1c8c656d58aabda1e01d2525b5f
300919.SZ,cash_dividend,2026-10-09,2026-10-08,"10派3.80元(含税,扣税后3.42元)",0.38,0.0,0.0,,,,Eastmoney_Official_Disclosure_RPT_SHAREBONUS_DET,https://data.eastmoney.com/yjfp/detail/300919.html#CNINFO_300919_20260923_DIV,c39378804c9170b46373bcf03c8762a22f83a1c8c656d58aabda1e01d2525b5f
000680.SZ,cash_dividend,2026-10-09,2026-10-08,"10派1.00元(含税,扣税后0.90元)",0.1,0.0,0.0,,,,Eastmoney_Official_Disclosure_RPT_SHAREBONUS_DET,https://data.eastmoney.com/yjfp/detail/000680.html#CNINFO_000680_20260928_DIV,c39378804c9170b46373bcf03c8762a22f83a1c8c656d58aabda1e01d2525b5f
603006.SH,cash_dividend,2026-10-09,2026-10-08,"10派1.70元(含税,扣税后1.53元)",0.17,0.0,0.0,,,,Eastmoney_Official_Disclosure_RPT_SHAREBONUS_DET,https://data.eastmoney.com/yjfp/detail/603006.html#CNINFO_603006_20260924_DIV,c39378804c9170b46373bcf03c8762a22f83a1c8c656d58aabda1e01d2525b5f
000422.SZ,cash_dividend,2026-10-09,2026-10-08,"10派0.50元(含税,扣税后0.45元)",0.05,0.0,0.0,,,,Eastmoney_Official_Disclosure_RPT_SHAREBONUS_DET,https://data.eastmoney.com/yjfp/detail/000422.html#CNINFO_000422_20260928_DIV,c39378804c9170b46373bcf03c8762a22f83a1c8c656d58aabda1e01d2525b5f
001207.SZ,cash_dividend,2026-10-09,2026-10-08,"10派3.00元(含税,扣税后2.70元)",0.3,0.0,0.0,,,,Eastmoney_Official_Disclosure_RPT_SHAREBONUS_DET,https://data.eastmoney.com/yjfp/detail/001207.html#CNINFO_001207_20260923_DIV,c39378804c9170b46373bcf03c8762a22f83a1c8c656d58aabda1e01d2525b5f
603303.SH,cash_dividend,2026-10-09,2026-10-08,"10派0.49元(含税,扣税后0.441元)",0.049,0.0,0.0,,,,Eastmoney_Official_Disclosure_RPT_SHAREBONUS_DET,https://data.eastmoney.com/yjfp/detail/603303.html#CNINFO_603303_20260925_DIV,c39378804c9170b46373bcf03c8762a22f83a1c8c656d58aabda1e01d2525b5f
601390.SH,cash_dividend,2026-10-08,2026-09-30,"10派0.6374元(含税,扣税后0.5737元)",0.0637,0.0,0.0,,,,Eastmoney_Official_Disclosure_RPT_SHAREBONUS_DET,https://data.eastmoney.com/yjfp/detail/601390.html#CNINFO_601390_20260922_DIV,c39378804c9170b46373bcf03c8762a22f83a1c8c656d58aabda1e01d2525b5f
605337.SH,cash_dividend,2026-10-08,2026-09-30,"10派1.30元(含税,扣税后1.17元)",0.13,0.0,0.0,,,,Eastmoney_Official_Disclosure_RPT_SHAREBONUS_DET,https://data.eastmoney.com/yjfp/detail/605337.html#CNINFO_605337_20260924_DIV,c39378804c9170b46373bcf03c8762a22f83a1c8c656d58aabda1e01d2525b5f
003027.SZ,cash_dividend,2026-10-08,2026-09-30,"10派1.00元(含税,扣税后0.90元)",0.1,0.0,0.0,,,,Eastmoney_Official_Disclosure_RPT_SHAREBONUS_DET,https://data.eastmoney.com/yjfp/detail/003027.html#CNINFO_003027_20260924_DIV,c39378804c9170b46373bcf03c8762a22f83a1c8c656d58aabda1e01d2525b5f
688676.SH,cash_dividend,2026-10-08,2026-09-30,"10派2.20元(含税,扣税后1.98元)",0.22,0.0,0.0,,,,Eastmoney_Official_Disclosure_RPT_SHAREBONUS_DET,https://data.eastmoney.com/yjfp/detail/688676.html#CNINFO_688676_20260923_DIV,c39378804c9170b46373bcf03c8762a22f83a1c8c656d58aabda1e01d2525b5f
000739.SZ,cash_dividend,2026-10-08,2026-09-30,"10派1.39元(含税,扣税后1.251元)",0.139,0.0,0.0,,,,Eastmoney_Official_Disclosure_RPT_SHAREBONUS_DET,https://data.eastmoney.com/yjfp/detail/000739.html#CNINFO_000739_20260924_DIV,c39378804c9170b46373bcf03c8762a22f83a1c8c656d58aabda1e01d2525b5f
002023.SZ,cash_dividend,2026-10-08,2026-09-30,"10派0.65元(含税,扣税后0.585元)",0.065,0.0,0.0,,,,Eastmoney_Official_Disclosure_RPT_SHAREBONUS_DET,https://data.eastmoney.com/yjfp/detail/002023.html#CNINFO_002023_20260924_DIV,c39378804c9170b46373bcf03c8762a22f83a1c8c656d58aabda1e01d2525b5f
603515.SH,cash_dividend,2026-09-30,2026-09-29,"10派1.00元(含税,扣税后0.90元)",0.1,0.0,0.0,,,,Eastmoney_Official_Disclosure_RPT_SHAREBONUS_DET,https://data.eastmoney.com/yjfp/detail/603515.html#CNINFO_603515_20260923_DIV,c39378804c9170b46373bcf03c8762a22f83a1c8c656d58aabda1e01d2525b5f
600486.SH,cash_dividend,2026-09-30,2026-09-29,"10派2.40元(含税,扣税后2.16元)",0.24,0.0,0.0,,,,Eastmoney_Official_Disclosure_RPT_SHAREBONUS_DET,https://data.eastmoney.com/yjfp/detail/600486.html#CNINFO_600486_20260922_DIV,c39378804c9170b46373bcf03c8762a22f83a1c8c656d58aabda1e01d2525b5f
300770.SZ,cash_dividend,2026-09-30,2026-09-29,"10派10.00元(含税,扣税后9.00元)",1.0,0.0,0.0,,,,Eastmoney_Official_Disclosure_RPT_SHAREBONUS_DET,https://data.eastmoney.com/yjfp/detail/300770.html#CNINFO_300770_20260922_DIV,c39378804c9170b46373bcf03c8762a22f83a1c8c656d58aabda1e01d2525b5f
002050.SZ,cash_dividend,2026-09-30,2026-09-29,"10派1.20元(含税,扣税后1.08元)",0.12,0.0,0.0,,,,Eastmoney_Official_Disclosure_RPT_SHAREBONUS_DET,https://data.eastmoney.com/yjfp/detail/002050.html#CNINFO_002050_20260922_DIV,c39378804c9170b46373bcf03c8762a22f83a1c8c656d58aabda1e01d2525b5f
603223.SH,cash_dividend,2026-09-30,2026-09-29,"10派0.70元(含税,扣税后0.63元)",0.07,0.0,0.0,,,,Eastmoney_Official_Disclosure_RPT_SHAREBONUS_DET,https://data.eastmoney.com/yjfp/detail/603223.html#CNINFO_603223_20260922_DIV,c39378804c9170b46373bcf03c8762a22f83a1c8c656d58aabda1e01d2525b5f
