source_id,source_document_id_or_url,raw_source_hash,raw_source_path
BSE_OFFICIAL_STATUS_REGISTER,BSE_OFFICIAL_STATUS_REGISTER,ca52ff76ad39792e9f2451e4f78d5ca4b080c126f0685d1f65bae8e5aa96047c,provenance_artifacts/status/BSE_OFFICIAL_STATUS_REGISTER.json
SSE_DELIST_NOTICE_20241223,SSE_DELIST_NOTICE_20241223,834c0520c24786a713f66f1822d58dd9a425745d9b00dfbf6487b7598e0c7808,provenance_artifacts/status/SSE_DELIST_NOTICE_20241223.json
SSE_DELIST_NOTICE_20250317,SSE_DELIST_NOTICE_20250317,637e20e8081a0f988c826b90baab68ab6c8b8431dd86ef62ee7988d6bd0fc0e9,provenance_artifacts/status/SSE_DELIST_NOTICE_20250317.json
SSE_DELIST_NOTICE_20250624,SSE_DELIST_NOTICE_20250624,0e31038f2b812f9c04a29efb6bbec8a5f57cf32ca2b0da4cc03de38e64ba8c90,provenance_artifacts/status/SSE_DELIST_NOTICE_20250624.json
SSE_DELIST_NOTICE_20251205,SSE_DELIST_NOTICE_20251205,887e135f7c1d5cf9c9788a52d5a49013c47edadec9302401af2f748cef32c201,provenance_artifacts/status/SSE_DELIST_NOTICE_20251205.json
SSE_DELIST_NOTICE_20260904,SSE_DELIST_NOTICE_20260904,7096851f964cc51061e076c189c062401a91f962c1a37f9955f0f2ca21efa198,provenance_artifacts/status/SSE_DELIST_NOTICE_20260904.json
SSE_NOTICE_2021-042,SSE_NOTICE_2021-042,f2a10ca58d2d802dd4a7b64e1270f3b224f52573699e8deea9d323490a7c7e36,provenance_artifacts/status/SSE_NOTICE_2021_042.json
SSE_NOTICE_2023-035,SSE_NOTICE_2023-035,ff16c18283dd55aa5458ff04e7b08ab899e364f77ac84b6385449568c9dc9331,provenance_artifacts/status/SSE_NOTICE_2023_035.json
SSE_NOTICE_2023-040,SSE_NOTICE_2023-040,b28f85683f10b485826d9100835680992395d109c0c451966747956cd631950c,provenance_artifacts/status/SSE_NOTICE_2023_040.json
SSE_NOTICE_2024-025,SSE_NOTICE_2024-025,53548f887043895306f9dcbabba289a35fe575dbb37d611bc0dc306dcc4e467f,provenance_artifacts/status/SSE_NOTICE_2024_025.json
SSE_NOTICE_2024-026,SSE_NOTICE_2024-026,4b72956fc63ab2a792d8f71d2463f4998dd2615002cb630cffaf6e16d339ce60,provenance_artifacts/status/SSE_NOTICE_2024_026.json
SSE_NOTICE_2024-027,SSE_NOTICE_2024-027,528f082a742a8776fdb8508f998d578b45dff152f8637ec4ee1a24cf54c2a7e3,provenance_artifacts/status/SSE_NOTICE_2024_027.json
SSE_NOTICE_2024-028,SSE_NOTICE_2024-028,95c29b60e1e838b6e3f149a1e4c9b69dd22c70a71ef912189cde557af53af2cc,provenance_artifacts/status/SSE_NOTICE_2024_028.json
SSE_NOTICE_2024-029,SSE_NOTICE_2024-029,24ac3ebae84f425b6650909bff3dc8c5fdcbfbe279bc0652243ea93f7251a4ea,provenance_artifacts/status/SSE_NOTICE_2024_029.json
SSE_NOTICE_2024-030,SSE_NOTICE_2024-030,12fe0a0ba1865595debbf39df80a8bb7047f9de7f92f912e057a296c572d9c26,provenance_artifacts/status/SSE_NOTICE_2024_030.json
SSE_NOTICE_2024-031,SSE_NOTICE_2024-031,2808d92e7d6a1073f7d5fce6f040da6c304976d5da0b406f6080575310c18277,provenance_artifacts/status/SSE_NOTICE_2024_031.json
SSE_NOTICE_2024-032,SSE_NOTICE_2024-032,fe00ae678b4b6e4f125cebeb6f83834306223682109bad13b96886c5cf5af547,provenance_artifacts/status/SSE_NOTICE_2024_032.json
SSE_NOTICE_2024-038,SSE_NOTICE_2024-038,e832e5bb39a9153b574729e04a89531dc8bd3ef3257557a918a88f0beb121902,provenance_artifacts/status/SSE_NOTICE_2024_038.json
SSE_NOTICE_2024-055,SSE_NOTICE_2024-055,5a15fb24664f375d152aae601b39ce911052d51d382149e50ec6f520a6f99a9c,provenance_artifacts/status/SSE_NOTICE_2024_055.json
SSE_NOTICE_2024-089,SSE_NOTICE_2024-089,e2a5707f66bac2cef43724e08b9305817a7d3b59a447a6e89284b4d0b357d03a,provenance_artifacts/status/SSE_NOTICE_2024_089.json
SSE_OFFICIAL_STATUS_REGISTER,SSE_OFFICIAL_STATUS_REGISTER,79aed174963fb16bbfb86b4431d233d74e532b0f91772a369f7a2d8b806764b0,provenance_artifacts/status/SSE_OFFICIAL_STATUS_REGISTER.json
SSE_RESUME_NOTICE_20240909,SSE_RESUME_NOTICE_20240909,7e996c730e19f013588ede7c1b8457a2e9e609c4cea2565ce8ba301c3ef79c1c,provenance_artifacts/status/SSE_RESUME_NOTICE_20240909.json
SSE_RESUME_NOTICE_20240919,SSE_RESUME_NOTICE_20240919,415570d3dc51807f29c5e84cd17dfbced0b92abb86b621c8e1b0cad7d040ea5f,provenance_artifacts/status/SSE_RESUME_NOTICE_20240919.json
SSE_RESUME_NOTICE_20240919_2,SSE_RESUME_NOTICE_20240919_2,75c78021dd7b55f37817e157a7a9ee2872277e4e9523692095ef3e448ab83490,provenance_artifacts/status/SSE_RESUME_NOTICE_20240919_2.json
SSE_RESUME_NOTICE_688981_20250909,SSE_RESUME_NOTICE_688981_20250909,83b48e2160db17c696e3dcecd05770f57a60df7851e1a3f8adb85585e62f0e95,provenance_artifacts/status/SSE_RESUME_NOTICE_688981_20250909.json
SSE_SUSP_NOTICE_20240902,SSE_SUSP_NOTICE_20240902,672965e42ef5b2d92ead2a7f1acc9c693f89ad4d815f4958f4a135ce8910e568,provenance_artifacts/status/SSE_SUSP_NOTICE_20240902.json
SSE_SUSP_NOTICE_20240903,SSE_SUSP_NOTICE_20240903,cc92233e450285d772085eea69cb65fed11e7b6e19b26faaceb6279b3221f611,provenance_artifacts/status/SSE_SUSP_NOTICE_20240903.json
SSE_SUSP_NOTICE_20240903_2,SSE_SUSP_NOTICE_20240903_2,9390795b77f27cedc51412cd0eeaaf1cfc6970605b898dee29f63f1d0e02a474,provenance_artifacts/status/SSE_SUSP_NOTICE_20240903_2.json
SSE_SUSP_NOTICE_688981_20250901,SSE_SUSP_NOTICE_688981_20250901,6fc756d1d6662ba38ac6819f9ccb853c3f72b4bb9e64da902a23f071721c64e5,provenance_artifacts/status/SSE_SUSP_NOTICE_688981_20250901.json
SSE_SUSP_RPT_SUSPEND_DAILY_20260930,SSE_SUSP_RPT_SUSPEND_DAILY_20260930,01a93f204e46ab5a0f9e4b987c6d3130fe92869e5621c8d2d393d6c356865408,provenance_artifacts/status/SSE_SUSP_RPT_SUSPEND_DAILY_20260930.json
SZSE_DELIST_NOTICE_20250307,SZSE_DELIST_NOTICE_20250307,684ef33f7cb6942b5315f26b7070891ca868b4a346d3661f16546fab59fbf582,provenance_artifacts/status/SZSE_DELIST_NOTICE_20250307.json
SZSE_DELIST_NOTICE_20250902,SZSE_DELIST_NOTICE_20250902,8ca71bcb9ebbcdf1a18ac43114f064e843aea034b4563ce26e8a580fc03fde4d,provenance_artifacts/status/SZSE_DELIST_NOTICE_20250902.json
SZSE_DELIST_NOTICE_20251227,SZSE_DELIST_NOTICE_20251227,236a4718b3d0b6bdfb5fdd70890e7b6f254c41e44a89c60f97fa94e9d4215698,provenance_artifacts/status/SZSE_DELIST_NOTICE_20251227.json
SZSE_DELIST_NOTICE_20260619,SZSE_DELIST_NOTICE_20260619,603ba6cccc341b36177ebaef8ff8c34bfce5d74d19e5d70936c4c0780ec8bba8,provenance_artifacts/status/SZSE_DELIST_NOTICE_20260619.json
SZSE_DELIST_NOTICE_20260811,SZSE_DELIST_NOTICE_20260811,e76ffb6066d28277ca2b2cfeee6432d0d7d0509834169615b727a6cb1f181c9f,provenance_artifacts/status/SZSE_DELIST_NOTICE_20260811.json
SZSE_NOTICE_2021-052,SZSE_NOTICE_2021-052,50d325c4b3a5efe80165e8ad123350ccf2e6d8e81f6f4629ad475759c721ba03,provenance_artifacts/status/SZSE_NOTICE_2021_052.json
SZSE_NOTICE_2022-033,SZSE_NOTICE_2022-033,fa34fd1e8fe5bfb76df79eda591788ebca7067601f82a841a2be5ca74f046274,provenance_artifacts/status/SZSE_NOTICE_2022_033.json
SZSE_NOTICE_2022-040,SZSE_NOTICE_2022-040,c7264d90204509a304bf77ed8a068a16243f01db33704a0edf3b5f294966b4e8,provenance_artifacts/status/SZSE_NOTICE_2022_040.json
SZSE_NOTICE_2022-045,SZSE_NOTICE_2022-045,aef9c2490ce0e4ddd5be3f048d874b8bcfe9d141e174c1962ed190612aaed85c,provenance_artifacts/status/SZSE_NOTICE_2022_045.json
SZSE_NOTICE_2023-030,SZSE_NOTICE_2023-030,8e1a538245cce481b3e895e6afb1d1689bb2ae424e5a5dd0cdc918d4b577ecf9,provenance_artifacts/status/SZSE_NOTICE_2023_030.json
SZSE_NOTICE_2024-022,SZSE_NOTICE_2024-022,514baaa4d46120c01f026265debd5331e5cd9a7fd109bd2dc8a9b1e24e99124e,provenance_artifacts/status/SZSE_NOTICE_2024_022.json
SZSE_NOTICE_2024-041,SZSE_NOTICE_2024-041,a2e96e099ac6309855f7dbd85c83d307bb722b39aca80fb750ca8b07f1e80344,provenance_artifacts/status/SZSE_NOTICE_2024_041.json
SZSE_NOTICE_2024-048,SZSE_NOTICE_2024-048,badbff49545570c7fafb9125e6ea9571f9d12106229134e8dc92c0a7a6413517,provenance_artifacts/status/SZSE_NOTICE_2024_048.json
SZSE_NOTICE_2024-050,SZSE_NOTICE_2024-050,5b72daa29b7533ef46b547f328e9c8b1be5dd467e8900c4c2b1e2130378a310e,provenance_artifacts/status/SZSE_NOTICE_2024_050.json
SZSE_NOTICE_2024-067,SZSE_NOTICE_2024-067,709752673dcdf03c0a8ba56a20519cb2cb0c893b19308b8eb04f36ddbf1ae384,provenance_artifacts/status/SZSE_NOTICE_2024_067.json
SZSE_NOTICE_2025-039,SZSE_NOTICE_2025-039,0ce7d15abfb5be55f46fe18ec49083381a96bfff7b7bda060b97d4e86e8c0eb2,provenance_artifacts/status/SZSE_NOTICE_2025_039.json
SZSE_OFFICIAL_STATUS_REGISTER,SZSE_OFFICIAL_STATUS_REGISTER,7e23a0c3e3cff2b0a144d70bff99c21130a8178ba7a3a4fd350226c5285388b3,provenance_artifacts/status/SZSE_OFFICIAL_STATUS_REGISTER.json
SZSE_RESUME_NOTICE_20240527,SZSE_RESUME_NOTICE_20240527,00c8a04c3fde702db6d814bb103c7bfe57eb74595376b1d9534f3bb7204cc545,provenance_artifacts/status/SZSE_RESUME_NOTICE_20240527.json
SZSE_RESUME_NOTICE_20240722,SZSE_RESUME_NOTICE_20240722,69caa9b30ad904fe599eb312213eb8e360847819c3b4bc60c1ae1ba117d514be,provenance_artifacts/status/SZSE_RESUME_NOTICE_20240722.json
SZSE_SUSP_NOTICE_20240520,SZSE_SUSP_NOTICE_20240520,e54031fb8c511f57706a43e948db283e185f083e7bf050060421d6275104474f,provenance_artifacts/status/SZSE_SUSP_NOTICE_20240520.json
SZSE_SUSP_NOTICE_20240715,SZSE_SUSP_NOTICE_20240715,1efc001f222c1f13d195204541ed9afa016b7d585f1887cd70e52bc3c8f936e5,provenance_artifacts/status/SZSE_SUSP_NOTICE_20240715.json
SZSE_SUSP_RPT_SUSPEND_DAILY_20260831,SZSE_SUSP_RPT_SUSPEND_DAILY_20260831,78fa2124017357151922fdeaf3f86713ec2e7daea66aff70f35ad4b543966732,provenance_artifacts/status/SZSE_SUSP_RPT_SUSPEND_DAILY_20260831.json
SZSE_SUSP_RPT_SUSPEND_DAILY_20260922,SZSE_SUSP_RPT_SUSPEND_DAILY_20260922,e8287bc90345505f274f7a531d51d2b4838e5ccb78886cc0c5c7933a52470670,provenance_artifacts/status/SZSE_SUSP_RPT_SUSPEND_DAILY_20260922.json
SZSE_SUSP_RPT_SUSPEND_DAILY_20260930,SZSE_SUSP_RPT_SUSPEND_DAILY_20260930,770515e303af6b88973be3c8aae80b2ebf1e7bcfcefd4aecc663bfb583d99c66,provenance_artifacts/status/SZSE_SUSP_RPT_SUSPEND_DAILY_20260930.json
