证券代码,证券简称,总股本,流通股本,上市日期,所属行业,地区,报告日期
920000,XD安徽凤,91680000,57593925,2020-12-23,汽车制造业,安徽省,2026-09-30
920001,纬达光电,153646104,90052514,2022-12-27,计算机、通信和其他电子设备制造业,广东省,2026-09-30
920002,万达轴承,63704155,44597153,2024-05-30,通用设备制造业,江苏省,2026-09-30
920003,中诚咨询,90600000,19466420,2025-11-07,专业技术服务业,江苏省,2026-09-30
920005,鼎佳精密,83000000,38311723,2025-07-31,计算机、通信和其他电子设备制造业,江苏省,2026-09-30
920006,晟楠科技,90287200,47797112,2023-05-18,铁路、船舶、航空航天和其他运输设备制造业,江苏省,2026-09-30
920007,酉立智能,44532450,11706250,2025-08-08,金属制品业,江苏省,2026-09-30
920008,成电光信,63750000,34068693,2024-08-29,计算机、通信和其他电子设备制造业,四川省,2026-09-30
920009,丹娜生物,77546000,10080000,2025-11-03,医药制造业,天津市,2026-09-30
920010,凯添燃气,234500000,174223853,2020-07-27,燃气生产和供应业,宁夏回族自治区,2026-09-30
920011,晨光电机,82666667,18600001,2026-04-08,电气机械和器材制造业,浙江省,2026-09-30
920012,创达新材,49317380,19297510,2026-04-13,计算机、通信和其他电子设备制造业,江苏省,2026-09-30
920014,特瑞斯,121856743,67047298,2022-12-13,专用设备制造业,江苏省,2026-09-30
920015,锦华新材,135566667,40012440,2025-09-25,化学原料和化学制品制造业,浙江省,2026-09-30
920016,中草香料,76981929,34237218,2024-09-13,化学原料和化学制品制造业,安徽省,2026-09-30
920017,星昊医药,124507417,123145067,2023-05-31,医药制造业,北京市,2026-09-30
920018,宏远股份,165528433,65468213,2025-08-20,电气机械和器材制造业,辽宁省,2026-09-30
920019,铜冠矿建,210266700,167535666,2024-10-11,开采专业及辅助性活动,安徽省,2026-09-30
920020,泰凯英,224945000,55600901,2025-10-28,橡胶和塑料制品业,山东省,2026-09-30
920021,流金科技,308999983,247554673,2020-07-27,电信、广播电视和卫星传输服务,北京市,2026-09-30
920022,世昌股份,60321000,24725000,2025-09-19,汽车制造业,河北省,2026-09-30
920023,*ST田野,327304000,268808530,2023-02-02,酒、饮料和精制茶制造业,广西壮族自治区,2026-09-30
920025,凯达重工,225000000,51000000,2026-09-23,专用设备制造业,江苏省,2026-09-30
920026,卓兆点胶,114908144,86622137,2023-10-19,专用设备制造业,江苏省,2026-09-30
920027,交大铁发,102964550,72048925,2025-06-10,铁路、船舶、航空航天和其他运输设备制造业,四川省,2026-09-30
920028,新恒泰,164360000,64959600,2026-03-20,橡胶和塑料制品业,浙江省,2026-09-30
920029,开发科技,206941133,201364808,2025-03-28,仪器仪表制造业,四川省,2026-09-30
920030,德众汽车,178839681,112076478,2020-11-27,零售业,湖南省,2026-09-30
920033,康普化学,119135250,82832255,2022-12-21,化学原料和化学制品制造业,重庆市,2026-09-30
920035,精创电气,69420000,15736800,2025-12-02,仪器仪表制造业,江苏省,2026-09-30
920036,觅睿科技,54421827,13061277,2026-03-09,计算机、通信和其他电子设备制造业,浙江省,2026-09-30
920037,广信科技,128048071,78287930,2025-06-26,电气机械和器材制造业,湖南省,2026-09-30
920038,森合高科,104505201,53216681,2026-08-05,化学原料和化学制品制造业,广西壮族自治区,2026-09-30
920039,国义招标,153820000,153819900,2021-08-18,专业技术服务业,广东省,2026-09-30
920045,蘅东光,95300167,28178549,2025-12-31,计算机、通信和其他电子设备制造业,广东省,2026-09-30
920046,亿能电力,101150000,55927037,2022-10-13,电气机械和器材制造业,江苏省,2026-09-30
920047,诺思兰德,274271974,180106427,2020-11-24,医药制造业,北京市,2026-09-30
920050,爱伦医疗,67679334,18102651,2026-01-21,医药制造业,江苏省,2026-09-30
920055,隆源股份,68000000,15300000,2026-03-31,汽车制造业,浙江省,2026-09-30
920056,能之光,81691700,47659346,2025-08-22,橡胶和塑料制品业,浙江省,2026-09-30
920057,百甲科技,181263297,116532345,2023-03-14,金属制品业,江苏省,2026-09-30
920058,华洋赛车,56056110,27594388,2023-08-10,铁路、船舶、航空航天和其他运输设备制造业,浙江省,2026-09-30
920059,双英集团,157789474,32318326,2026-08-19,汽车制造业,广西壮族自治区,2026-09-30
920060,万源通,152044663,94824272,2024-11-19,计算机、通信和其他电子设备制造业,江苏省,2026-09-30
920061,西磁科技,70790000,39364400,2023-12-21,专用设备制造业,浙江省,2026-09-30
920062,科润智控,188706277,133510005,2022-07-13,电气机械和器材制造业,浙江省,2026-09-30
920065,千岸科技,90250000,15750000,2026-07-29,零售业,广东省,2026-09-30
920066,科拜尔,62853326,19873326,2024-10-31,橡胶和塑料制品业,安徽省,2026-09-30
920068,天工股份,655600015,173682539,2025-05-13,有色金属冶炼和压延加工业,江苏省,2026-09-30
920069,普昂医疗,52919828,14759941,2026-03-27,专用设备制造业,浙江省,2026-09-30
920071,金钛股份,255000000,31500000,2026-09-03,有色金属冶炼和压延加工业,辽宁省,2026-09-30
920072,XD科莱瑞,76600000,14465000,2026-06-29,专用设备制造业,广东省,2026-09-30
920075,柏星龙,64815000,35128701,2022-12-14,印刷和记录媒介复制业,广东省,2026-09-30
920076,国亮新材,117088287,36831935,2026-01-22,非金属矿物制品业,河北省,2026-09-30
920077,吉林碳谷,586239853,301911506,2021-08-31,化学纤维制造业,吉林省,2026-09-30
920078,族兴新材,120000000,38987800,2026-03-18,化学原料和化学制品制造业,湖南省,2026-09-30
920079,乔路铭,416310400,72601066,2026-07-22,汽车制造业,浙江省,2026-09-30
920080,奥美森,83000000,22975701,2025-10-10,专用设备制造业,广东省,2026-09-30
920081,欧伦电气,72600000,17100000,2026-07-10,电气机械和器材制造业,浙江省,2026-09-30
920082,方正阀门,203497000,57224318,2024-12-26,通用设备制造业,浙江省,2026-09-30
920083,金戈新材,89269474,38023222,2026-06-11,非金属矿物制品业,广东省,2026-09-30
920086,科马材料,83680000,27372100,2026-01-16,汽车制造业,浙江省,2026-09-30
920087,秋乐种业,165200000,164046125,2022-12-07,农、林、牧、渔专业及辅助性活动,河南省,2026-09-30
920088,科力股份,88071500,32350434,2024-10-29,开采专业及辅助性活动,新疆维吾尔自治区,2026-09-30
920089,禾昌聚合,195868400,111561776,2021-11-09,橡胶和塑料制品业,江苏省,2026-09-30
920090,*ST同辉,199333546,134900672,2021-08-09,软件和信息技术服务业,北京市,2026-09-30
920091,大鹏工业,61465200,14500200,2025-11-21,专用设备制造业,黑龙江省,2026-09-30
920092,汉鑫科技,62079700,32339659,2021-11-15,软件和信息技术服务业,山东省,2026-09-30
920093,信胜科技,141000000,25200000,2026-08-21,专用设备制造业,浙江省,2026-09-30
920096,嘉晨智能,69000000,16200000,2026-05-18,仪器仪表制造业,河南省,2026-09-30
920098,科隆新材,81320369,55233387,2024-12-05,橡胶和塑料制品业,陕西省,2026-09-30
920099,瑞华技术,94079997,58933446,2024-09-25,专业技术服务业,江苏省,2026-09-30
920100,三协电机,103333020,27398193,2025-09-08,电气机械和器材制造业,江苏省,2026-09-30
920101,志高机械,124807443,102137816,2025-08-14,专用设备制造业,浙江省,2026-09-30
920106,林泰新材,56593500,43661878,2024-12-18,汽车制造业,江苏省,2026-09-30
920107,恒兴股份,83880000,18873000,2026-08-17,化学原料和化学制品制造业,湖南省,2026-09-30
920108,宏海科技,172200000,72967650,2025-02-06,电气机械和器材制造业,湖北省,2026-09-30
920110,雷特科技,39000000,16239000,2022-12-06,计算机、通信和其他电子设备制造业,广东省,2026-09-30
920111,聚星科技,155154500,75288125,2024-11-11,电气机械和器材制造业,浙江省,2026-09-30
920112,巴兰仕,118790000,75142900,2025-08-28,专用设备制造业,上海市,2026-09-30
920116,星图测控,223685000,223685000,2025-01-02,软件和信息技术服务业,安徽省,2026-09-30
920117,龙鑫智能,89840012,20214003,2026-07-16,专用设备制造业,江苏省,2026-09-30
920118,太湖远大,51711000,31305912,2024-08-22,橡胶和塑料制品业,浙江省,2026-09-30
920119,美德乐,100972573,27570337,2026-01-30,通用设备制造业,辽宁省,2026-09-30
920121,江天科技,66068183,11925274,2025-12-25,印刷和记录媒介复制业,江苏省,2026-09-30
920122,中纺标,92242108,37375138,2022-09-27,专业技术服务业,北京市,2026-09-30
920123,芭薇股份,111540000,64984896,2024-03-29,化学原料和化学制品制造业,广东省,2026-09-30
920124,南特科技,148733315,76581409,2025-11-27,通用设备制造业,广东省,2026-09-30
920125,鸿仕达,56160000,22898519,2026-04-24,专用设备制造业,江苏省,2026-09-30
920126,永大股份,186080000,44668000,2026-06-15,专用设备制造业,江苏省,2026-09-30
920128,胜业电气,81190000,24300000,2024-11-29,电气机械和器材制造业,广东省,2026-09-30
920130,立方控股,92243236,57295119,2023-11-02,软件和信息技术服务业,浙江省,2026-09-30
920132,泰鹏智能,107671200,36560193,2023-11-16,家具制造业,山东省,2026-09-30
920136,永励精密,80000000,21000000,2026-07-09,汽车制造业,浙江省,2026-09-30
920138,杰理科技,432955000,34613757,2026-08-12,软件和信息技术服务业,广东省,2026-09-30
920139,华岭股份,269507392,260427644,2022-10-28,计算机、通信和其他电子设备制造业,上海市,2026-09-30
920145,恒合股份,70550000,48832250,2021-11-15,仪器仪表制造业,北京市,2026-09-30
920146,华阳变速,134990443,108593142,2021-07-20,汽车制造业,湖北省,2026-09-30
920149,旭杰科技,76483180,63267003,2020-07-27,专业技术服务业,江苏省,2026-09-30
920152,昆工科技,110103700,82101933,2022-09-01,专用设备制造业,云南省,2026-09-30
920156,海昌智能,104120000,21708000,2026-04-27,专用设备制造业,河南省,2026-09-30
920158,长江能科,199612000,53395160,2025-10-16,专用设备制造业,江苏省,2026-09-30
920159,农大科技,76000000,15320000,2026-01-28,化学原料和化学制品制造业,山东省,2026-09-30
920160,北矿检测,113280000,25488000,2025-11-18,专业技术服务业,北京市,2026-09-30
920161,龙辰科技,135993941,73709591,2026-05-27,计算机、通信和其他电子设备制造业,湖北省,2026-09-30
920163,方大新材,128640160,60642535,2020-07-27,橡胶和塑料制品业,河北省,2026-09-30
920165,珈凯生物,48274349,9605041,2026-08-11,化学原料和化学制品制造业,上海市,2026-09-30
920166,海圣医疗,75294118,23764707,2026-02-12,专用设备制造业,浙江省,2026-09-30
920167,同享科技,110026500,65363812,2020-07-27,电气机械和器材制造业,江苏省,2026-09-30
920168,通宝光电,75173400,28046683,2026-02-26,汽车制造业,江苏省,2026-09-30
920169,七丰精工,80800090,50817336,2022-04-15,通用设备制造业,浙江省,2026-09-30
920171,志晟信息,100233235,67631980,2021-11-15,软件和信息技术服务业,河北省,2026-09-30
920174,五新智能,216904891,55905680,2021-08-20,专用设备制造业,湖南省,2026-09-30
920175,东方碳素,119000000,79270360,2023-06-30,非金属矿物制品业,河南省,2026-09-30
920176,维琪科技,58830000,7947000,2026-07-27,化学原料和化学制品制造业,广东省,2026-09-30
920177,恒道科技,52320000,18528506,2026-04-16,专用设备制造业,浙江省,2026-09-30
920178,锐翔智能,65938073,19255214,2026-05-15,专用设备制造业,广东省,2026-09-30
920179,凯德石英,74456858,59718474,2022-03-04,非金属矿物制品业,北京市,2026-09-30
920180,爱得科技,118123046,35969474,2026-02-10,专用设备制造业,江苏省,2026-09-30
920181,赛英电子,43200000,10020000,2026-04-10,电气机械和器材制造业,江苏省,2026-09-30
920183,海菲曼,48952000,11533827,2026-03-04,计算机、通信和其他电子设备制造业,江苏省,2026-09-30
920184,国源科技,131727418,89367852,2020-07-27,软件和信息技术服务业,北京市,2026-09-30
920185,贝特瑞,1138190398,1119459717,2020-07-27,计算机、通信和其他电子设备制造业,广东省,2026-09-30
920186,XD中科仪,223839100,117075743,2026-04-29,通用设备制造业,辽宁省,2026-09-30
920187,通领科技,90480000,32992365,2026-03-05,汽车制造业,上海市,2026-09-30
920188,悦龙科技,82993198,19793879,2026-03-30,橡胶和塑料制品业,山东省,2026-09-30
920189,康美特,141410000,84867400,2026-07-08,计算机、通信和其他电子设备制造业,北京市,2026-09-30
920190,雷神科技,100000001,99443051,2022-12-23,计算机、通信和其他电子设备制造业,山东省,2026-09-30
920191,瑞尔竞达,177395400,39915000,2026-04-20,非金属矿物制品业,安徽省,2026-09-30
920193,吉和昌,111330800,25200000,2026-07-02,化学原料和化学制品制造业,湖北省,2026-09-30
920195,三祥科技,98030000,70758985,2022-12-30,橡胶和塑料制品业,山东省,2026-09-30
920198,微创光电,161363872,70466003,2020-07-27,计算机、通信和其他电子设备制造业,湖北省,2026-09-30
920199,倍益康,68109300,37895315,2022-12-01,计算机、通信和其他电子设备制造业,四川省,2026-09-30
920200,振宏股份,101560000,44369000,2026-05-07,金属制品业,江苏省,2026-09-30
920201,百瑞吉,68225832,7608467,2026-09-24,医药制造业,江苏省,2026-09-30
920202,安达股份,112000000,23800000,2026-09-29,汽车制造业,浙江省,2026-09-30
920204,沪江材料,94287797,49990743,2022-01-18,橡胶和塑料制品业,江苏省,2026-09-30
920206,彩客科技,71546227,27525103,2026-06-08,化学原料和化学制品制造业,河北省,2026-09-30
920207,众诚科技,92195000,56314468,2022-09-23,软件和信息技术服务业,河南省,2026-09-30
920208,青矩技术,186242425,161249601,2023-06-29,专业技术服务业,北京市,2026-09-30
920211,新睿电子,34400000,11596671,2026-06-05,仪器仪表制造业,浙江省,2026-09-30
920212,智新电子,106088000,51602263,2021-06-08,计算机、通信和其他电子设备制造业,山东省,2026-09-30
920218,新天力,93671240,21076229,2026-05-29,橡胶和塑料制品业,浙江省,2026-09-30
920220,朗信电气,66206262,20735837,2026-05-22,汽车制造业,江苏省,2026-09-30
920221,易实精密,118650000,61930908,2023-06-08,汽车制造业,江苏省,2026-09-30
920222,XD益坤电,85647100,11562590,2026-06-30,电气机械和器材制造业,浙江省,2026-09-30
920223,荣亿精密,157285000,81675250,2022-06-09,通用设备制造业,浙江省,2026-09-30
920225,利通科技,126918894,82782154,2021-02-25,橡胶和塑料制品业,河南省,2026-09-30
920227,美登科技,38941500,17718217,2022-12-28,软件和信息技术服务业,浙江省,2026-09-30
920229,世纪数码,44340000,11350000,2026-09-22,专用设备制造业,河南省,2026-09-30
920230,欧康医药,100474603,47247748,2022-12-09,医药制造业,四川省,2026-09-30
920237,力佳科技,95032080,93231998,2022-11-25,电气机械和器材制造业,湖北省,2026-09-30
920238,长鹰硬科,95238257,19406941,2026-07-24,金属制品业,江苏省,2026-09-30
920239,长虹能源,182074204,179879980,2021-02-09,电气机械和器材制造业,四川省,2026-09-30
920242,建邦科技,94213700,52733065,2020-07-27,商务服务业,山东省,2026-09-30
920245,威博液压,69073200,53194347,2022-01-06,通用设备制造业,江苏省,2026-09-30
920247,华密新材,189052999,137143415,2022-12-23,橡胶和塑料制品业,河北省,2026-09-30
920249,利尔达,421630000,124669576,2023-02-17,批发业,浙江省,2026-09-30
920252,天宏锂电,102650665,68231239,2023-01-19,电气机械和器材制造业,浙江省,2026-09-30
920258,聚仁新材,400000000,131760530,2026-08-03,化学原料和化学制品制造业,湖南省,2026-09-30
920260,中寰股份,103550000,98960709,2021-11-15,仪器仪表制造业,四川省,2026-09-30
920261,一诺威,291132748,160246197,2023-04-03,化学原料和化学制品制造业,山东省,2026-09-30
920262,太湖雪,82937022,38556499,2022-12-30,纺织业,江苏省,2026-09-30
920263,中航泰达,141242896,102504647,2020-07-27,生态保护和环境治理业,北京市,2026-09-30
920266,生物谷,124000007,118490457,2020-07-27,医药制造业,云南省,2026-09-30
920267,鑫汇科,47482941,27177048,2022-05-27,计算机、通信和其他电子设备制造业,广东省,2026-09-30
920268,百迈科,54200000,14448136,2026-09-09,医药制造业,海南省,2026-09-30
920269,杰锋动力,60000000,8899500,2026-09-07,汽车制造业,安徽省,2026-09-30
920270,天铭科技,104616000,81282067,2022-09-02,通用设备制造业,浙江省,2026-09-30
920271,邦德股份,130823000,57890431,2022-06-02,汽车制造业,山东省,2026-09-30
920273,一致魔芋,103037904,68590204,2023-02-21,食品制造业,湖北省,2026-09-30
920274,宏裕包材,81333334,81333334,2023-08-18,橡胶和塑料制品业,湖北省,2026-09-30
920275,驱动力,159377600,131914521,2021-01-25,农副食品加工业,广东省,2026-09-30
920278,鹿得医疗,174500000,98645300,2020-07-27,专用设备制造业,江苏省,2026-09-30
920284,灵鸽科技,104785645,67060701,2023-12-19,专用设备制造业,江苏省,2026-09-30
920288,华大海天,75562000,17880000,2026-08-28,造纸和纸制品业,浙江省,2026-09-30
920289,华汇智能,68000080,14450017,2026-09-04,专用设备制造业,广东省,2026-09-30
920298,腾信精密,78000000,15300000,2026-09-16,通用设备制造业,广东省,2026-09-30
920299,灿能电力,90109276,45414765,2022-06-10,仪器仪表制造业,江苏省,2026-09-30
920300,辰光医疗,85847126,66190426,2022-12-07,专用设备制造业,上海市,2026-09-30
920304,迪尔化工,169538000,135429848,2023-04-18,化学原料和化学制品制造业,山东省,2026-09-30
920339,恒太照明,219589081,150562416,2022-11-17,电气机械和器材制造业,江苏省,2026-09-30
920344,三元基因,121810000,113728159,2021-01-08,医药制造业,北京市,2026-09-30
920346,威贸电子,80653103,44878268,2022-02-23,计算机、通信和其他电子设备制造业,上海市,2026-09-30
920351,华光源海,88035439,39840340,2022-12-29,多式联运和运输代理业,湖南省,2026-09-30
920357,雅葆轩,104104000,62955880,2022-11-18,计算机、通信和其他电子设备制造业,安徽省,2026-09-30
920363,莱赛激光,124022000,70512401,2023-12-28,仪器仪表制造业,江苏省,2026-09-30
920367,新赣江,70861250,41992578,2023-02-09,医药制造业,江西省,2026-09-30
920368,连城数控,234780440,223306534,2020-07-27,专用设备制造业,辽宁省,2026-09-30
920370,新安洁,300283343,262386200,2020-07-27,公共设施管理业,重庆市,2026-09-30
920371,欧福蛋业,205445536,194809604,2023-01-18,农副食品加工业,江苏省,2026-09-30
920374,云里物里,85593900,34924888,2022-11-29,计算机、通信和其他电子设备制造业,广东省,2026-09-30
920375,派诺科技,152115390,98433595,2023-12-14,软件和信息技术服务业,广东省,2026-09-30
920378,泰德股份,155526000,109733804,2022-06-20,汽车制造业,山东省,2026-09-30
920392,佳合科技,76668700,36039900,2022-12-30,造纸和纸制品业,江苏省,2026-09-30
920394,民士达,146250000,145172812,2023-04-25,纺织业,山东省,2026-09-30
920395,朗鸿科技,152585704,105088024,2022-09-01,计算机、通信和其他电子设备制造业,浙江省,2026-09-30
920396,常辅股份,72221136,49716911,2020-11-18,仪器仪表制造业,江苏省,2026-09-30
920402,硅烷科技,422060067,272873277,2022-09-28,化学原料和化学制品制造业,河南省,2026-09-30
920403,康农种业,109297188,65002938,2024-01-18,农业,湖北省,2026-09-30
920405,海希通讯,136470283,106290539,2021-11-05,仪器仪表制造业,上海市,2026-09-30
920407,驰诚股份,110999200,45189164,2023-02-16,仪器仪表制造业,河南省,2026-09-30
920414,欧普泰,79748171,56077587,2022-12-12,专用设备制造业,上海市,2026-09-30
920415,恒拓开源,140511487,107175054,2020-07-27,软件和信息技术服务业,河南省,2026-09-30
920418,苏轴股份,162489600,156918552,2020-07-27,通用设备制造业,江苏省,2026-09-30
920419,路斯股份,103306400,96691274,2022-03-11,农副食品加工业,山东省,2026-09-30
920422,润普食品,88482710,66222710,2023-03-01,食品制造业,江苏省,2026-09-30
920425,乐创技术,100711167,82898617,2023-01-30,软件和信息技术服务业,四川省,2026-09-30
920427,华维设计,103095000,50852039,2021-02-05,专业技术服务业,江西省,2026-09-30
920429,康比特,124476000,113500391,2022-12-15,食品制造业,北京市,2026-09-30
920433,大唐药业,255919681,169316396,2020-07-27,医药制造业,内蒙古自治区,2026-09-30
920436,大地电气,95177640,89383941,2021-11-15,汽车制造业,江苏省,2026-09-30
920438,戈碧迦,144440000,139394050,2024-03-25,非金属矿物制品业,湖北省,2026-09-30
920445,龙竹科技,148155025,107981715,2020-07-27,家具制造业,福建省,2026-09-30
920454,同心传动,105100000,49230500,2021-11-15,汽车制造业,河南省,2026-09-30
920455,汇隆活塞,177450000,97311442,2023-06-21,通用设备制造业,辽宁省,2026-09-30
920469,富恒新材,140946000,103448162,2023-09-18,橡胶和塑料制品业,广东省,2026-09-30
920471,美邦科技,83200000,53030607,2023-05-25,化学原料和化学制品制造业,河北省,2026-09-30
920475,三友科技,101060000,56196610,2020-07-27,专用设备制造业,浙江省,2026-09-30
920476,海能技术,89585740,80329933,2022-10-14,仪器仪表制造业,山东省,2026-09-30
920478,峆一药业,110192180,67004191,2023-02-23,医药制造业,安徽省,2026-09-30
920489,佳先股份,136459200,86800029,2020-07-27,化学原料和化学制品制造业,安徽省,2026-09-30
920491,奥迪威,141143180,115822946,2022-06-14,计算机、通信和其他电子设备制造业,广东省,2026-09-30
920493,并行科技,60581955,44636935,2023-11-01,软件和信息技术服务业,北京市,2026-09-30
920496,许昌智能,165575000,144998432,2024-01-26,电气机械和器材制造业,河南省,2026-09-30
920504,博迅生物,43333100,16510905,2023-08-17,仪器仪表制造业,上海市,2026-09-30
920505,九菱科技,64785465,36010926,2022-12-21,金属制品业,湖北省,2026-09-30
920508,殷图网联,60000000,31905925,2020-07-27,软件和信息技术服务业,北京市,2026-09-30
920509,同惠电子,160305696,83985512,2021-01-11,仪器仪表制造业,江苏省,2026-09-30
920510,丰光精密,184005129,93992678,2020-12-28,通用设备制造业,山东省,2026-09-30
920519,万德股份,89258104,79367289,2023-09-15,化学原料和化学制品制造业,陕西省,2026-09-30
920522,纳科诺尔,219451008,181779024,2023-11-16,专用设备制造业,河北省,2026-09-30
920523,德瑞锂电,101301369,79709699,2021-06-03,电气机械和器材制造业,广东省,2026-09-30
920526,凯华材料,82700000,52367486,2022-12-22,计算机、通信和其他电子设备制造业,天津市,2026-09-30
920527,夜光明,60042700,46557297,2022-10-27,化学原料和化学制品制造业,浙江省,2026-09-30
920533,骏创科技,130757328,73137133,2022-05-24,汽车制造业,江苏省,2026-09-30
920541,铁大科技,136700000,90058684,2023-03-10,铁路、船舶、航空航天和其他运输设备制造业,上海市,2026-09-30
920547,无锡晶海,77688000,37764900,2023-12-12,医药制造业,江苏省,2026-09-30
920553,凯腾精工,143690460,93803385,2021-08-06,专用设备制造业,北京市,2026-09-30
920556,雅达股份,160641082,116379896,2023-03-17,仪器仪表制造业,广东省,2026-09-30
920564,天润科技,106924345,49188836,2022-06-17,软件和信息技术服务业,陕西省,2026-09-30
920566,梓橦宫,144461880,112346561,2021-08-13,医药制造业,四川省,2026-09-30
920570,坤博精工,50169821,25490716,2023-11-23,通用设备制造业,浙江省,2026-09-30
920571,国航远洋,555407453,296084252,2022-12-15,水上运输业,福建省,2026-09-30
920575,*ST康乐,280940000,187838680,2023-03-15,医药制造业,北京市,2026-09-30
920576,天力复合,108950000,107870154,2023-07-12,有色金属冶炼和压延加工业,陕西省,2026-09-30
920578,巨能股份,76479097,35501019,2023-05-12,通用设备制造业,宁夏回族自治区,2026-09-30
920579,机科股份,129480000,44574420,2023-11-30,通用设备制造业,北京市,2026-09-30
920580,科创新材,86000000,54763074,2022-05-13,非金属矿物制品业,河南省,2026-09-30
920592,华信永道,80795000,50285711,2023-07-10,软件和信息技术服务业,北京市,2026-09-30
920593,鼎智科技,190245872,162154806,2023-04-13,电气机械和器材制造业,江苏省,2026-09-30
920599,同力股份,462525000,350574346,2021-02-22,专用设备制造业,陕西省,2026-09-30
920608,丰安股份,62240000,48218888,2022-12-16,通用设备制造业,浙江省,2026-09-30
920627,力王股份,94450000,49097500,2023-09-07,电气机械和器材制造业,广东省,2026-09-30
920634,新威凌,63898766,40792613,2022-11-24,金属制品业,湖南省,2026-09-30
920639,晨光电缆,201600000,117323505,2022-07-12,电气机械和器材制造业,浙江省,2026-09-30
920640,富士达,187728000,180614306,2020-07-27,计算机、通信和其他电子设备制造业,陕西省,2026-09-30
920641,格利尔,75075000,28840813,2022-12-02,计算机、通信和其他电子设备制造业,江苏省,2026-09-30
920642,通易航天,103670278,100331878,2021-08-16,橡胶和塑料制品业,江苏省,2026-09-30
920651,天罡股份,61000000,41467373,2023-06-27,仪器仪表制造业,山东省,2026-09-30
920656,海昇药业,100000000,81628562,2024-02-02,医药制造业,浙江省,2026-09-30
920662,方盛股份,88180002,27006082,2022-11-28,通用设备制造业,江苏省,2026-09-30
920663,明阳科技,133552510,64034520,2023-03-15,汽车制造业,江苏省,2026-09-30
920665,科强股份,129990000,64181109,2023-09-26,橡胶和塑料制品业,江苏省,2026-09-30
920670,数字人,106182400,54863579,2020-12-08,软件和信息技术服务业,山东省,2026-09-30
920675,秉扬科技,172164000,79017870,2020-12-28,非金属矿物制品业,四川省,2026-09-30
920679,前进科技,55850000,37105250,2023-11-10,通用设备制造业,浙江省,2026-09-30
920682,球冠电缆,389376000,225806786,2020-07-27,电气机械和器材制造业,浙江省,2026-09-30
920685,新芝生物,91515941,58313974,2022-10-10,仪器仪表制造业,浙江省,2026-09-30
920689,克莱特,73400000,37930617,2022-03-21,通用设备制造业,山东省,2026-09-30
920690,捷众科技,86190000,56028804,2024-01-05,汽车制造业,浙江省,2026-09-30
920693,阿为特,72700000,36610000,2023-10-27,金属制品业,上海市,2026-09-30
920694,中裕科技,131509482,62466783,2023-04-24,橡胶和塑料制品业,江苏省,2026-09-30
920699,海达尔,63875420,29225420,2023-05-09,金属制品业,江苏省,2026-09-30
920701,豪声电子,137200000,100207240,2023-07-19,计算机、通信和其他电子设备制造业,浙江省,2026-09-30
920703,广厦环能,150724000,53215547,2023-12-05,专用设备制造业,北京市,2026-09-30
920706,铁拓机械,94605245,47671870,2024-03-08,专用设备制造业,福建省,2026-09-30
920717,瑞星股份,114680000,44280000,2023-07-03,专用设备制造业,河北省,2026-09-30
920718,合肥高科,90666700,46510069,2022-12-22,电气机械和器材制造业,安徽省,2026-09-30
920719,宁新新材,93093400,74339362,2023-05-26,非金属矿物制品业,江西省,2026-09-30
920720,吉冈精密,264891340,74017173,2021-11-24,汽车制造业,江苏省,2026-09-30
920725,惠丰钻石,91275000,44180685,2022-07-18,非金属矿物制品业,河南省,2026-09-30
920726,朱老六,101310000,55913455,2021-05-27,食品制造业,吉林省,2026-09-30
920729,永顺生物,273300000,77507041,2020-07-27,医药制造业,广东省,2026-09-30
920735,德源药业,129047589,114132954,2021-02-19,医药制造业,江苏省,2026-09-30
920748,路桥信息,76740000,70370100,2023-08-16,软件和信息技术服务业,福建省,2026-09-30
920751,惠同新材,86780000,82672125,2023-07-17,金属制品业,湖南省,2026-09-30
920753,天纺标,81404368,32709650,2022-10-31,专业技术服务业,天津市,2026-09-30
920765,美之高,86920077,52807104,2021-07-05,家具制造业,广东省,2026-09-30
920768,拾比佰,155358000,107389517,2021-06-28,电气机械和器材制造业,广东省,2026-09-30
920770,艾能聚,130132175,80350500,2023-02-28,电气机械和器材制造业,浙江省,2026-09-30
920779,武汉蓝电,80061520,20020002,2023-06-01,仪器仪表制造业,湖北省,2026-09-30
920781,瑞奇智造,154567054,120366288,2022-12-26,专用设备制造业,四川省,2026-09-30
920786,骑士乳业,209053000,135288955,2023-10-13,畜牧业,内蒙古自治区,2026-09-30
920790,联迪信息,78967020,54354958,2022-09-02,软件和信息技术服务业,江苏省,2026-09-30
920792,东和新材,165540000,101626338,2023-03-30,非金属矿物制品业,辽宁省,2026-09-30
920799,艾融软件,209145400,120069921,2020-07-27,软件和信息技术服务业,上海市,2026-09-30
920802,保丽洁,82008290,36217642,2023-02-06,专用设备制造业,江苏省,2026-09-30
920806,云星宇,300736667,300736667,2024-01-11,软件和信息技术服务业,北京市,2026-09-30
920807,奔朗新材,181880000,122736547,2022-12-20,非金属矿物制品业,广东省,2026-09-30
920808,曙光数创,200000001,194761322,2022-11-18,通用设备制造业,北京市,2026-09-30
920809,安达科技,599050000,459156648,2023-03-23,计算机、通信和其他电子设备制造业,贵州省,2026-09-30
920810,春光智能,95900000,62407545,2022-12-16,通用设备制造业,辽宁省,2026-09-30
920819,颖泰生物,1225800000,1211625000,2020-07-27,化学原料和化学制品制造业,北京市,2026-09-30
920821,则成电子,138361899,72853422,2022-07-06,计算机、通信和其他电子设备制造业,广东省,2026-09-30
920826,盖世食品,140515814,63154153,2021-01-12,农副食品加工业,辽宁省,2026-09-30
920832,齐鲁华信,138763865,123865573,2021-02-23,化学原料和化学制品制造业,山东省,2026-09-30
920833,美心翼申,114504000,86642950,2023-11-08,通用设备制造业,重庆市,2026-09-30
920834,三维装备,120000005,62796439,2022-08-22,通用设备制造业,江苏省,2026-09-30
920837,华原股份,152726687,136787787,2023-05-15,汽车制造业,广西壮族自治区,2026-09-30
920839,万通液压,118209971,65202596,2020-11-09,通用设备制造业,山东省,2026-09-30
920855,浙江大农,74733333,67036911,2022-12-29,通用设备制造业,浙江省,2026-09-30
920856,浩淼科技,95126628,53060037,2020-12-25,专用设备制造业,安徽省,2026-09-30
920857,泓禧科技,74007152,74007152,2022-02-28,计算机、通信和其他电子设备制造业,重庆市,2026-09-30
920866,绿亨科技,177048091,110954490,2022-12-09,化学原料和化学制品制造业,广东省,2026-09-30
920870,恒进感应,134000000,66002900,2022-07-05,通用设备制造业,湖北省,2026-09-30
920871,派特尔,84857241,47035209,2022-07-22,橡胶和塑料制品业,广东省,2026-09-30
920873,中设咨询,153387002,119806395,2021-11-15,专业技术服务业,重庆市,2026-09-30
920876,慧为智能,64180659,39248249,2022-11-09,计算机、通信和其他电子设备制造业,广东省,2026-09-30
920879,基康技术,200868814,147673821,2022-12-20,仪器仪表制造业,北京市,2026-09-30
920885,星辰科技,170819900,87954176,2021-07-08,仪器仪表制造业,广西壮族自治区,2026-09-30
920892,广咨国际,170351353,150852545,2021-10-28,专业技术服务业,广东省,2026-09-30
920895,花溪科技,56524000,28736900,2023-04-06,专用设备制造业,河南省,2026-09-30
920896,旺成科技,101224240,44401810,2023-04-19,通用设备制造业,重庆市,2026-09-30
920906,舜宇精工,64970000,33355723,2023-02-22,汽车制造业,浙江省,2026-09-30
920914,远航精密,99683000,99604250,2022-11-11,计算机、通信和其他电子设备制造业,江苏省,2026-09-30
920924,广脉科技,107296500,65372141,2021-11-03,软件和信息技术服务业,浙江省,2026-09-30
920925,锦好医疗,98580643,55629654,2021-10-25,专用设备制造业,广东省,2026-09-30
920926,鸿智科技,88361737,80182379,2023-08-08,电气机械和器材制造业,广东省,2026-09-30
920931,无锡鼎邦,93930000,28775800,2024-04-08,专用设备制造业,江苏省,2026-09-30
920932,科达自控,105350350,87062025,2021-11-15,软件和信息技术服务业,山西省,2026-09-30
920942,恒立钻具,61164600,41415014,2022-12-08,专用设备制造业,湖北省,2026-09-30
920943,优机股份,101521378,51807833,2022-06-24,通用设备制造业,四川省,2026-09-30
920946,森萱医药,426918340,426787090,2020-07-27,医药制造业,江苏省,2026-09-30
920950,迅安科技,73320000,35720100,2023-01-11,专用设备制造业,江苏省,2026-09-30
920953,国子软件,128115990,59885753,2023-08-23,软件和信息技术服务业,山东省,2026-09-30
920957,汉维科技,107301334,42704734,2022-12-14,化学原料和化学制品制造业,广东省,2026-09-30
920961,创远信科,142840508,112277426,2020-07-27,仪器仪表制造业,上海市,2026-09-30
920964,润农节水,261208000,147697237,2020-07-27,土木工程建筑业,河北省,2026-09-30
920970,大禹生物,110800800,70071300,2022-05-18,食品制造业,山西省,2026-09-30
920971,天马新材,103968002,85702802,2022-09-27,计算机、通信和其他电子设备制造业,河南省,2026-09-30
920974,凯大催化,163800000,125474219,2023-03-08,化学原料和化学制品制造业,浙江省,2026-09-30
920976,视声智能,70953400,44119600,2023-09-01,计算机、通信和其他电子设备制造业,广东省,2026-09-30
920978,开特股份,180028468,100934948,2023-09-28,汽车制造业,湖北省,2026-09-30
920981,晶赛科技,76468000,38462697,2021-11-15,计算机、通信和其他电子设备制造业,安徽省,2026-09-30
920982,锦波生物,115065340,55465106,2023-07-20,医药制造业,山西省,2026-09-30
920985,海泰新能,309476200,219317859,2022-08-08,电气机械和器材制造业,河北省,2026-09-30
920992,中科美菱,96730934,49017283,2022-10-18,专用设备制造业,安徽省,2026-09-30
