公司代码,公司简称,上市日期,暂停上市日期
600001,邯郸钢铁,1998-01-22,2009-12-29
600002,齐鲁退市,1998-04-08,2006-04-24
600003,ST东北高,1999-08-10,2010-02-26
600005,武钢股份,1999-08-03,2017-02-14
600065,*ST联 谊,1997-05-23,2007-12-13
600068,葛洲坝,1997-05-26,2021-09-13
600069,退市银鸽,1997-04-30,2020-08-28
600070,*ST富润,1997-06-04,2025-04-30
600074,退市保千,1997-06-23,2020-06-03
600077,*ST宋都,1997-05-20,2023-07-25
600083,*ST博信,1997-06-06,2025-03-05
600086,退市金钰,1997-06-06,2021-03-18
600087,退市长油,1997-06-12,2014-06-05
600090,退市济堂,1997-06-16,2022-07-07
600091,退市明科,1997-07-04,2022-06-21
600092,*ST精 密,1997-06-26,2006-11-30
600093,退市易见,1997-06-26,2022-06-23
600102,莱钢股份,1997-08-28,2012-02-28
600112,*ST天成,1997-11-27,2024-08-15
600122,*ST宏图,1998-04-20,2023-06-26
600139,*ST西源,1998-02-25,2023-03-27
600145,退市新亿,1999-09-23,2022-04-28
600146,退市环球,1999-07-07,2022-06-30
600175,退市美都,1999-04-08,2020-08-17
600181,*ST云 大,1998-09-28,2007-06-01
600190,退市锦港,1998-05-19,2025-07-28
600190,退市锦港,1999-06-09,2025-07-28
600193,退市创兴,1999-05-27,2026-07-06
600200,退市苏吴,1999-04-01,2025-12-31
600205,S山东铝,1999-06-30,2007-04-30
600209,退市罗顿,1999-03-25,2022-06-22
600213,*ST亚星,1999-08-31,2024-10-17
600220,ST阳光,1999-09-27,2024-07-10
600225,退市卓朗,2000-01-27,2025-03-06
600240,退市华业,2000-06-28,2020-02-06
600242,退市中昌,2000-12-07,2023-06-29
600247,*ST成城,2000-11-23,2021-03-22
600253,天方药业,2000-12-27,2013-07-15
600260,*ST凯乐,2000-07-06,2023-02-15
600263,路桥建设,2000-07-25,2012-03-01
600270,外运发展,2000-12-28,2018-12-28
600275,退市昌鱼,2000-08-10,2022-06-22
600277,ST亿利,2000-07-25,2024-07-18
600286,*ST国 瓷,1999-12-09,2007-05-31
600290,*ST华仪,2000-11-06,2024-01-16
600291,退市西水,2000-07-31,2022-06-14
600296,S兰铝,2000-07-19,2007-04-30
600297,广汇汽车,2000-11-16,2024-08-28
600306,退市商城,2000-12-26,2024-06-26
600311,*ST荣华,2001-06-26,2023-03-27
600317,营口港,2002-01-31,2021-01-29
600321,正源股份,2001-05-24,2024-06-27
600355,*ST精伦,2002-06-13,2026-04-27
600357,承德钒钛,2002-09-06,2009-12-29
600385,退市金泰,2001-07-23,2022-07-07
600387,退市海越,2004-02-18,2025-07-11
600393,ST粤泰,2001-03-19,2023-07-18
600401,退市海润,2003-09-24,2019-07-15
600421,退市华嵘,2004-06-07,2026-06-26
600432,退市吉恩,2003-09-05,2018-07-13
600462,退市九有,2003-09-03,2025-07-21
600466,*ST蓝光,2001-02-12,2023-06-06
600472,包头铝业,2005-05-09,2007-12-26
600485,*ST信威,2003-08-07,2021-06-01
600532,退市未来,2002-10-31,2023-06-28
600553,太行水泥,2002-08-22,2011-02-18
600555,退市海创,1999-01-18,2022-07-14
600555,退市海创,2001-03-28,2022-07-14
600565,ST迪马,2002-07-23,2024-08-07
600591,*ST上航,2002-10-11,2010-01-25
600599,退市熊猫,2001-08-28,2026-06-26
600607,上实医药,1992-03-27,2010-02-12
600608,退市沪科,1992-03-27,2026-07-03
600614,退市鹏起,1992-07-28,2021-07-22
600614,退市鹏起,1992-08-28,2021-07-22
600625,PT水  仙,1993-01-06,2001-04-25
600625,PT水  仙,1994-11-10,2001-04-25
600627,上电股份,1993-01-18,2008-11-26
600631,百联股份,1993-02-19,2011-08-23
600632,华联商厦,1993-02-19,2004-11-18
600634,退市富控,1993-03-04,2021-07-22
600636,退市国化,1993-03-16,2026-06-29
600646,ST国  嘉,1993-05-04,2003-09-23
600647,退市同达,1993-05-04,2024-07-03
600652,退市游久,1990-12-19,2022-06-21
600656,退市博元,1990-12-19,2016-05-13
600659,*ST花 雕,1993-05-28,2006-03-23
600669,*ST鞍 成,1993-08-06,2004-09-15
600670,*ST斯 达,1993-08-09,2004-09-24
600672,*ST华 圣,1993-09-17,2005-08-05
600677,*ST航通,1993-09-28,2021-03-18
600680,*ST上普,1993-10-18,2019-05-24
600680,*ST上普,1994-10-20,2019-05-24
600687,退市刚泰,1993-11-08,2021-03-04
600695,退市绿庭,1993-11-22,2022-06-15
600695,退市绿庭,1993-12-15,2022-06-15
600696,退市岩石,1993-12-06,2026-06-29
600700,*ST数 码,1996-04-30,2005-09-20
600701,退市工新,1996-05-28,2021-05-06
600705,中航产融,1996-05-16,2025-05-27
600709,ST生  态,1996-06-18,2003-05-26
600723,首商股份,1996-07-16,2021-10-22
600747,退市大控,1996-09-16,2019-12-13
600752,*ST哈 慈,1996-09-25,2005-09-22
600762,*ST金 荔,1996-10-25,2007-11-20
600766,退市园城,1996-10-28,2024-07-03
600767,退市运盛,1996-11-15,2023-06-29
600772,*ST龙 昌,1996-11-04,2006-11-30
600781,退市辅仁,1996-12-18,2023-06-28
600786,东锅退市,1996-12-27,2008-03-24
600788,*ST达 曼,1996-12-30,2005-03-25
600799,*ST龙 科,1997-04-16,2006-01-04
600804,退市鹏博,1994-01-03,2025-07-03
600806,退市昆机,1994-01-03,2018-07-13
600811,*ST东方,1994-01-06,2025-04-30
600813,ST鞍一工,1994-01-14,2002-09-16
600823,*ST世茂,1994-02-04,2024-06-14
600832,东方明珠,1994-02-24,2015-05-20
600836,*ST易连,1994-02-24,2024-07-11
600837,海通证券,1994-02-24,2025-03-04
600840,新湖创业,1994-03-11,2009-08-27
600842,中西药业,1994-03-11,2010-02-12
600852,*ST中 川,1994-04-04,2005-09-16
600856,退市中天,1994-04-25,2022-06-22
600870,退市厦华,1995-02-28,2022-06-30
600878,*ST北 科,1995-10-13,2004-09-15
600890,退市中房,1996-03-18,2022-06-21
600891,退市秋林,1996-03-25,2021-05-12
600896,退市海医,1996-05-03,2022-07-25
600898,*ST美讯,1996-04-18,2025-02-10
600899,*ST信 联,1996-04-26,2005-09-21
600978,*ST宜生,2004-08-24,2021-03-22
600991,广汽长丰,2004-06-14,2012-03-20
601028,玉龙股份,2011-11-07,2025-05-27
601258,*ST庞大,2011-04-28,2023-06-30
601268,*ST二重,2010-02-02,2015-05-21
601299,中国北车,2009-12-29,2015-05-20
601558,退市锐电,2011-01-13,2020-07-03
601989,中国重工,2009-12-16,2025-09-05
603003,退市龙宇,2012-08-17,2025-07-03
603056,德邦股份,2018-01-16,2026-03-31
603133,退市碳元,2017-03-20,2024-07-03
603157,退市拉夏,2017-09-25,2022-05-24
603388,*ST元成,2017-03-24,2025-12-05
603555,ST贵人,2014-01-24,2024-03-29
603603,退市博天,2017-02-17,2024-04-25
603963,*ST大药,2017-09-22,2025-03-21
603996,退市中新,2015-12-22,2022-05-24
605081,退市太和,2021-02-09,2026-07-03
688086,退市紫晶,2020-02-26,2023-07-07
688287,退市观典,2022-05-25,2026-06-10
688555,退市泽达,2020-06-23,2023-07-07
900935,阳晨Ｂ股,1995-07-27,2016-12-16
900949,东电Ｂ股,1997-09-23,2013-11-07
900950,新城Ｂ股,1997-10-16,2015-11-23
900951,退市大化,1997-10-21,2020-08-28
900953,凯马Ｂ,1998-06-24,2024-07-05
900956,东贝Ｂ股,1999-07-15,2020-11-23
900957,*ST凌云B,2000-07-28,2025-07-04
