证券代码,证券简称,证券全称,公司简称,公司全称,上市日期
688001,华兴源创,苏州华兴源创科技,华兴源创,苏州华兴源创科技股份有限公司,2019-07-22
688002,睿创微纳,睿创微纳,睿创微纳,烟台睿创微纳技术股份有限公司,2019-07-22
688003,天准科技,天准科技,天准科技,苏州天准科技股份有限公司,2019-07-22
688004,博汇科技,北京博汇科技,博汇科技,北京市博汇科技股份有限公司,2020-06-12
688005,容百科技,容百科技,容百科技,宁波容百新能源科技股份有限公司,2019-07-22
688006,杭可科技,浙江杭可科技,杭可科技,浙江杭可科技股份有限公司,2019-07-22
688007,光峰科技,光峰科技,光峰科技,深圳光峰科技股份有限公司,2019-07-22
688008,澜起科技,澜起科技,澜起科技,澜起科技股份有限公司,2019-07-22
688009,中国通号,中国通号,中国通号,中国铁路通信信号股份有限公司,2019-07-22
688010,福光股份,福光股份,福光股份,福建福光股份有限公司,2019-07-22
688011,新光光电,新光光电科技股份,新光光电,哈尔滨新光光电科技股份有限公司,2019-07-22
688012,中微公司,中微半导体设备,中微公司,中微半导体设备(上海)股份有限公司,2019-07-22
688013,天臣医疗,天臣国际医疗科技,天臣医疗,天臣国际医疗科技股份有限公司,2020-09-28
688015,交控科技,交控科技,交控科技,交控科技股份有限公司,2019-07-22
688016,心脉医疗,心脉医疗,心脉医疗,上海微创心脉医疗科技(集团)股份有限公司,2019-07-22
688017,绿的谐波,绿的谐波,绿的谐波,苏州绿的谐波传动科技股份有限公司,2020-08-28
688018,乐鑫科技,乐鑫科技,乐鑫科技,乐鑫信息科技(上海)股份有限公司,2019-07-22
688019,安集科技,安集科技,安集科技,安集微电子科技(上海)股份有限公司,2019-07-22
688020,方邦股份,方邦股份,方邦股份,广州方邦电子股份有限公司,2019-07-22
688021,奥福科技,奥福科技,奥福科技,山东奥福环保科技股份有限公司,2019-11-06
688022,ST瀚川,ST瀚川智能,ST瀚川,苏州瀚川智能科技股份有限公司,2019-07-22
688023,安恒信息,安恒信息,安恒信息,杭州安恒信息技术股份有限公司,2019-11-05
688025,杰普特,杰普特光电,杰普特,深圳市杰普特光电股份有限公司,2019-10-31
688026,洁特生物,洁特生物股份,洁特生物,广州洁特生物过滤股份有限公司,2020-01-22
688027,国盾量子,科大国盾量子,国盾量子,科大国盾量子技术股份有限公司,2020-07-09
688028,沃尔德,沃尔德金刚石,沃尔德,北京沃尔德金刚石工具股份有限公司,2019-07-22
688029,南微医学,南微医学科技,南微医学,南微医学科技股份有限公司,2019-07-22
688030,山石网科,山石网科,山石网科,山石网科通信技术股份有限公司,2019-09-30
688031,星环科技,星环科技,星环科技,星环信息科技(上海)股份有限公司,2022-10-18
688032,禾迈股份,禾迈股份,禾迈股份,杭州禾迈电力电子股份有限公司,2021-12-20
688033,*ST天宜,*ST天宜新材,*ST天宜,北京天宜上佳高新材料股份有限公司,2019-07-22
688035,德邦科技,德邦科技股份,XD德邦科,烟台德邦科技股份有限公司,2022-09-19
688036,传音控股,传音控股,传音控股,深圳传音控股股份有限公司,2019-09-30
688037,芯源微,芯源微电子,芯源微,沈阳芯源微电子设备股份有限公司,2019-12-16
688038,中科通达,武汉中科通达,中科通达,武汉中科通达高新技术股份有限公司,2021-07-13
688039,当虹科技,当虹科技,当虹科技,杭州当虹科技股份有限公司,2019-12-11
688041,海光信息,海光信息,海光信息,海光信息技术股份有限公司,2022-08-12
688045,必易微,必易微电子,必易微,深圳市必易微电子股份有限公司,2022-05-26
688046,药康生物,药康生物,药康生物,江苏集萃药康生物科技股份有限公司,2022-04-25
688047,龙芯中科,龙芯中科,龙芯中科,龙芯中科技术股份有限公司,2022-06-24
688048,长光华芯,长光华芯,长光华芯,苏州长光华芯光电技术股份有限公司,2022-04-01
688049,炬芯科技,炬芯科技,炬芯科技,炬芯科技股份有限公司,2021-11-29
688050,爱博医疗,爱博诺德医疗,爱博医疗,爱博诺德(北京)医疗科技股份有限公司,2020-07-29
688051,佳华科技,罗克佳华科技,佳华科技,罗克佳华科技集团股份有限公司,2020-03-20
688052,纳芯微,纳芯微电子,纳芯微,苏州纳芯微电子股份有限公司,2022-04-22
688053,ST思科瑞,ST思科瑞微电子,ST思科瑞,成都思科瑞微电子股份有限公司,2022-07-08
688055,龙腾光电,昆山龙腾光电,龙腾光电,昆山龙腾光电股份有限公司,2020-08-17
688056,莱伯泰科,莱伯泰科仪器,莱伯泰科,北京莱伯泰科仪器股份有限公司,2020-09-02
688057,金达莱,金达莱环保,金达莱,江西金达莱环保股份有限公司,2020-11-11
688058,宝兰德,宝兰德软件,宝兰德,北京宝兰德软件股份有限公司,2019-11-01
688059,华锐精密,株洲华锐精密,华锐精密,株洲华锐精密工具股份有限公司,2021-02-08
688060,云涌科技,江苏云涌电子科技,云涌科技,江苏云涌电子科技股份有限公司,2020-07-10
688061,灿瑞科技,灿瑞科技,灿瑞科技,上海灿瑞科技股份有限公司,2022-10-18
688062,迈威生物,迈威生物,迈威生物,迈威(上海)生物科技股份有限公司,2022-01-18
688063,派能科技,派能科技,派能科技,上海派能能源科技股份有限公司,2020-12-30
688065,凯赛生物,凯赛生物,凯赛生物,上海凯赛生物技术股份有限公司,2020-08-12
688066,*ST航图,*ST航天宏图,*ST航图,航天宏图信息技术股份有限公司,2019-07-22
688067,爱威科技,爱威科技,爱威科技,爱威科技股份有限公司,2021-06-16
688068,热景生物,热景生物,热景生物,北京热景生物技术股份有限公司,2019-09-30
688069,德林海,德林海环保,德林海,无锡德林海环保科技股份有限公司,2020-07-22
688070,纵横股份,成都纵横,纵横股份,成都纵横自动化技术股份有限公司,2021-02-10
688071,华依科技,华依科技集团,华依科技,上海华依科技集团股份有限公司,2021-07-29
688072,拓荆科技,拓荆科技,拓荆科技,拓荆科技股份有限公司,2022-04-20
688073,毕得医药,毕得医药科技股份,毕得医药,上海毕得医药科技股份有限公司,2022-10-11
688075,安旭生物,安旭生物,安旭生物,杭州安旭生物科技股份有限公司,2021-11-18
688076,ST诺泰,ST诺泰生物,ST诺泰,江苏诺泰澳赛诺生物制药股份有限公司,2021-05-20
688077,大地熊,大地熊新材料,大地熊,安徽大地熊新材料股份有限公司,2020-07-22
688078,龙软科技,龙软科技,龙软科技,北京龙软科技股份有限公司,2019-12-30
688079,美迪凯,美迪凯股份,美迪凯,杭州美迪凯光电科技股份有限公司,2021-03-02
688080,映翰通,映翰通网络,映翰通,北京映翰通网络技术股份有限公司,2020-02-12
688081,兴图新科,兴图新科,兴图新科,武汉兴图新科电子股份有限公司,2020-01-06
688082,盛美上海,盛美上海半导体,盛美上海,盛美半导体设备(上海)股份有限公司,2021-11-18
688083,中望软件,中望软件,中望软件,广州中望龙腾软件股份有限公司,2021-03-11
688084,晶品特装,晶品特装,晶品特装,北京晶品特装科技股份有限公司,2022-12-08
688085,三友医疗,三友医疗,三友医疗,上海三友医疗器械股份有限公司,2020-04-09
688087,英科再生,英科再生,英科再生,英科再生资源股份有限公司,2021-07-09
688088,虹软科技,虹软科技,XD虹软科,虹软科技股份有限公司,2019-07-22
688089,ST嘉必优,ST嘉必优生物,ST嘉必优,嘉必优生物技术(武汉)股份有限公司,2019-12-19
688090,瑞松科技,瑞松科技,瑞松科技,广州瑞松智能科技股份有限公司,2020-02-17
688091,上海谊众,上海谊众药业,上海谊众,上海谊众药业股份有限公司,2021-09-09
688092,爱科科技,爱科科技股份,爱科科技,杭州爱科科技股份有限公司,2021-03-19
688093,世华科技,世华科技,世华科技,苏州世华新材料科技股份有限公司,2020-09-30
688095,福昕软件,福昕软件开发,福昕软件,福建福昕软件开发股份有限公司,2020-09-08
688096,京源环保,江苏京源环保,京源环保,江苏京源环保股份有限公司,2020-04-09
688097,博众精工,博众精工科技,博众精工,博众精工科技股份有限公司,2021-05-12
688098,申联生物,申联生物医药,申联生物,申联生物医药(上海)股份有限公司,2019-10-28
688099,晶晨股份,晶晨半导体,晶晨股份,晶晨半导体(上海)股份有限公司,2019-08-08
688100,威胜信息,威胜信息,威胜信息,威胜信息技术股份有限公司,2020-01-21
688101,三达膜,三达膜环境技术,三达膜,三达膜环境技术股份有限公司,2019-11-15
688102,斯瑞新材,陕西斯瑞新材股份,斯瑞新材,陕西斯瑞新材料股份有限公司,2022-03-16
688103,国力电子,国力电子,国力电子,昆山国力电子科技股份有限公司,2021-09-10
688105,诺唯赞,诺唯赞生物,诺唯赞,南京诺唯赞生物科技股份有限公司,2021-11-15
688106,金宏气体,金宏气体,金宏气体,金宏气体股份有限公司,2020-06-16
688107,安路科技,安路科技,安路科技,上海安路信息科技股份有限公司,2021-11-12
688108,赛诺医疗,赛诺医疗科学,赛诺医疗,赛诺医疗科学技术股份有限公司,2019-10-30
688109,品茗科技,品茗科技,品茗科技,品茗科技股份有限公司,2021-03-30
688110,东芯股份,东芯股份,东芯股份,东芯半导体股份有限公司,2021-12-10
688111,金山办公,金山办公,金山办公,北京金山办公软件股份有限公司,2019-11-18
688112,鼎阳科技,鼎阳科技,鼎阳科技,深圳市鼎阳科技股份有限公司,2021-12-01
688113,联测科技,联测科技,联测科技,江苏联测机电科技股份有限公司,2021-05-06
688114,华大智造,华大智造,华大智造,深圳华大智造科技股份有限公司,2022-09-09
688115,思林杰,思林杰科技,思林杰,广州思林杰科技股份有限公司,2022-03-14
688116,天奈科技,天奈科技,天奈科技,江苏天奈科技股份有限公司,2019-09-25
688117,圣诺生物,圣诺生物,圣诺生物,成都圣诺生物科技股份有限公司,2021-06-03
688118,普元信息,普元信息,普元信息,普元信息技术股份有限公司,2019-12-04
688119,中钢洛耐,中钢洛耐,中钢洛耐,中钢洛耐科技股份有限公司,2022-06-06
688120,华海清科,华海清科,华海清科,华海清科股份有限公司,2022-06-08
688121,*ST卓然,*ST卓然技术,*ST卓然,上海卓然工程技术股份有限公司,2021-09-06
688122,西部超导,西部超导,西部超导,西部超导材料科技股份有限公司,2019-07-22
688123,聚辰股份,聚辰半导体,聚辰股份,聚辰半导体股份有限公司,2019-12-23
688125,安达智能,安达智能,安达智能,广东安达智能装备股份有限公司,2022-04-15
688126,沪硅产业,上海硅产业集团,沪硅产业,上海硅产业集团股份有限公司,2020-04-20
688127,蓝特光学,蓝特光学,蓝特光学,浙江蓝特光学股份有限公司,2020-09-21
688128,中国电研,中国电器研究院,中国电研,中国电器科学研究院股份有限公司,2019-11-05
688129,东来技术,东来涂料技术股份,东来技术,东来涂料技术(上海)股份有限公司,2020-10-23
688130,晶华微,晶华微电子,晶华微,杭州晶华微电子股份有限公司,2022-07-29
688131,皓元医药,皓元医药,皓元医药,上海皓元医药股份有限公司,2021-06-08
688132,邦彦技术,邦彦技术股份,邦彦技术,邦彦技术股份有限公司,2022-09-23
688133,泰坦科技,泰坦股份,泰坦科技,上海泰坦科技股份有限公司,2020-10-30
688135,利扬芯片,利扬芯片,利扬芯片,广东利扬芯片测试股份有限公司,2020-11-11
688136,科兴制药,科兴生物制药,科兴制药,科兴生物制药股份有限公司,2020-12-14
688137,近岸蛋白,近岸蛋白,近岸蛋白,苏州近岸蛋白质科技股份有限公司,2022-09-29
688138,清溢光电,清溢光电,XD清溢光,深圳清溢光电股份有限公司,2019-11-20
688139,海尔生物,海尔生物,海尔生物,青岛海尔生物医疗股份有限公司,2019-10-25
688141,杰华特,杰华特微电子,杰华特,杰华特微电子股份有限公司,2022-12-23
688143,长盈通,长盈通光电,长盈通,武汉长盈通光电技术股份有限公司,2022-12-12
688146,中船特气,中船派瑞特气,中船特气,中船(邯郸)派瑞特种气体股份有限公司,2023-04-21
688147,微导纳米,微导纳米科技,微导纳米,江苏微导纳米科技股份有限公司,2022-12-23
688148,芳源股份,芳源股份,芳源股份,广东芳源新材料集团股份有限公司,2021-08-06
688150,莱特光电,莱特光电股份,莱特光电,陕西莱特光电材料股份有限公司,2022-03-18
688151,华强科技,华强科技,华强科技,湖北华强科技股份有限公司,2021-12-06
688152,麒麟信安,麒麟信安,麒麟信安,湖南麒麟信安科技股份有限公司,2022-10-28
688153,唯捷创芯,唯捷创芯,唯捷创芯,唯捷创芯(天津)电子技术股份有限公司,2022-04-12
688155,先惠技术,先惠技术,先惠技术,上海先惠自动化技术股份有限公司,2020-08-11
688156,路德科技,路德科技,路德科技,路德生物环保科技股份有限公司,2020-09-22
688157,松井股份,松井新材料,松井股份,松井新材料集团股份有限公司,2020-06-09
688158,优刻得,优刻得科技,优刻得,优刻得科技股份有限公司,2020-01-20
688159,有方科技,有方科技,有方科技,深圳市有方科技股份有限公司,2020-01-23
688160,步科股份,步科自动化,步科股份,上海步科自动化股份有限公司,2020-11-12
688161,威高骨科,威高骨科,威高骨科,山东威高骨科材料股份有限公司,2021-06-30
688162,巨一科技,巨一科技,巨一科技,安徽巨一科技股份有限公司,2021-11-10
688163,赛伦生物,赛伦生物,赛伦生物,上海赛伦生物技术股份有限公司,2022-03-11
688165,埃夫特,埃夫特智能,埃夫特,埃夫特智能机器人股份有限公司,2020-07-15
688166,博瑞医药,博瑞生物医药,博瑞医药,博瑞生物医药(苏州)股份有限公司,2019-11-08
688167,炬光科技,西安炬光科技,炬光科技,西安炬光科技股份有限公司,2021-12-24
688168,安博通,北京安博通,安博通,北京安博通科技股份有限公司,2019-09-06
688169,石头科技,石头科技,石头科技,北京石头世纪科技股份有限公司,2020-02-21
688170,德龙激光,德龙激光,德龙激光,苏州德龙激光股份有限公司,2022-04-29
688171,纬德信息,纬德信息,纬德信息,广东纬德信息科技股份有限公司,2022-01-27
688172,燕东微,燕东微电子股份,燕东微,北京燕东微电子股份有限公司,2022-12-16
688173,希荻微,希荻微电子,希荻微,希荻微电子集团股份有限公司,2022-01-21
688175,高凌信息,珠海高凌信息,高凌信息,珠海高凌信息科技股份有限公司,2022-03-15
688176,亚虹医药,亚虹医药科技,亚虹医药,江苏亚虹医药科技股份有限公司,2022-01-07
688177,百奥泰,百奥泰生物,百奥泰,百奥泰生物制药股份有限公司,2020-02-21
688178,万德斯,万德斯环保,万德斯,南京万德斯环保科技股份有限公司,2020-01-14
688179,阿拉丁,阿拉丁科技,阿拉丁,上海阿拉丁生化科技股份有限公司,2020-10-26
688180,君实生物,君实生物,君实生物,上海君实生物医药科技股份有限公司,2020-07-15
688181,八亿时空,八亿时空液晶股份,八亿时空,北京八亿时空液晶科技股份有限公司,2020-01-06
688182,灿勤科技,灿勤科技,灿勤科技,江苏灿勤科技股份有限公司,2021-11-16
688183,生益电子,生益电子,生益电子,生益电子股份有限公司,2021-02-25
688184,ST帕瓦,ST帕瓦股份,ST帕瓦,浙江帕瓦新能源股份有限公司,2022-09-19
688185,康希诺,康希诺生物,康希诺,康希诺生物股份公司,2020-08-13
688186,广大特材,张家港广大特材,广大特材,张家港广大特材股份有限公司,2020-02-11
688187,时代电气,时代电气,时代电气,株洲中车时代电气股份有限公司,2021-09-07
688188,柏楚电子,上海柏楚电子科技,柏楚电子,上海柏楚电子科技股份有限公司,2019-08-08
688189,ST南新,ST南新制药,ST南新,湖南南新制药股份有限公司,2020-03-26
688190,云路股份,云路先进材料股份,云路股份,青岛云路先进材料技术股份有限公司,2021-11-26
688191,智洋创新,智洋创新科技,智洋创新,智洋创新科技股份有限公司,2021-04-08
688192,迪哲医药,迪哲医药,迪哲医药,迪哲(江苏)医药股份有限公司,2021-12-10
688193,仁度生物,仁度生物,仁度生物,上海仁度生物科技股份有限公司,2022-03-30
688195,腾景科技,腾景科技,腾景科技,腾景科技股份有限公司,2021-03-26
688196,卓越新能,卓越新能,卓越新能,龙岩卓越新能源股份有限公司,2019-11-21
688197,首药控股,首药控股,首药控股,首药控股(北京)股份有限公司,2022-03-23
688198,佰仁医疗,佰仁医疗科技,佰仁医疗,北京佰仁医疗科技股份有限公司,2019-12-09
688199,久日新材,久日新材料,久日新材,天津久日新材料股份有限公司,2019-11-05
688200,华峰测控,华峰测控,华峰测控,北京华峰测控技术股份有限公司,2020-02-18
688201,ST信安,ST信安世纪,ST信安,北京信安世纪科技股份有限公司,2021-04-21
688202,美迪西,美迪西生物医药,美迪西,上海美迪西生物医药股份有限公司,2019-11-05
688203,海正生材,海正生物材料,海正生材,浙江海正生物材料股份有限公司,2022-08-16
688205,德科立,德科立光电子,德科立,无锡市德科立光电子技术股份有限公司,2022-08-09
688206,概伦电子,概伦电子,概伦电子,上海概伦电子股份有限公司,2021-12-28
688207,格灵深瞳,格灵深瞳,格灵深瞳,北京格灵深瞳信息技术股份有限公司,2022-03-17
688208,XD道通科,XD道通科技,道通科技,深圳市道通科技股份有限公司,2020-02-13
688209,英集芯,英集芯科技,英集芯,深圳英集芯科技股份有限公司,2022-04-19
688210,统联精密,泛海统联精密制造,统联精密,深圳市泛海统联精密制造股份有限公司,2021-12-27
688211,中科微至,中科微至,中科微至,中科微至科技股份有限公司,2021-10-26
688212,澳华内镜,澳华内镜,澳华内镜,上海澳华内镜股份有限公司,2021-11-15
688213,思特威,思特威电子科技,思特威,思特威(上海)电子科技股份有限公司,2022-05-20
688215,瑞晟智能,瑞晟智能科技,瑞晟智能,浙江瑞晟智能科技股份有限公司,2020-08-28
688216,气派科技,气派科技,气派科技,气派科技股份有限公司,2021-06-23
688217,睿昂基因,上海睿昂基因,睿昂基因,上海睿昂基因科技股份有限公司,2021-05-17
688218,江苏北人,江苏北人,江苏北人,江苏北人智能制造科技股份有限公司,2019-12-11
688219,会通股份,会通股份,会通股份,会通新材料股份有限公司,2020-11-18
688220,翱捷科技,翱捷科技,翱捷科技,翱捷科技股份有限公司,2022-01-14
688221,前沿生物,前沿生物,前沿生物,前沿生物药业(南京)股份有限公司,2020-10-28
688222,成都先导,成都先导,成都先导,成都先导药物开发股份有限公司,2020-04-16
688223,晶科能源,晶科能源,晶科能源,晶科能源股份有限公司,2022-01-26
688225,亚信安全,亚信安全,亚信安全,亚信安全科技股份有限公司,2022-02-09
688226,威腾电气,威腾电气集团股份,威腾电气,威腾电气集团股份有限公司,2021-07-07
688227,品高股份,品高股份,品高股份,广州市品高软件股份有限公司,2021-12-30
688228,开普云,开普云信息科技,开普云,开普云信息科技股份有限公司,2020-03-27
688229,博睿数据,博睿宏远数据,博睿数据,北京博睿宏远数据科技股份有限公司,2020-08-17
688230,芯导科技,芯导科技,芯导科技,上海芯导电子科技股份有限公司,2021-12-01
688231,隆达股份,隆达超合金股份,隆达股份,江苏隆达超合金股份有限公司,2022-07-22
688232,新点软件,国泰新点软件,新点软件,国泰新点软件股份有限公司,2021-11-17
688233,神工股份,神工半导体,神工股份,锦州神工半导体股份有限公司,2020-02-21
688234,天岳先进,天岳先进,天岳先进,山东天岳先进科技股份有限公司,2022-01-12
688235,百济神州,百济神州,百济神州,百济神州有限公司,2021-12-15
688236,春立医疗,春立正达医疗,春立医疗,北京市春立正达医疗器械股份有限公司,2021-12-30
688237,超卓航科,超卓航科,超卓航科,湖北超卓航空科技集团股份有限公司,2022-07-01
688238,和元生物,和元生物,和元生物,上海和元生物技术(集团)股份有限公司,2022-03-22
688239,航宇科技,贵州航宇科技,航宇科技,贵州航宇科技发展股份有限公司,2021-07-05
688244,永信至诚,永信至诚,永信至诚,永信至诚科技集团股份有限公司,2022-10-19
688246,嘉和美康,嘉和美康科技,嘉和美康,嘉和美康(北京)科技股份有限公司,2021-12-14
688247,宣泰医药,宣泰医药,宣泰医药,上海宣泰医药科技股份有限公司,2022-08-25
688248,南网科技,南方电网电力科技,南网科技,南方电网电力科技股份有限公司,2021-12-22
688249,晶合集成,晶合集成,晶合集成,合肥晶合集成电路股份有限公司,2023-05-05
688251,井松智能,井松智能科技,井松智能,合肥井松智能科技股份有限公司,2022-06-06
688252,天德钰,天德钰科技,天德钰,深圳天德钰科技股份有限公司,2022-09-27
688253,英诺特,英诺特生物股份,英诺特,北京英诺特生物技术股份有限公司,2022-07-28
688255,凯尔达,凯尔达机器人,凯尔达,杭州凯尔达焊接机器人股份有限公司,2021-10-25
688256,寒武纪,寒武纪科技,寒武纪,中科寒武纪科技股份有限公司,2020-07-20
688257,新锐股份,新锐股份,新锐股份,苏州新锐合金工具股份有限公司,2021-10-27
688258,卓易信息,江苏卓易信息科技,卓易信息,江苏卓易信息科技股份有限公司,2019-12-09
688259,创耀科技,创耀通信科技,创耀科技,创耀(苏州)通信科技股份有限公司,2022-01-12
688260,昀冢科技,昀冢科技,昀冢科技,苏州昀冢电子科技股份有限公司,2021-04-06
688261,东微半导,东微半导体,东微半导,苏州东微半导体股份有限公司,2022-02-10
688262,国芯科技,苏州国芯科技,国芯科技,苏州国芯科技股份有限公司,2022-01-06
688265,南模生物,南方模式生物,南模生物,上海南方模式生物科技股份有限公司,2021-12-28
688266,泽璟制药,泽璟制药,泽璟制药,苏州泽璟生物制药股份有限公司,2020-01-23
688267,中触媒,中触媒股份,中触媒,中触媒新材料股份有限公司,2022-02-16
688268,华特气体,广东华特气体,华特气体,广东华特气体股份有限公司,2019-12-26
688269,凯立新材,西安凯立新材,凯立新材,西安凯立新材料股份有限公司,2021-06-09
688270,ST臻镭,ST臻镭科技,ST臻镭,浙江臻镭科技股份有限公司,2022-01-27
688271,联影医疗,联影医疗,联影医疗,上海联影医疗科技股份有限公司,2022-08-22
688272,富吉瑞,富吉瑞光电,富吉瑞,北京富吉瑞光电科技股份有限公司,2021-10-18
688273,麦澜德,麦澜德医疗,麦澜德,南京麦澜德医疗科技股份有限公司,2022-08-11
688275,万润新能,万润新能源,万润新能,湖北万润新能源科技股份有限公司,2022-09-29
688276,百克生物,长春百克生物科技,百克生物,长春百克生物科技股份公司,2021-06-25
688277,天智航,天智航医疗,天智航,北京天智航医疗科技股份有限公司,2020-07-07
688278,特宝生物,特宝生物,特宝生物,厦门特宝生物工程股份有限公司,2020-01-17
688279,峰岹科技,峰岹科技,峰岹科技,峰岹科技(深圳)股份有限公司,2022-04-20
688280,精进电动,精进电动,精进电动,精进电动科技股份有限公司,2021-10-27
688281,华秦科技,华秦科技实业,华秦科技,陕西华秦科技实业股份有限公司,2022-03-07
688282,理工导航,理工导航,理工导航,北京理工导航控制科技股份有限公司,2022-03-18
688283,坤恒顺维,坤恒顺维,坤恒顺维,成都坤恒顺维科技股份有限公司,2022-02-15
688285,高铁电气,高铁电气,高铁电气,中铁高铁电气装备股份有限公司,2021-10-20
688286,敏芯股份,敏芯股份,敏芯股份,苏州敏芯微电子技术股份有限公司,2020-08-10
688288,鸿泉技术,鸿泉技术,鸿泉技术,杭州鸿泉物联网技术股份有限公司,2019-11-06
688289,圣湘生物,圣湘生物,圣湘生物,圣湘生物科技股份有限公司,2020-08-28
688290,景业智能,景业智能,景业智能,杭州景业智能科技股份有限公司,2022-04-29
688291,金橙子,金橙子科技,金橙子,北京金橙子科技股份有限公司,2022-10-26
688292,浩瀚深度,浩瀚深度信息技术,浩瀚深度,北京浩瀚深度信息技术股份有限公司,2022-08-18
688293,奥浦迈,奥浦迈生物,奥浦迈,上海奥浦迈生物科技股份有限公司,2022-09-02
688295,中复神鹰,中复神鹰碳纤维,中复神鹰,中复神鹰碳纤维股份有限公司,2022-04-06
688296,和达科技,和达科技,和达科技,浙江和达科技股份有限公司,2021-07-27
688297,中无人机,中航无人机,中无人机,中航(成都)无人机系统股份有限公司,2022-06-29
688298,东方生物,东方基因生物,东方生物,浙江东方基因生物制品股份有限公司,2020-02-05
688299,长阳科技,长阳科技,长阳科技,宁波长阳科技股份有限公司,2019-11-06
688300,联瑞新材,联瑞新材,联瑞新材,江苏联瑞新材料股份有限公司,2019-11-15
688301,奕瑞科技,奕瑞科技股份,奕瑞科技,奕瑞电子科技集团股份有限公司,2020-09-18
688302,海创药业,海创药业,海创药业,海创药业股份有限公司,2022-04-12
688303,大全能源,大全能源,大全能源,新疆大全新能源股份有限公司,2021-07-22
688305,科德数控,科德数控,科德数控,科德数控股份有限公司,2021-07-09
688306,均普智能,均普智能制造,均普智能,宁波均普智能制造股份有限公司,2022-03-22
688307,中润光学,中润光学,中润光学,嘉兴中润光学科技股份有限公司,2023-02-16
688308,欧科亿,欧科亿数控刀具,欧科亿,株洲欧科亿数控精密刀具股份有限公司,2020-12-10
688309,恒誉科技,恒誉科技,恒誉科技,山东恒誉科技集团股份有限公司,2020-07-14
688310,迈得医疗,迈得医疗,迈得医疗,迈得医疗工业设备股份有限公司,2019-12-03
688311,盟升电子,盟升电子,盟升电子,成都盟升电子技术股份有限公司,2020-07-31
688312,燕麦科技,燕麦科技,燕麦科技,深圳市燕麦科技股份有限公司,2020-06-08
688313,仕佳光子,仕佳光子,仕佳光子,河南仕佳光子科技股份有限公司,2020-08-12
688314,康拓医疗,康拓医疗,康拓医疗,西安康拓医疗技术股份有限公司,2021-05-18
688315,诺禾致源,诺禾致源科技,诺禾致源,北京诺禾致源科技股份有限公司,2021-04-13
688316,青云科技,青云科技,青云科技,青云科技集团股份有限公司,2021-03-16
688317,之江生物,上海之江生物,之江生物,上海之江生物科技股份有限公司,2021-01-18
688318,财富趋势,财富趋势,财富趋势,深圳市财富趋势科技股份有限公司,2020-04-27
688319,欧林生物,欧林生物,欧林生物,成都欧林生物科技股份有限公司,2021-06-08
688320,禾川科技,禾川科技,禾川科技,浙江禾川科技股份有限公司,2022-04-28
688321,微芯生物,微芯生物,微芯生物,深圳微芯生物科技股份有限公司,2019-08-12
688322,奥比中光,奥比中光,奥比中光,奥比中光科技集团股份有限公司,2022-07-07
688323,瑞华泰,瑞华泰薄膜科技,瑞华泰,深圳瑞华泰薄膜科技股份有限公司,2021-04-28
688325,赛微微电,赛微微电子,赛微微电,广东赛微微电子股份有限公司,2022-04-22
688326,经纬恒润,经纬恒润,经纬恒润,北京经纬恒润科技股份有限公司,2022-04-19
688327,云从科技,云从科技,云从科技,云从科技集团股份有限公司,2022-05-27
688328,深科达,深科达智能装备,深科达,深圳市深科达智能装备股份有限公司,2021-03-09
688329,艾隆科技,苏州艾隆科技,艾隆科技,苏州艾隆科技股份有限公司,2021-03-29
688330,宏力达,宏力达信息,宏力达,上海宏力达信息技术股份有限公司,2020-10-15
688331,荣昌生物,荣昌生物,荣昌生物,荣昌生物制药(烟台)股份有限公司,2022-03-31
688332,中科蓝讯,中科蓝讯,中科蓝讯,深圳市中科蓝讯科技股份有限公司,2022-07-15
688333,铂力特,西安铂力特,铂力特,西安铂力特增材技术股份有限公司,2019-07-22
688334,西高院,西高院,西高院,西安高压电器研究院股份有限公司,2023-06-19
688335,复洁科技,复洁科技,复洁科技,上海复洁科技股份有限公司,2020-08-17
688336,三生国健,三生国健,三生国健,三生国健药业(上海)股份有限公司,2020-07-22
688337,普源精电,普源精电,普源精电,普源精电科技股份有限公司,2022-04-08
688338,赛科希德,赛科希德,赛科希德,北京赛科希德科技股份有限公司,2020-08-06
688339,亿华通,亿华通科技,亿华通,北京亿华通科技股份有限公司,2020-08-10
688343,云天励飞,云天励飞股份,云天励飞,深圳云天励飞技术股份有限公司,2023-04-04
688345,博力威,博力威,博力威,广东博力威科技股份有限公司,2021-06-11
688347,华虹宏力,华虹宏力半导体,华虹宏力,华虹宏力半导体有限公司,2023-08-07
688348,昱能科技,昱能科技,昱能科技,昱能科技股份有限公司,2022-06-08
688349,三一重能,三一重能,三一重能,三一重能股份有限公司,2022-06-22
688350,富淼科技,富淼科技,富淼科技,江苏富淼科技股份有限公司,2021-01-28
688351,微电生理,微创电生理股份,微电生理,上海微创电生理医疗科技股份有限公司,2022-08-31
688352,颀中科技,颀中科技,颀中科技,合肥颀中科技股份有限公司,2023-04-20
688353,华盛锂电,华盛锂电,华盛锂电,江苏华盛锂电材料股份有限公司,2022-07-13
688355,明志科技,明志科技,明志科技,苏州明志科技股份有限公司,2021-05-12
688356,键凯科技,键凯科技,键凯科技,北京键凯科技股份有限公司,2020-08-26
688357,建龙微纳,建龙微纳,建龙微纳,洛阳建龙微纳新材料股份有限公司,2019-12-04
688358,祥生医疗,祥生医疗科技,祥生医疗,无锡祥生医疗科技股份有限公司,2019-12-03
688359,三孚新科,三孚新材料科技,三孚新科,广州三孚新材料科技股份有限公司,2021-05-21
688360,德马科技,德马科技,德马科技,德马科技集团股份有限公司,2020-06-02
688361,中科飞测,中科飞测,中科飞测,深圳中科飞测科技股份有限公司,2023-05-19
688362,甬矽电子,甬矽电子,甬矽电子,甬矽电子(宁波)股份有限公司,2022-11-16
688363,华熙生物,华熙生物,华熙生物,华熙生物科技股份有限公司,2019-11-06
688365,光云科技,光云科技,光云科技,杭州光云科技股份有限公司,2020-04-29
688366,昊海生科,昊海生物科技,昊海生科,上海昊海生物科技股份有限公司,2019-10-30
688367,工大高科,工大高科,工大高科,合肥工大高科信息科技股份有限公司,2021-06-28
688368,晶丰明源,晶丰明源半导体,晶丰明源,上海晶丰明源半导体股份有限公司,2019-10-14
688369,致远互联,致远互联,致远互联,北京致远互联软件股份有限公司,2019-10-31
688370,丛麟科技,丛麟环保科技,丛麟科技,上海丛麟环保科技股份有限公司,2022-08-25
688371,菲沃泰,菲沃泰纳米科技,菲沃泰,江苏菲沃泰纳米科技股份有限公司,2022-08-02
688372,伟测科技,伟测科技,伟测科技,上海伟测半导体科技股份有限公司,2022-10-26
688373,盟科药业,盟科药业,盟科药业,上海盟科药业股份有限公司,2022-08-05
688375,国博电子,国博电子,国博电子,南京国博电子股份有限公司,2022-07-22
688376,美埃科技,美埃科技,美埃科技,美埃(中国)环境科技股份有限公司,2022-11-18
688377,迪威尔,迪威尔高端制造,迪威尔,南京迪威尔高端制造股份有限公司,2020-07-08
688378,奥来德,奥来德光电,奥来德,吉林奥来德光电材料股份有限公司,2020-09-03
688379,华光新材,华光新材,华光新材,杭州华光焊接新材料股份有限公司,2020-08-19
688380,中微半导,中微半导,中微半导,中微半导体(深圳)股份有限公司,2022-08-05
688381,帝奥微,帝奥微电子,帝奥微,江苏帝奥微电子股份有限公司,2022-08-23
688382,益方生物,益方生物科技,益方生物,益方生物科技(上海)股份有限公司,2022-07-25
688383,新益昌,新益昌科技,新益昌,深圳新益昌科技股份有限公司,2021-04-28
688385,复旦微电,复旦微电,复旦微电,上海复旦微电子集团股份有限公司,2021-08-04
688386,泛亚微透,泛亚微透,泛亚微透,江苏泛亚微透科技股份有限公司,2020-10-16
688387,信科移动,中信科移动,信科移动,中信科移动通信技术股份有限公司,2022-09-26
688388,嘉元科技,嘉元科技,嘉元科技,广东嘉元科技股份有限公司,2019-07-22
688389,普门科技,深圳普门科技,普门科技,深圳普门科技股份有限公司,2019-11-05
688390,固德威,固德威电源,固德威,固德威技术股份有限公司,2020-09-04
688391,钜泉科技,钜泉科技,钜泉科技,钜泉光电科技(上海)股份有限公司,2022-09-13
688392,骄成超声,骄成超声波,骄成超声,上海骄成超声波技术股份有限公司,2022-09-27
688393,安必平,安必平医药,安必平,广州安必平医药科技股份有限公司,2020-08-20
688395,正弦电气,深圳正弦电气股份,正弦电气,深圳市正弦电气股份有限公司,2021-04-29
688396,华润微,华润微电子,华润微,华润微电子有限公司,2020-02-27
688398,赛特新材,赛特新材,赛特新材,福建赛特新材股份有限公司,2020-02-11
688399,硕世生物,硕世生物,硕世生物,江苏硕世生物科技股份有限公司,2019-12-05
688400,凌云光,凌云光技术,凌云光,凌云光技术股份有限公司,2022-07-06
688401,路维光电,路维光电,路维光电,深圳市路维光电股份有限公司,2022-08-17
688403,汇成股份,汇成股份,汇成股份,合肥新汇成微电子股份有限公司,2022-08-18
688408,中信博,中信博新能源,中信博,江苏中信博新能源科技股份有限公司,2020-08-28
688409,富创精密,富创精密,富创精密,沈阳富创精密设备股份有限公司,2022-10-10
688410,XD山外山,XD山外山血液净化,山外山,重庆山外山血液净化技术股份有限公司,2022-12-26
688411,海博思创,海博思创,海博思创,北京海博思创科技股份有限公司,2025-01-27
688416,恒烁股份,恒烁股份,恒烁股份,恒烁半导体(合肥)股份有限公司,2022-08-29
688418,震有科技,震有科技,震有科技,深圳震有科技股份有限公司,2020-07-22
688419,耐科装备,耐科装备,耐科装备,安徽耐科装备科技股份有限公司,2022-11-07
688420,美腾科技,天津美腾科技,美腾科技,天津美腾科技股份有限公司,2022-12-09
688425,铁建重工,铁建重工,铁建重工,中国铁建重工集团股份有限公司,2021-06-22
688426,康为世纪,康为世纪生物科技,康为世纪,江苏康为世纪生物科技股份有限公司,2022-10-25
688428,诺诚健华,诺诚健华,诺诚健华,诺诚健华医药有限公司,2022-09-21
688429,时创能源,时创能源,时创能源,常州时创能源股份有限公司,2023-06-29
688432,有研硅,有研硅,有研硅,有研半导体硅材料股份公司,2022-11-10
688433,华曙高科,华曙高科,华曙高科,湖南华曙高科技股份有限公司,2023-04-17
688435,英方软件,英方软件,英方软件,上海英方软件股份有限公司,2023-01-19
688439,振华风光,振华风光,振华风光,贵州振华风光半导体股份有限公司,2022-08-26
688443,智翔金泰,智翔金泰,智翔金泰,重庆智翔金泰生物制药股份有限公司,2023-06-20
688448,磁谷科技,南京磁谷科技,磁谷科技,南京磁谷科技股份有限公司,2022-09-21
688449,联芸科技,联芸科技,联芸科技,联芸科技(杭州)股份有限公司,2024-11-29
688450,光格科技,光格科技,光格科技,苏州光格科技股份有限公司,2023-07-24
688455,科捷智能,科捷智能,科捷智能,科捷智能科技股份有限公司,2022-09-15
688456,有研粉材,有研粉材,有研粉材,有研粉末新材料股份有限公司,2021-03-17
688458,美芯晟,美芯晟科技,美芯晟,美芯晟科技(北京)股份有限公司,2023-05-22
688459,哈铁科技,哈铁科技,哈铁科技,哈尔滨国铁科技集团股份有限公司,2022-10-12
688466,金科环境,金科环境,金科环境,金科环境股份有限公司,2020-05-08
688468,科美诊断,科美诊断,科美诊断,科美诊断技术股份有限公司,2021-04-09
688469,芯联集成,芯联集成,芯联集成,芯联集成电路制造股份有限公司,2023-05-10
688472,阿特斯,阿特斯阳光电力,阿特斯,阿特斯阳光电力集团股份有限公司,2023-06-09
688475,萤石网络,萤石网络,萤石网络,杭州萤石网络股份有限公司,2022-12-28
688478,晶升股份,晶升股份,晶升股份,南京晶升装备股份有限公司,2023-04-24
688479,友车科技,用友汽车信息科技,友车科技,用友汽车信息科技(上海)股份有限公司,2023-05-11
688480,赛恩斯,赛恩斯环保,赛恩斯,赛恩斯环保股份有限公司,2022-11-25
688484,南芯科技,南芯科技,南芯科技,上海南芯半导体科技股份有限公司,2023-04-07
688485,九州一轨,九州一轨环科,九州一轨,北京九州一轨环境科技股份有限公司,2023-01-18
688486,龙迅股份,龙迅股份,龙迅股份,龙迅半导体(合肥)股份有限公司,2023-02-21
688488,艾迪药业,艾迪药业,艾迪药业,江苏艾迪药业集团股份有限公司,2020-07-20
688489,三未信安,三未信安,三未信安,三未信安科技股份有限公司,2022-12-02
688496,*ST清越,*ST清越科技,*ST清越,苏州清越光电科技股份有限公司,2022-12-28
688498,源杰科技,源杰科技,源杰科技,陕西源杰半导体科技股份有限公司,2022-12-21
688499,利元亨,广东利元亨,利元亨,广东利元亨智能装备股份有限公司,2021-07-01
688500,慧辰股份,慧辰资讯股份公司,慧辰股份,北京慧辰资道资讯股份有限公司,2020-07-16
688501,青达环保,青岛达能环保,青达环保,青岛达能环保设备股份有限公司,2021-07-16
688502,茂莱光学,茂莱光学,茂莱光学,南京茂莱光学科技股份有限公司,2023-03-09
688503,聚和材料,聚和材料股份公司,聚和材料,常州聚和新材料股份有限公司,2022-12-09
688505,复旦张江,复旦张江股份,复旦张江,上海复旦张江生物医药股份有限公司,2020-06-19
688506,百利天恒,百利天恒药业,百利天恒,四川百利天恒药业股份有限公司,2023-01-06
688507,索辰科技,索辰科技,索辰科技,上海索辰信息科技股份有限公司,2023-04-18
688508,芯朋微,芯朋微电子,芯朋微,无锡芯朋微电子股份有限公司,2020-07-22
688509,正元地信,正元地信,正元地信,正元地理信息集团股份有限公司,2021-07-30
688510,航亚科技,航亚科技,航亚科技,无锡航亚科技股份有限公司,2020-12-16
688511,天微电子,天微电子,天微电子,四川天微电子股份有限公司,2021-07-30
688512,慧智微,慧智微电子,慧智微,广州慧智微电子股份有限公司,2023-05-16
688513,苑东生物,苑东生物,苑东生物,成都苑东生物制药股份有限公司,2020-09-02
688515,裕太微,裕太微电子,裕太微,裕太微电子股份有限公司,2023-02-10
688516,奥特维,奥特维科技,奥特维,无锡奥特维科技股份有限公司,2020-05-21
688517,金冠电气,金冠电气,金冠电气,金冠电气股份有限公司,2021-06-18
688518,联赢激光,联赢激光股份,联赢激光,深圳市联赢激光股份有限公司,2020-06-22
688519,南亚新材,南亚新材料,南亚新材,南亚新材料科技股份有限公司,2020-08-18
688520,神州细胞,神州细胞集团公司,神州细胞,北京神州细胞生物技术集团股份公司,2020-06-22
688521,芯原股份,芯原微电子,芯原股份,芯原微电子(上海)股份有限公司,2020-08-18
688522,纳睿雷达,纳睿雷达科技,纳睿雷达,广东纳睿雷达科技股份有限公司,2023-03-01
688523,航天环宇,航天环宇科技,航天环宇,湖南航天环宇通信科技股份有限公司,2023-06-02
688525,佰维存储,佰维存储,佰维存储,深圳佰维存储科技股份有限公司,2022-12-30
688526,科前生物,武汉科前生物,科前生物,武汉科前生物股份有限公司,2020-09-22
688528,秦川物联,秦川物联网,秦川物联,成都秦川物联网科技股份有限公司,2020-07-01
688529,豪森智能,豪森智能股份,豪森智能,大连豪森智能制造股份有限公司,2020-11-09
688530,欧莱新材,欧莱新材,欧莱新材,广东欧莱高新材料股份有限公司,2024-05-09
688531,日联科技,日联科技股份,日联科技,日联科技集团股份有限公司,2023-03-31
688533,上声电子,上声电子股份,上声电子,苏州上声电子股份有限公司,2021-04-19
688535,华海诚科,华海诚科新材料,华海诚科,江苏华海诚科新材料股份有限公司,2023-04-04
688536,思瑞浦,思瑞浦股份,思瑞浦,思瑞浦微电子科技(苏州)股份有限公司,2020-09-21
688538,和辉光电,和辉光电,和辉光电,上海和辉光电股份有限公司,2021-05-28
688539,高华科技,高华科技,高华科技,南京高华科技股份有限公司,2023-04-18
688543,国科军工,国科军工,国科军工,江西国科军工集团股份有限公司,2023-06-21
688545,兴福电子,兴福电子,兴福电子,湖北兴福电子材料股份有限公司,2025-01-22
688548,广钢气体,广钢气体股份,广钢气体,广州广钢气体能源股份有限公司,2023-08-15
688549,中巨芯,中巨芯科技,中巨芯,中巨芯科技股份有限公司,2023-09-08
688550,瑞联新材,瑞联新材料,瑞联新材,西安瑞联新材料股份有限公司,2020-09-02
688551,科威尔,科威尔股份,科威尔,科威尔技术股份有限公司,2020-09-10
688552,航天南湖,航天南湖,航天南湖,航天南湖电子信息技术股份有限公司,2023-05-18
688553,汇宇制药,汇宇制药,汇宇制药,四川汇宇制药股份有限公司,2021-10-26
688556,高测股份,高测科技股份,高测股份,青岛高测科技股份有限公司,2020-08-07
688557,兰剑智能,兰剑智能,兰剑智能,兰剑智能科技股份有限公司,2020-12-02
688558,国盛智科,国盛智科股份,国盛智科,南通国盛智能科技集团股份有限公司,2020-06-30
688559,海目星,海目星激光,海目星,海目星激光科技集团股份有限公司,2020-09-09
688560,明冠新材,明冠新材料,明冠新材,明冠新材料股份有限公司,2020-12-24
688561,奇安信,奇安信集团,奇安信,奇安信科技集团股份有限公司,2020-07-22
688562,航天软件,航天软件股份,航天软件,北京神舟航天软件技术股份有限公司,2023-05-24
688563,航材股份,航空材料股份,航材股份,北京航空材料研究院股份有限公司,2023-07-19
688565,力源科技,力源科技,力源科技,浙江海盐力源环保科技股份有限公司,2021-05-13
688566,吉贝尔,吉贝尔药业,吉贝尔,江苏吉贝尔药业股份有限公司,2020-05-18
688567,孚能科技,孚能科技,孚能科技,孚能科技(赣州)股份有限公司,2020-07-17
688568,中科星图,中科星图公司,中科星图,中科星图股份有限公司,2020-07-08
688569,铁科轨道,铁科轨道,铁科轨道,北京铁科首钢轨道技术股份有限公司,2020-08-31
688570,天玛智控,天玛智控,天玛智控,北京天玛智控科技股份有限公司,2023-06-05
688571,杭华股份,杭华油墨股份,杭华股份,杭华油墨股份有限公司,2020-12-11
688573,信宇人,信宇人,信宇人,深圳市信宇人科技股份有限公司,2023-08-17
688575,亚辉龙,亚辉龙生物,亚辉龙,深圳市亚辉龙生物科技股份有限公司,2021-05-17
688576,西山科技,西山科技,西山科技,重庆西山科技股份有限公司,2023-06-06
688577,浙海德曼,海德曼装备,浙海德曼,浙江海德曼智能装备股份有限公司,2020-09-16
688578,艾力斯,艾力斯医药科技,艾力斯,上海艾力斯医药科技股份有限公司,2020-12-02
688579,地纬智能,地纬智能,地纬智能,地纬智能科技股份有限公司,2020-07-17
688580,伟思医疗,伟思医疗,伟思医疗,南京伟思医疗科技股份有限公司,2020-07-21
688581,安杰思,安杰思医学,安杰思,杭州安杰思医学科技股份有限公司,2023-05-19
688582,芯动联科,芯动联科,芯动联科,安徽芯动联科微系统股份有限公司,2023-06-30
688583,思看科技,杭州思看科技,思看科技,思看科技(杭州)股份有限公司,2025-01-15
688584,上海合晶,上海合晶硅材料,上海合晶,上海合晶硅材料股份有限公司,2024-02-08
688585,上纬新材,上纬新材,上纬新材,上纬新材料科技股份有限公司,2020-09-28
688586,江航装备,江航飞机装备,江航装备,合肥江航飞机装备股份有限公司,2020-07-31
688588,凌志软件,凌志软件,凌志软件,苏州工业园区凌志软件股份有限公司,2020-05-11
688589,力合微,力合微电子,力合微,深圳市力合微电子股份有限公司,2020-07-22
688590,新致软件,新致软件,新致软件,上海新致软件股份有限公司,2020-12-07
688591,泰凌微,泰凌微,泰凌微,泰凌微电子(上海)股份有限公司,2023-08-25
688592,司南导航,司南导航,司南导航,上海司南导航技术股份有限公司,2023-08-16
688593,新相微,新相微,新相微,上海新相微电子股份有限公司,2023-06-01
688595,芯海科技,芯海科技,芯海科技,芯海科技(深圳)股份有限公司,2020-09-28
688596,正帆科技,正帆科技,正帆科技,上海正帆科技股份有限公司,2020-08-20
688597,煜邦电力,煜邦电力,煜邦电力,北京煜邦电力技术股份有限公司,2021-06-17
688598,金博股份,金博碳素股份,金博股份,湖南金博碳素股份有限公司,2020-05-18
688599,天合光能,天合光能,天合光能,天合光能股份有限公司,2020-06-10
688600,皖仪科技,皖仪科技,皖仪科技,安徽皖仪科技股份有限公司,2020-07-03
688601,力芯微,力芯微股份,力芯微,无锡力芯微电子股份有限公司,2021-06-28
688602,康鹏科技,康鹏科技,康鹏科技,上海康鹏科技股份有限公司,2023-07-20
688603,天承科技,天承科技,天承科技,上海天承科技股份有限公司,2023-07-10
688605,先锋精科,先锋精科,先锋精科,江苏先锋精密科技股份有限公司,2024-12-12
688606,奥泰生物,奥泰生物,奥泰生物,杭州奥泰生物技术股份有限公司,2021-03-25
688607,康众科技,康众数字医疗科技,康众科技,江苏康众数字医疗科技股份有限公司,2021-02-01
688608,恒玄科技,恒玄科技,恒玄科技,恒玄科技(上海)股份有限公司,2020-12-16
688609,九联科技,广东九联科技,九联科技,广东九联科技股份有限公司,2021-03-23
688610,埃科光电,埃科光电,埃科光电,合肥埃科光电科技股份有限公司,2023-07-19
688611,杭州柯林,杭州柯林股份,杭州柯林,杭州柯林电气股份有限公司,2021-04-12
688612,威迈斯,威迈斯,威迈斯,深圳威迈斯新能源(集团)股份有限公司,2023-07-26
688613,奥精医疗,奥精医疗,奥精医疗,奥精医疗科技股份有限公司,2021-05-21
688615,合合信息,合合信息,合合信息,上海合合信息科技股份有限公司,2024-09-26
688616,西力科技,西力科技,西力科技,杭州西力智能科技股份有限公司,2021-03-18
688617,惠泰医疗,惠泰医疗,惠泰医疗,深圳惠泰医疗器械股份有限公司,2021-01-07
688618,三旺通信,三旺通信,三旺通信,深圳市三旺通信股份有限公司,2020-12-30
688619,罗普特,罗普特科技,罗普特,罗普特科技集团股份有限公司,2021-02-23
688620,安凯微,安凯微电子,安凯微,广州安凯微电子股份有限公司,2023-06-27
688621,阳光诺和,阳光诺和,阳光诺和,北京阳光诺和药物研究股份有限公司,2021-06-21
688622,*ST禾信,*ST禾信仪器,*ST禾信,广州禾信仪器股份有限公司,2021-09-13
688623,双元科技,双元科技,双元科技,浙江双元科技股份有限公司,2023-06-08
688625,呈和科技,呈和科技,呈和科技,呈和科技股份有限公司,2021-06-07
688626,翔宇医疗,翔宇医疗,翔宇医疗,河南翔宇医疗设备股份有限公司,2021-03-31
688627,精智达,精智达技术,精智达,深圳精智达技术股份有限公司,2023-07-18
688628,优利德,优利德科技,优利德,优利德科技(中国)股份有限公司,2021-02-01
688629,XD华丰科,XD四川华丰科技,华丰科技,四川华丰科技股份有限公司,2023-06-27
688630,芯碁微装,芯碁微装,芯碁微装,合肥芯碁微电子装备股份有限公司,2021-04-01
688631,莱斯信息,莱斯信息,莱斯信息,南京莱斯信息技术股份有限公司,2023-06-28
688633,星球石墨,星球石墨,星球石墨,南通星球石墨股份有限公司,2021-03-24
688635,长进光子,长进光子,长进光子,武汉长进光子技术股份有限公司,2026-05-27
688636,智明达,智明达电子,智明达,成都智明达电子股份有限公司,2021-04-08
688638,誉辰智能,誉辰智能,誉辰智能,深圳市誉辰智能装备股份有限公司,2023-07-12
688639,华恒生物,华恒生物,华恒生物,安徽华恒生物科技股份有限公司,2021-04-22
688646,逸飞激光,逸飞激光,逸飞激光,武汉逸飞激光股份有限公司,2023-07-28
688648,中邮科技,中邮科技,中邮科技,中邮科技股份有限公司,2023-11-13
688651,盛邦安全,远江盛邦安全,盛邦安全,远江盛邦安全科技集团股份有限公司,2023-07-26
688652,京仪装备,京仪装备,京仪装备,北京京仪自动化装备技术股份有限公司,2023-11-29
688653,康希通信,康希通信,康希通信,格兰康希通信科技(上海)股份有限公司,2023-11-17
688655,迅捷兴,迅捷兴科技,迅捷兴,深圳市迅捷兴科技股份有限公司,2021-05-11
688656,浩欧博,浩欧博生物,浩欧博,江苏浩欧博生物医药股份有限公司,2021-01-13
688657,浩辰软件,浩辰软件,浩辰软件,苏州浩辰软件股份有限公司,2023-10-10
688658,悦康药业,悦康药业,悦康药业,悦康药业集团股份有限公司,2020-12-24
688659,元琛科技,元琛科技,元琛科技,安徽元琛环保科技股份有限公司,2021-03-31
688660,电气风电,电气风电,电气风电,上海电气风电集团股份有限公司,2021-05-19
688661,和林微纳,和林微纳科技,和林微纳,苏州和林微纳科技股份有限公司,2021-03-29
688662,富信科技,广东富信科技,富信科技,广东富信科技股份有限公司,2021-04-01
688663,新风光,新风光科技,新风光,新风光电子科技股份有限公司,2021-04-13
688665,四方光电,四方光电股份,四方光电,四方光电股份有限公司,2021-02-09
688667,菱电电控,菱电电控,菱电电控,武汉菱电汽车电控系统股份有限公司,2021-03-12
688668,XD鼎通科,XD鼎通科技,鼎通科技,东莞市鼎通精密科技股份有限公司,2020-12-21
688669,聚石化学,聚石化学股份,聚石化学,广东聚石化学股份有限公司,2021-01-25
688670,金迪克,金迪克生物,金迪克,江苏金迪克生物技术股份有限公司,2021-08-02
688671,碧兴物联,碧兴物联,碧兴物联,碧兴物联科技(深圳)股份有限公司,2023-08-09
688676,金盘科技,海南金盘智能科技,金盘科技,海南金盘智能科技股份有限公司,2021-03-09
688677,海泰新光,青岛海泰新光,海泰新光,青岛海泰新光科技股份有限公司,2021-02-26
688678,福立旺,福立旺精密,福立旺,福立旺精密机电(中国)股份有限公司,2020-12-23
688679,通源环境,通源环境,通源环境,安徽省通源环境节能股份有限公司,2020-12-25
688680,海优新材,海优新材,海优新材,上海海优威新材料股份有限公司,2021-01-22
688681,科汇股份,科汇电力自动化,科汇股份,山东科汇电力自动化股份有限公司,2021-06-16
688682,霍莱沃,霍莱沃技术,霍莱沃,上海霍莱沃电子系统技术股份有限公司,2021-04-20
688683,莱尔科技,莱尔科技,莱尔科技,广东莱尔新材料科技股份有限公司,2021-04-12
688685,迈信林,迈信林航空股份,迈信林,江苏迈信林航空科技股份有限公司,2021-05-13
688686,奥普特,奥普特科技,奥普特,广东奥普特科技股份有限公司,2020-12-31
688687,凯因科技,北京凯因科技,凯因科技,北京凯因科技股份有限公司,2021-02-08
688689,银河微电,常州银河微电,银河微电,常州银河世纪微电子股份有限公司,2021-01-27
688690,纳微科技,纳微科技,纳微科技,苏州纳微科技股份有限公司,2021-06-23
688691,灿芯股份,灿芯半导体股份,灿芯股份,灿芯半导体(上海)股份有限公司,2024-04-11
688692,达梦数据,达梦数据,达梦数据,武汉达梦数据库股份有限公司,2024-06-12
688693,锴威特,锴威特,锴威特,苏州锴威特半导体股份有限公司,2023-08-18
688695,中创股份,中创股份,中创股份,山东中创软件商用中间件股份有限公司,2024-03-13
688696,极米科技,极米科技,极米科技,极米科技股份有限公司,2021-03-03
688697,纽威数控,纽威数控装备,纽威数控,纽威数控装备(苏州)股份有限公司,2021-09-17
688698,伟创电气,伟创电气,伟创电气,苏州伟创电气科技股份有限公司,2020-12-29
688699,XD明微电,XD明微电子,明微电子,深圳市明微电子股份有限公司,2020-12-18
688700,东威科技,东威科技,东威科技,昆山东威科技股份有限公司,2021-06-15
688701,卓锦股份,浙江卓锦股份,卓锦股份,浙江卓锦环保科技股份有限公司,2021-09-16
688702,盛科通信,盛科通信,盛科通信,苏州盛科通信股份有限公司,2023-09-14
688707,振华新材,振华新材料,振华新材,贵州振华新材料股份有限公司,2021-09-14
688708,佳驰科技,佳驰科技,佳驰科技,成都佳驰电子科技股份有限公司,2024-12-05
688709,成都华微,成都华微,成都华微,成都华微电子科技股份有限公司,2024-02-07
688710,益诺思,益诺思生物,益诺思,上海益诺思生物技术股份有限公司,2024-09-03
688711,宏微科技,江苏宏微科技,宏微科技,江苏宏微科技股份有限公司,2021-09-01
688712,北芯生命,北芯生命,北芯生命,深圳北芯生命科技股份有限公司,2026-02-05
688716,中研股份,中研股份,中研股份,吉林省中研高分子材料股份有限公司,2023-09-20
688717,艾罗能源,艾罗能源,艾罗能源,浙江艾罗网络能源技术股份有限公司,2024-01-03
688718,唯赛勃,唯赛勃科技,唯赛勃,上海唯赛勃新材料股份有限公司,2021-07-28
688719,爱科赛博,爱科赛博,爱科赛博,西安爱科赛博电气股份有限公司,2023-09-28
688720,艾森股份,艾森股份,艾森股份,江苏艾森半导体材料股份有限公司,2023-12-06
688721,龙图光罩,龙图光罩,龙图光罩,深圳市龙图光罩股份有限公司,2024-08-06
688722,同益中,同益中新材料,同益中,北京同益中新材料科技股份有限公司,2021-10-19
688726,拉普拉斯,拉普拉斯,拉普拉斯,拉普拉斯新能源科技股份有限公司,2024-10-29
688727,恒坤新材,恒坤新材,恒坤新材,厦门恒坤新材料科技股份有限公司,2025-11-18
688728,格科微,格科微有限公司,格科微,格科微有限公司,2021-08-18
688729,屹唐股份,屹唐半导体股份,屹唐股份,北京屹唐半导体科技股份有限公司,2025-07-08
688733,壹石通,壹石通,壹石通,安徽壹石通材料科技股份有限公司,2021-08-17
688737,中自科技,中自科技,中自科技,中自科技股份有限公司,2021-10-22
688739,成大生物,成大生物,成大生物,辽宁成大生物股份有限公司,2021-10-28
688750,金天钛业,湘投金天钛业,金天钛业,湖南湘投金天钛业科技股份有限公司,2024-11-20
688755,汉邦科技,汉邦科技,汉邦科技,江苏汉邦科技股份有限公司,2025-05-16
688757,胜科纳米,胜科纳米,胜科纳米,胜科纳米(苏州)股份有限公司,2025-03-25
688758,赛分科技,赛分科技,赛分科技,苏州赛分科技股份有限公司,2025-01-10
688759,必贝特,必贝特,必贝特,广州必贝特医药股份有限公司,2025-10-28
688765,禾元生物,武汉禾元生物,禾元生物,武汉禾元生物科技股份有限公司,2025-10-28
688766,普冉股份,普冉半导体,普冉股份,普冉半导体(上海)股份有限公司,2021-08-23
688767,博拓生物,杭州博拓生物科技,博拓生物,杭州博拓生物科技股份有限公司,2021-09-08
688768,容知日新,容知日新,容知日新,安徽容知日新科技股份有限公司,2021-07-26
688772,珠海冠宇,珠海冠宇电池,珠海冠宇,珠海冠宇电池股份有限公司,2021-10-15
688775,影石创新,影石创新,影石创新,影石创新科技股份有限公司,2025-06-11
688776,国光电气,国光电气,国光电气,成都国光电气股份有限公司,2021-08-31
688777,中控技术,中控技术,中控技术,中控技术股份有限公司,2020-11-24
688778,厦钨新能,厦钨新能源,厦钨新能,厦门厦钨新能源材料股份有限公司,2021-08-05
688779,五矿新能,五矿新能,五矿新能,五矿新能源材料(湖南)股份有限公司,2021-08-11
688781,视涯科技,视涯科技,视涯科技,视涯科技股份有限公司,2026-03-25
688783,西安奕材,西安奕材,西安奕材,西安奕斯伟材料科技股份有限公司,2025-10-28
688785,恒运昌,恒运昌股份,恒运昌,深圳市恒运昌真空技术股份有限公司,2026-01-28
688786,悦安新材,悦安新材,悦安新材,江西悦安新材料股份有限公司,2021-08-26
688787,海天瑞声,海天瑞声,海天瑞声,北京海天瑞声科技股份有限公司,2021-08-13
688788,科思科技,科思科技,科思科技,深圳市科思科技股份有限公司,2020-10-22
688789,宏华数科,杭州宏华数码科技,宏华数科,杭州宏华数码科技股份有限公司,2021-07-08
688790,昂瑞微,昂瑞微,昂瑞微,北京昂瑞微电子技术股份有限公司,2025-12-16
688793,倍轻松,倍轻松科技,倍轻松,深圳市倍轻松科技股份有限公司,2021-07-15
688795,摩尔线程,摩尔线程,摩尔线程,摩尔线程智能科技(北京)股份有限公司,2025-12-05
688796,百奥赛图,百奥赛图,百奥赛图,百奥赛图(北京)医药科技股份有限公司,2025-12-10
688797,臻宝科技,臻宝科技,臻宝科技,重庆臻宝科技股份有限公司,2026-06-24
688798,艾为电子,艾为电子,艾为电子,上海艾为电子技术股份有限公司,2021-08-16
688799,华纳药厂,华纳大药厂,华纳药厂,湖南华纳大药厂股份有限公司,2021-07-13
688800,瑞可达,瑞可达连接系统,瑞可达,苏州瑞可达连接系统股份有限公司,2021-07-22
688801,燧原科技,燧原科技,燧原科技,上海燧原科技股份有限公司,2026-09-11
688802,沐曦股份,沐曦股份,沐曦股份,沐曦集成电路(上海)股份有限公司,2025-12-17
688805,健信超导,健信超导,健信超导,宁波健信超导科技股份有限公司,2025-12-24
688806,泰诺麦博,泰诺麦博,泰诺麦博,珠海泰诺麦博制药股份有限公司,2026-07-21
688807,优迅股份,优迅芯片股份,优迅股份,厦门优迅芯片股份有限公司,2025-12-19
688808,联讯仪器,联讯仪器,XR联讯仪,苏州联讯仪器股份有限公司,2026-04-24
688809,强一股份,强一股份,强一股份,强一半导体(苏州)股份有限公司,2025-12-30
688811,有研复材,有研金属复材,有研复材,有研金属复合材料(北京)股份公司,2026-04-10
688813,泰金新能,泰金新能,泰金新能,西安泰金新能科技股份有限公司,2026-03-31
688816,易思维,易思维,易思维,易思维(杭州)科技股份有限公司,2026-02-11
688818,电科蓝天,中电科蓝天科技,电科蓝天,中电科蓝天科技股份有限公司,2026-02-10
688819,天能股份,天能电池集团股份,天能股份,天能电池集团股份有限公司,2021-01-18
688820,盛合晶微,盛合晶微,盛合晶微,盛合晶微半导体有限公司,2026-04-21
688825,长鑫科技,长鑫科技,长鑫科技,长鑫科技集团股份有限公司,2026-07-27
688826,频准激光,频准激光,频准激光,上海频准激光科技股份有限公司,2026-08-18
688828,国仪公司,国仪公司,国仪公司,国仪量子技术(合肥)股份有限公司,2026-08-11
688835,高凯技术,高凯技术,高凯技术,江苏高凯精密流体技术股份有限公司,2026-08-25
688836,宇树科技,宇树科技,宇树科技,宇树科技股份有限公司,2026-08-19
688837,信诺维,信诺维,信诺维,苏州信诺维医药科技股份有限公司,2026-09-16
688981,中芯国际,中芯国际,中芯国际,中芯国际集成电路制造有限公司,2020-07-16
689009,九号公司,九号公司,九号公司,九号有限公司,2020-10-29
