证券代码,证券简称,上市日期,终止上市日期
000003,PT金田Ａ,1991-01-14,2002-06-14
000004,国华退,1990-12-01,2026-07-14
000005,ST星源,1990-12-10,2024-04-26
000013,*ST石化A,1992-05-06,2004-09-20
000015,PT中浩Ａ,1992-06-25,2001-10-25
000018,神城A退,1992-06-16,2020-01-07
000023,*ST深天,1993-04-29,2024-09-02
000024,招商地产,1993-06-07,2015-12-30
000033,新都退,1994-01-03,2017-07-07
000038,大通退,1994-08-08,2023-07-12
000040,*ST旭蓝,1994-08-08,2025-04-30
000046,*ST泛海,1994-09-12,2024-02-07
000047,ST 中 侨,1994-10-21,2003-05-30
000150,*ST宜康,2000-08-07,2023-06-09
000405,ST 鑫 光,1996-06-20,2004-03-19
000406,大明退市,1996-06-28,2006-04-21
000412,ST 五 环,1996-07-15,2003-09-19
000413,ST旭电,1996-09-25,2024-10-11
000416,*ST民控,1996-07-19,2024-06-05
000418,小天鹅Ａ,1997-03-28,2019-06-21
000502,绿景退,1992-11-23,2022-06-27
000508,琼民源Ａ,1993-04-30,1999-07-12
000511,烯碳退,1993-05-18,2018-07-18
000515,攀渝钛业,1993-07-12,2009-05-06
000522,白云山Ａ,1993-11-08,2013-04-26
000527,美的电器,1993-11-12,2013-09-18
000535,*ST 猴王,1993-11-30,2005-09-21
000540,*ST中天,1994-02-02,2023-06-30
000542,TCL 通讯,1993-12-01,2004-01-13
000549,S 湘火炬,1993-12-20,2007-04-27
000556,PT 南 洋,1994-05-25,2002-06-03
000562,宏源证券,1994-02-02,2015-01-26
000569,长城股份,1994-04-25,2009-05-06
000578,盐湖集团,1995-03-03,2011-03-22
000583,*ST 托普,1995-11-01,2007-05-21
000584,工智退,1995-11-28,2025-07-11
000585,东电退,1995-12-13,2022-05-24
000587,*ST金洲,1996-04-25,2023-04-03
000588,PT粤金曼,1996-01-23,2001-06-16
000594,国恒退,1996-03-20,2015-07-13
000602,金马退市,1996-08-19,2013-08-14
000606,顺利退,1996-10-04,2023-07-06
000611,天首退,1996-10-08,2022-06-28
000613,东海A退,1997-01-28,2022-06-29
000616,*ST海投,1996-11-08,2023-08-23
000618,吉化退市,1996-10-15,2006-02-20
000621,*ST 比特,1996-11-05,2004-09-27
000622,恒立退,1996-11-07,2025-07-16
000627,*ST天茂,1996-11-12,2025-09-30
000638,*ST万方,1996-11-26,2026-06-03
000653,ST 九 州,1996-11-26,2002-09-13
000658,ST 海 洋,1996-12-18,2002-09-20
000660,*ST 南华,1996-12-09,2004-09-13
000662,天夏退,1996-12-16,2021-04-12
000666,经纬纺机,1996-12-10,2023-10-26
000667,ST美置,1996-12-05,2023-07-14
000671,ST阳光城,1996-12-18,2023-08-16
000673,当代退,1997-01-24,2022-07-04
000675,ST 银 山,1996-12-26,2002-08-20
000687,华讯退,1997-02-21,2022-06-17
000689,ST 宏 业,1996-12-31,2002-09-05
000693,华泽退,1997-02-26,2019-07-09
000699,*ST 佳纸,1997-03-10,2007-04-04
000730,*ST 环保,1997-05-22,2004-09-24
000732,ST泰禾,1997-07-04,2023-08-04
000748,长城信息,1997-07-04,2017-01-18
000760,斯太退,1997-06-27,2021-07-23
000763,锦化退市,1997-09-15,2006-01-04
000765,*ST 华信,1997-11-03,2005-07-04
000769,*ST 大菲,1997-05-30,2005-09-21
000780,ST平能,1997-06-06,2022-01-24
000787,*ST 创智,1997-06-26,2013-02-08
000805,*ST炎黄,1998-05-29,2013-03-27
000806,银河退,1998-04-16,2023-07-06
000817,辽油退市,1998-05-28,2006-01-04
000827,*ST 长兴,1998-10-16,2005-09-21
000832,*ST 龙涤,1998-08-25,2006-06-29
000835,长动退,1999-06-25,2022-05-23
000836,ST富通,1997-09-29,2024-08-12
000851,*ST高鸿,1998-06-09,2025-11-11
000861,海印股份,1998-10-28,2024-09-18
000866,扬子退市,1998-05-12,2006-04-21
000916,华北高速,1999-09-27,2017-12-25
000918,*ST嘉凯,1999-07-20,2023-07-28
000939,凯迪退,1999-09-23,2020-12-17
000956,中原退市,1999-11-10,2006-04-21
000961,ST中南,2000-03-01,2024-07-11
000971,*ST高升,2000-04-27,2024-07-24
000976,*ST华铁,2000-06-01,2024-08-27
000979,中弘退,2000-06-16,2018-12-28
000982,中银绒业,2000-07-06,2024-08-12
000996,中期退,2000-07-18,2024-06-28
002002,ST鸿达,2004-06-25,2024-03-18
002013,中航机电,2004-07-05,2023-03-17
002018,华信退,2004-07-13,2019-11-01
002070,众和退,2006-10-12,2019-07-09
002071,长城退,2006-10-12,2021-05-07
002087,新纺退,2006-11-30,2024-06-28
002089,新海退,2006-11-30,2024-04-18
002113,*ST天润,2007-02-08,2023-08-11
002118,*ST紫鑫,2007-03-02,2023-08-04
002143,印纪退,2007-07-20,2019-11-29
002147,新光退,2007-08-08,2022-06-23
002220,天宝退,2008-02-28,2020-08-11
002231,*ST奥维,2008-05-12,2026-03-27
002260,德奥退,2008-07-16,2022-06-17
002280,ST联络,2009-08-21,2024-08-16
002288,*ST超华,2009-09-03,2024-08-19
002308,*ST威创,2009-11-27,2024-09-27
002325,*ST洪涛,2009-12-22,2024-08-15
002336,人乐退,2010-01-13,2025-07-04
002341,ST新纶,2010-01-22,2024-08-23
002359,北讯退,2010-02-10,2021-07-23
002411,必康退,2010-05-25,2023-07-12
002417,深南退,2010-06-01,2023-07-10
002433,太安退,2010-06-18,2024-07-05
002435,ST长康,2010-06-18,2024-08-15
002447,晨鑫退,2010-07-13,2022-06-27
002450,康得退,2010-07-16,2021-05-31
002464,众应退,2010-08-31,2022-06-28
002473,圣莱退,2010-09-10,2022-06-22
002477,雏鹰退,2010-09-15,2019-10-16
002499,科林退,2010-11-09,2023-04-18
002502,ST鼎龙,2010-11-17,2024-09-05
002503,*ST搜特,2010-11-17,2023-08-11
002504,*ST弘高,2010-11-18,2023-08-21
002505,鹏都农牧,2010-11-18,2024-08-30
002509,天茂退,2010-11-23,2020-07-20
002604,龙力退,2011-07-28,2020-07-15
002610,ST爱康,2011-08-15,2024-08-12
002618,丹邦退,2011-09-20,2022-06-22
002619,*ST艾格,2011-09-29,2022-04-28
002621,*ST美吉,2011-09-29,2024-08-05
002665,ST航高,2012-03-27,2024-08-26
002680,长生退,2012-06-05,2019-11-27
002684,猛狮退,2012-06-12,2022-06-27
002699,*ST美盛,2012-09-11,2024-06-05
002711,欧浦退,2014-01-27,2021-07-15
002740,*ST爱迪,2015-01-22,2024-03-04
002750,龙津退,2015-03-24,2025-06-27
002751,易尚退,2015-04-24,2023-07-13
002770,科迪退,2015-06-30,2022-06-23
002776,*ST柏龙,2015-06-26,2024-01-25
002781,奇信退,2015-12-22,2023-07-05
002808,恒久退,2016-08-12,2026-07-14
002898,赛隆退,2017-09-12,2026-07-17
200002,万  科Ｂ,1993-05-28,2014-06-19
200003,PT金田Ｂ,1993-06-29,2002-06-14
200013,*ST石化B,1992-05-06,2004-09-20
200015,PT中浩Ｂ,1992-06-25,2001-10-25
200018,神城B退,1992-06-16,2020-01-07
200024,招商局Ｂ,1993-06-07,2015-12-11
200039,中  集Ｂ,1994-03-23,2012-12-14
200041,*ST本实B,1994-05-30,2009-12-04
200053,深基地Ｂ,1995-07-28,2018-06-15
200054,建车B,1995-07-25,2024-08-22
200057,*ST大洋B,1995-12-21,2005-09-21
200152,山航B退,2000-09-12,2023-07-10
200160,东沣B退,2000-09-29,2020-07-21
200168,*ST舜喆B,2000-10-27,2021-05-26
200413,ST东旭B,1996-07-08,2024-10-11
200418,小天鹅Ｂ,1996-07-18,2019-05-27
200513,丽  珠Ｂ,1993-07-20,2014-01-10
200613,东海B退,1996-10-08,2022-06-29
200770,武锅B退,1998-04-15,2015-07-13
200771,杭汽轮Ｂ,1998-04-28,2025-12-22
200986,粤华包Ｂ,2000-07-06,2021-07-21
300023,宝德退,2009-10-30,2022-06-29
300028,金亚退,2009-10-30,2020-08-03
300029,天龙退,2009-12-25,2026-07-10
300038,数知退,2010-01-08,2022-06-30
300064,金刚退,2010-03-26,2022-06-27
300089,文化退,2010-06-25,2023-07-13
300090,盛运退,2010-06-25,2020-08-25
300104,乐视退,2010-08-12,2020-07-21
300108,*ST吉药,2010-08-25,2025-05-29
300116,*ST保力,2010-09-02,2024-07-25
300117,*ST嘉寓,2010-09-02,2025-04-30
300156,神雾退,2011-01-07,2020-08-25
300178,腾邦退,2011-02-15,2022-06-22
300186,大华农,2011-03-08,2015-11-02
300202,聚龙退,2011-04-15,2022-07-04
300208,中程退,2011-04-26,2025-07-21
300216,千山退,2011-05-11,2020-09-16
300262,*ST巴安,2011-09-16,2024-08-19
300273,和佳退,2011-10-26,2023-07-06
300280,紫天退,2011-12-29,2025-10-14
300282,三盛退,2011-12-29,2024-07-18
300297,蓝盾退,2012-03-15,2023-07-31
300309,吉艾退,2012-04-10,2023-05-30
300312,邦讯退,2012-05-08,2022-07-04
300325,德威退,2012-06-01,2022-06-28
300330,计通退,2012-06-19,2023-05-24
300336,新文退,2012-07-10,2023-07-05
300344,立方退,2012-08-01,2026-04-22
300356,光一退,2012-10-09,2023-07-13
300362,天翔退,2014-01-21,2021-08-30
300367,网力退,2014-01-29,2022-06-30
300372,欣泰退,2014-01-27,2017-08-28
300379,东通退,2014-01-28,2026-01-22
300391,长药退,2014-08-01,2026-04-13
300392,腾信退,2014-09-10,2023-07-10
300431,暴风退,2015-03-24,2020-11-10
300495,*ST美尚,2015-12-22,2024-09-20
300526,中潜退,2016-08-02,2023-07-12
300630,普利退,2017-03-28,2025-05-22
300742,越博退,2018-05-08,2024-07-22
300799,左江退,2019-10-29,2024-07-29
